:020000040800F2
:10000000C00400206501000869120008190C0008EE
:1000100067120008BD010008C118000800000000B8
:10002000000000000000000000000000E5120008D1
:1000300053040008000000006B120008E5140008DB
:100040007F0100087F0100087F0100087F01000890
:100050007F0100087F0100087F0100087F01000880
:100060007F0100087F0100087F0100087F01000870
:100070007F0100087F0100087F0100087F01000860
:100080007F0100087F0100087F0100087F01000850
:100090007F0100087F0100087F0100087F01000840
:1000A0007F010008451500087F0100087F01000856
:1000B0008D150008D51500087F0100087F01000894
:1000C0007F0100087F0100087F0100087F01000810
:1000D0007F0100087F0100087F0100087F01000800
:1000E0007F0100087F0100087F0100080000000078
:1000F0000000000000000000000000000000000000
:1001000000000000000000007F0100087F010008DF
:100110007F0100087F0100087F0100087F010008BF
:100120007F0100087F0100087F0100087F010008AF
:100130007F0100087F0100087F0100087F0100089F
:100140007F0100087F0100087F0100087F0100088F
:10015000DFF80CD000F020F800480047DD19000857
:10016000C00400200648804706480047FEE7FEE737
:10017000FEE7FEE7FEE7FEE7FEE7FEE7FEE7FEE757
:10018000E914000851010008421C10F8011B002965
:10019000FBD1801A70470000064C074D06E0E0686E
:1001A00040F0010394E8070098471034AC42F6D3BE
:1001B000FFF7D2FF80DC0308A0DC0308FEE70000A5
:1001C000044B01228240186809B1104300E09043BB
:1001D000186070470074004000B5012185B04807E1
:1001E00001F050F80121052001F064F82020ADF85D
:1001F000100018208DF8130003208DF8120004A9B8
:100200000C4800F0FBF900F023F80C2000900020CF
:100210000190022003906946102000F025F801218A
:100220001020FFF7CDFF0121102000F031F805B0BC
:1002300000BD000000080140044B9A148240186879
:1002400009B1104300E0904318607047007400400B
:1002500010B501214C07204601F020F82046BDE8EA
:100260001040002101F01AB830B5084C236840F660
:10027000FE7282409343D1E900252A43D1E902511D
:100280000D432A4382401A43226030BD007400406F
:100290000209054B012090400029196801D0014353
:1002A00000E0814319607047047400400029016830
:1002B00002D041F0010102E04FF6FE7211400160F0
:1002C0007047000010B58CB00121022000F0CEFF75
:1002D000154C204600F02EF814482022002100681A
:1002E0000090134801901020CDE902028020CDE952
:1002F0000410400006908000CDE90702C000CDE95F
:1003000009016946204600F087F801212046FFF7E1
:10031000CDFF01211020FFF753FF01211020FFF72F
:100320008BFF0CB010BD0000440402400000002010
:100330003000002001684FF6FE721140016000217C
:10034000016041608160C1603149314A08399042A1
:1003500003D1486840F00F0006E02D4A1432904265
:1003600004D1486840F0F00048607047284A2832BD
:10037000904203D1486840F47060F5E7244A3C326B
:10038000904203D1486840F47040EDE7204A503273
:10039000904203D1486840F47020E5E71C4A64327B
:1003A000904203D1486840F47000DDE7184A783283
:1003B000904203D1486840F07060D5E7154A111F9C
:1003C000904203D1086840F00F0006E0114A143251
:1003D000904204D1086840F0F000086070470D4A70
:1003E0002832904203D1086840F47060F5E7094A6A
:1003F0003C32904203D1086840F47040EDE7054A72
:1004000050329042EAD1086840F47020E5E70000DD
:10041000080002400804024030B5026847F6F07355
:100420009A430C6A8B682343D1E904452C43234348
:100430008C692343CC6923434C6A23438C6A23434E
:1004400013430360CA6842600A6882604968C160F9
:1004500030BD704710B56FF0040001F037F8074960
:100460000878C008487000EB4002C2EBC0104FF69D
:10047000FF7202EAC000488010BD000008000020A2
:100480000849498848434FF0E021486100238B61C7
:10049000012008610869C20701D0C003FAD50B61C9
:1004A0008B617047080000202DE9FE431D4C1F257D
:1004B00080460095002122881423084600F020FC85
:1004C000009563882288A3F1140081B2002000F017
:1004D00017FC15484FF6FF75012605801027CDF84B
:1004E0000080CDE901761F232A460221002000F07A
:1004F0006FFB0EA0CDE90007029660881F2312381B
:1005000081B22A46002000F063FB00200090608842
:100510002288143883B21421002000F0F1FBBDE8DA
:10052000FE830000B000002020000020C4CFBABD30
:10053000204E55414120435320B0E6C8A8CBF9D303
:10054000D00000002DE9F84301213C2000F0B2FE6C
:100550009C20ADF8000003208DF80200DFF88C80AD
:1005600010268DF803606946404600F047F8802069
:10057000ADF8000069461E4800F040F84FF4C05046
:10058000ADF8000048248DF803406946404600F06D
:1005900035F87002ADF80000164F8DF8034069463B
:1005A000384600F02BF80125ADF800508DF80360B7
:1005B0006946384600F022F8ADF800508DF8034047
:1005C00069460D4800F01AF80421404600F06DF825
:1005D0000821404600F069F81021404600F065F817
:1005E0008021404600F061F8BDE8F8830014014026
:1005F000000C01400010014000080140F0B5CC782B
:10060000002204F00F03E40601D58C7823430C7814
:100610004FF00F0C14F0FF0F4FF0010E1BD00568C8
:100620000E880EFA02F42640A64210D196000CFA6B
:1006300006F725EA070703FA06F5CE783D43282E8C
:1006400002D0482E02D002E0446100E00461521C56
:10065000082AE5D305600A88FF2A1CD944680022CD
:1006600002F108060EFA06F50E882E40AE420ED1B3
:1006700096000CFA06F7BC4303FA06F7CE783C4323
:10068000282E00D14561CE78482E00D10561521C3C
:10069000082AE5D34460F0BD0246002092680A4271
:1006A00000D0012070474161704701617047000030
:1006B0002DE9FF4F82B005468346B0209246894619
:1006C0004FF00008019030490F9A08EB081011F81C
:1006D0001030127893423CD101EB400000904178F9
:1006E0000F984078814234D109F10F0083B205F1AF
:1006F0000F0082B24946284600F0C8FC0026009848
:1007000000248719109890B120498020E040A1F87A
:1007100000A0B978014203D04946284600F0C8FA43
:100720006D1CADB2A5EB0B00102827D009E0B978FD
:100730008020E040014201D0504600E0059800F0E2
:1007400057FD641CE4B2082CDCD3761CF6B2202ED4
:10075000D5D308F1010001991FFA80F88845B2D37A
:100760000B494888401E83B2088806B0401EBDE889
:10077000F04F82B20021084600F088BC09F1010068
:100780005D461FFA80F9E0E73E9E03082000002046
:10079000B00000202DE9FF4F82B0054683460F20B0
:1007A0000190002092468946804600EB800101EBD3
:1007B00048102F490F9A11F81030127893423CD10B
:1007C00001EB4000009041780F984078814234D18D
:1007D00009F1170083B205F1170082B24946284695
:1007E00000F054FC0026009800248719109890B15E
:1007F00020498020E040A1F800A0B978014203D050
:100800004946284600F054FA6D1CADB2A5EB0B002A
:10081000182827D009E0B9788020E040014201D0B3
:10082000504600E0059800F0E3FC641CE4B2082C9C
:10083000DCD3761CF6B2482ED5D308F1010080B285
:10084000019980468842B0D30B494888401E83B244
:10085000088806B0401EBDE8F04F82B2002108466D
:1008600000F014BC09F101005D461FFA80F9E0E7D1
:100870009EB5030820000020B00000202DE9FF4FA6
:1008800082B0054683460420924689464FF0000810
:10089000019030490F9A08EB881011F81030127847
:1008A00093423CD101EB4000009041780F98407892
:1008B000814234D109F11F0083B205F11F0082B2D9
:1008C0004946284600F0E2FB0026009800248719DC
:1008D000109890B120498020E040A1F800A0B9789C
:1008E000014203D04946284600F0E2F96D1CADB242
:1008F000A5EB0B00202827D009E0B9788020E04044
:10090000014201D0504600E0059800F071FC641CE3
:10091000E4B2082CDCD3761CF6B2802ED5D308F1D5
:10092000010001991FFA80F88845B2D30B49488825
:10093000401E83B2088806B0401EBDE8F04F82B268
:100940000021084600F0A2BB09F101005D461FFA34
:1009500080F9E0E7F4B9030820000020B00000208F
:100960002DE9FF4F82B00546834605209246894611
:100970004FF000080190652108FB01F02F490F9A04
:1009800011F81030127893423CD101EB40000090F6
:1009900041780F984078814234D109F1270083B221
:1009A00005F1270082B24946284600F06FFB002679
:1009B000009800248719109890B121498020E040C8
:1009C000A1F800A0B978014203D04946284600F0BA
:1009D0006FF96D1CADB2A5EB0B00282827D009E0FC
:1009E000B9788020E040014201D0504600E00598EF
:1009F00000F0FEFB641CE4B2082CDCD3761CF6B2DB
:100A0000C82ED5D308F1010001991FFA80F8884556
:100A1000B1D30C494888401E83B2088806B0401EF6
:100A2000BDE8F04F82B20021084600F02FBB09F16B
:100A300001005D461FFA80F9E0E70000FCBB0308F7
:100A400020000020B00000202DE9FF4F82B00546B5
:100A500083460820924689464FF0000801903149AC
:100A60000F9A08EB082011F81030127893423DD10C
:100A700001EB4000009041780F984078814235D1D9
:100A800009F13F0083B205F13F0082B24946284692
:100A900000F0FCFA0026009800248719109890B105
:100AA00021498020E040A1F800A0B978014203D09C
:100AB0004946284600F0FCF86D1CADB2A5EB0B00D2
:100AC000402828D009E0B9788020E040014201D0D8
:100AD000504600E0059800F08BFB641CA4B2082C83
:100AE000DCD3761CB6B2B6F5007FD4D308F1010092
:100AF00001991FFA80F88845B1D30C494888401EF7
:100B000083B2088806B0401EBDE8F04F82B20021D3
:100B1000084600F0BBBA09F101005D461FFA80F9F2
:100B2000DFE70000EEBF030820000020B000002037
:100B300070B5154601F1970293B200F1EF0292B23F
:100B400000F0A4FA002448F6806605EB440115F88D
:100B50001400497840EA012000F04AFB641CB442CA
:100B6000F3DB06494888401E83B20888BDE8704020
:100B7000401E82B20021084600F088BAB000002072
:100B800070B5154601F1970293B200F1EF0292B2EF
:100B900000F07CFA00244FF4164605EB440115F8EA
:100BA0001400497840EA012000F022FB641CB442A2
:100BB000F3DB064841880088491E401EBDE87040AE
:100BC0008BB282B20021084600F060BAB00000206B
:100BD0002DE9FE4F0546DDE90C47984691468A46C9
:100BE00020460E9EFFF7D0FA0A4980B2404209889B
:100BF000CDE9004701EBC00000EBD07005EB5000E1
:100C000080B243464A465146029600F0D5FBBDE805
:100C1000FE8F0000B0000020FEE72DE9FE4F002609
:100C2000A2EB000882465F1A701E35468946B8F16D
:100C3000000F02DD4FF0010102E003D14FF000018F
:100C4000019102E0C8F100080190002F02DD4FF091
:100C5000010002E003D14FF00000009002E0C7F174
:100C6000000700904046B84501DD044600E03C46E0
:100C7000601C4FF0000B029015E01FFA89F11FFA7B
:100C80008AF000F015F846443D44A64202DD019981
:100C9000361B8A44A54202DD00992D1B89440BF1C5
:100CA00001001FFA80FB02998B45E6DDBDE8FE8F4F
:100CB00000B500F0BBF9034800885DF804EB00F0D4
:100CC00097BA000020000020F0B51C4615460E46DD
:100CD00007460B46FFF7A1FF3A462346314610462A
:100CE000FFF79BFF23462A4619463846FFF795FF34
:100CF0002A4623463146BDE8F0401046FFF78DBF37
:100D00002DE9F041141A641CA6B25C1A641C5B1E27
:100D1000521EA7B29BB292B2DDF8188000F0B6F96D
:100D200000250AE0002404E0404600F061FA641C5B
:100D3000A4B2B442F8D36D1CADB2BD42F2D30648A2
:100D400041880088491EBDE8F041401E8BB282B246
:100D50000021084600F09AB9B000002038B5012102
:100D6000792000F0A7FA4FF4EB54ADF800401020C2
:100D70008DF803000320194D8DF8020069462846BE
:100D8000FFF73CFC21462846FFF78FFC144D4FF43B
:100D90006044ADF8004069462846FFF72FFC214625
:100DA0002846FFF782FC0F4D4FF48044ADF8004019
:100DB00069462846FFF722FC21462846FFF775FCC6
:100DC000094D4FF6FF74ADF8004069462846FFF71D
:100DD00015FC21462846FFF768FC38BD001001408D
:100DE00000140140000C01400018014010B5FFF74D
:100DF000B5FFCF2000F012FA002000F0F9F9C12071
:100E000000F0F6F9302000F0F3F9ED2000F006FADA
:100E1000642000F0EDF9032000F0EAF9122000F060
:100E2000E7F9812000F0E4F9E82000F0F7F98520E7
:100E300000F0DEF9102000F0DBF97A2000F0D8F99C
:100E4000CB2000F0EBF9392000F0D2F92C2000F093
:100E5000CFF9002000F0CCF9342000F0C9F90220CD
:100E600000F0C6F9F72000F0D9F9202000F0C0F911
:100E7000EA2000F0D3F9002000F0BAF9002000F0D9
:100E8000B7F9C02000F0CAF91B2000F0B1F9C12069
:100E900000F0C4F9012000F0ABF9C52000F0BEF964
:100EA000302000F0A5F9302000F0A2F9C72000F0B2
:100EB000B5F9B72000F09CF9362000F0AFF94820D2
:100EC00000F096F93A2000F0A9F9552000F090F9C9
:100ED000B12000F0A3F9002000F08AF91A2000F0F8
:100EE00087F9B62000F09AF90A2000F081F9A220D3
:100EF00000F07EF9F22000F091F9002000F078F97E
:100F0000262000F08BF9012000F072F9E02000F0BB
:100F100085F90F2000F06CF92A2000F069F92820EB
:100F200000F066F9082000F063F90E2000F060F987
:100F3000082000F05DF9542000F05AF9A92000F0D3
:100F400057F9432000F054F90A2000F051F90F201E
:100F500000F04EF9002000F04BF9002000F048F9B5
:100F6000002000F045F9002000F042F9E12000F0F7
:100F700055F9002000F03CF9152000F039F9172050
:100F800000F036F9072000F033F9112000F030F9B5
:100F9000062000F02DF92B2000F02AF9562000F051
:100FA00027F93C2000F024F9052000F021F9102059
:100FB00000F01EF90F2000F01BF93F2000F018F997
:100FC0003F2000F015F90F2000F012F92B2000F05F
:100FD00025F9002000F00CF9002000F009F90120AB
:100FE00000F006F93F2000F003F92A2000F016F97E
:100FF000002000F0FDF8002000F0FAF8002000F0DA
:10100000F7F8EF2000F0F4F8112000F007F978204D
:10101000FFF736FA292000F001F900F023F8024921
:101020000120C1F8A80110BD0000224270B50C4E8D
:1010300005460C46708900F0F1F8280A00F0D8F84F
:10104000E8B200F0D5F8B08900F0E8F8200A00F026
:10105000CFF8E0B200F0CCF8BDE8704000F0F4B892
:10106000B000002008482C21018100218171F0216D
:1010700001804FF4A07141802A2141812B2181817F
:10108000C921362000F0E6B8B00000202DE9F0417B
:10109000DFF8508007461C4615460E46B8F80A0091
:1010A00000F0BCF8380A00F0A3F8F8B200F0A0F89D
:1010B000280A00F09DF8E8B200F09AF8B8F80C00A1
:1010C00000F0ACF8300A00F093F8F0B200F090F8BD
:1010D000200A00F08DF8E0B200F08AF8BDE8F04197
:1010E00000F0B2B8B00000202DE9FF4F81B091466A
:1010F0000EAA834692E83100203800F0FF080298DB
:101100009A4620443649401E83B20BEB54000988AE
:10111000401E009182B258460299FFF7B7FF4FF088
:1011200000067DBB2F4908EB480001EB800B01F264
:10113000744101EB081817E00C2C03D018F8065086
:1011400000270CE01BF80650FAE7E80701D04846F4
:1011500000E0504600F04CF86D087F1CFFB2B7EB82
:10116000540FF2D3761CF6B2A642E5D327E00C2C3E
:1011700009D01D4800EB08100025875D029800EBA0
:10118000060A15E019E0174808EB480100EB81005A
:10119000F2E71349F807A1F8009006D00BEB050021
:1011A0001FFA8AF180B2FFF783FD7F086D1CEDB254
:1011B000B5EB540FEDD3761CF6B2A642D7D308494F
:1011C0000098088009494888401E83B2088805B005
:1011D000401EBDE8F04F82B200210846FFF756BF1F
:1011E00020000020DA9303084E980308B000002086
:1011F000074A10B54FF400511160064940234B6176
:10120000054C20601802141D206010600B6110BD99
:1012100010140140001001400C180140074A10B59D
:101220004FF400511160064B40215961054C20607C
:1012300008021060121F1060196110BD14140140E3
:10124000001001400C18014001480089FFF7E6BF7B
:10125000B000002010B50C46FFF7E0FF2046BDE8C7
:101260001040FFF7C5BFFEE770477047044A0029EA
:10127000516901D0014300E0814351617047000092
:1012800000100240044A0029D16901D0014300E066
:101290008143D1617047000000100240044A0029D8
:1012A000116901D0014300E08143116170470000E2
:1012B00000100240044A0029916901D0014300E076
:1012C000814391617047000000100240044A0029E8
:1012D000D16801D0014300E08143D1607047000034
:1012E00000100240704700000CB500222E4800920A
:1012F0000192016841F4803101604FF4A0630168FC
:1013000001F4003101910099491C0091019911B932
:1013100000999942F3D10168890342D501210191D5
:1013200022490A6842F010020A600A6822F00302A9
:101330000A600A6842F002020A604168416041683E
:101340004160416841F480614160C16A184A1140BE
:10135000C162C16A174A1143C162016841F08061EC
:10136000016001680901FCD5416821F47C114160EC
:10137000416841F4E8114160016841F08071016009
:1013800001688901FCD5416821F003014160416891
:1013900041F0020141604168C1F381010229FAD1A3
:1013A0000CBD01920CBD0000001002400020024064
:1013B00000F0FEFF440601002DE9FF4F83B0884690
:1013C000DDE91054064682464FF00009DFF8F8B018
:1013D000129F21E0B9F1000F24D0BBF80010091BC7
:1013E000B1421CDBBBF80200011B414517DB4FF08B
:1013F0000009402C4AD0282C51D0202C58D0CDE9BF
:101400000057DDE90523182C4146304659D0FFF737
:101410004FF9301986B2AD1C28780028DAD107B010
:10142000BDE8F08FBBF80020A2EB5402B242F6DB1D
:10143000BBF802100A1B41464245F0DB802802D966
:101440004FF00109E8E70D280DD0102C12D910211A
:101450008DE88300DDE9052341463046FFF744FE71
:101460000836B6B210E008EB04001FFA80F85646C2
:101470006D1C09E08DE89100DDE905233046FFF79A
:1014800033FE06EB540086B26D1CC5E7CDE900576C
:10149000DDE9052341463046FFF7D6FAB9E7CDE945
:1014A0000057DDE9052341463046FFF759FAB0E71A
:1014B000CDE90057DDE9052341463046FFF7DEF967
:1014C000A7E7FFF767F9A4E7B00000204FF0E0219D
:1014D0000428086903D020F004000861704740F038
:1014E0000400FAE770470000124810B5016841F0A7
:1014F000010101604168104A1140416001680F4AD2
:1015000011400160016821F480210160416821F4EB
:10151000FE014160016821F0A05101604FF47F019C
:1015200081600021C162FFF7DFFE05494FF00060D6
:10153000086010BD001002400000FFF0FFFFF6FE43
:1015400008ED00E010B50E4C0121204600F056F9E0
:10155000002814D00121204600F060F809490878DD
:10156000401C0870C10708484FF0040103D0BDE8D3
:101570001040FFF798B8BDE81040FFF796B810BDCF
:10158000002C0140040000200014014010B501218E
:101590008C07204600F032F9002815D001212046A2
:1015A00000F03CF809484178491C41700078C107B7
:1015B00007484FF0080103D0BDE81040FFF773B8AB
:1015C000BDE81040FFF771B810BD00000400002016
:1015D0000014014010B50E4C0121204600F00EF918
:1015E000002814D00121204600F018F80949887815
:1015F000401C8870C10708484FF0100103D0BDE8B7
:101600001040FFF750B8BDE81040FFF74EB810BDCE
:10161000000400400400002000140140C94301827E
:1016200070470029018802D041F0010101E021F05A
:1016300001010180704700003EB5044601210220EF
:10164000FFF720FE0F4D284600F020F80E486946AF
:1016500000684009B0FBF4F0401EADF80400002023
:10166000ADF80000ADF80600ADF80200284600F025
:10167000D9F82021284600F0CDF801212846FFF7AF
:10168000D0FF3EBD000400400C0000204B4910B5C7
:10169000884202D10121C41486E0B0F1804F09D004
:1016A000474988420DD101210220FFF7F7FD0021B3
:1016B000022064E001210846FFF7F0FD002101202F
:1016C0005DE04049884206D101210420FFF7E6FD94
:1016D0000021042053E03C49884206D10121082022
:1016E000FFF7DCFD0021082049E03849884206D197
:1016F00001211020FFF7D2FD002110203FE03449E6
:10170000884206D101212020FFF7C8FD00212020BA
:1017100035E03049884202D10121441444E02E4989
:10172000884202D10121CC043EE02C49884202D1FA
:1017300001210C0538E02A49884202D101214C05DB
:1017400032E02849884206D101214020FFF7A6FD5A
:101750000021402013E02449884206D10121802045
:10176000FFF79CFD0021802009E0204988420AD132
:10177000841501212046FFF791FD00212046BDE898
:101780001040FFF78BBD1A49884202D101210C0499
:101790000AE01849884202D101214C0404E01649AC
:1017A00088420AD101218C042046FFF78FFD204694
:1017B000BDE810400021FFF789BD10BD002C01409D
:1017C0000004004000080040000C004000100040F1
:1017D0000014004000340140004C01400050014022
:1017E0000054014000180040001C00400020004050
:1017F00000400140004401400048014002460020F2
:10180000138A92890B4202EA010202D0002A00D018
:1018100001207047828822F07002828082880A4309
:101820008280704730B502881B4C1C4DA0420DD001
:10183000A8420BD0B0F1804F08D0194B984205D088
:10184000184B984202D0184B984203D122F07003F3
:101850004A881A43154B984206D0154B984203D03C
:1018600022F44073CA881A4302808A8882850A88D3
:101870000285A0420AD0A84208D00E4A904205D064
:101880000D4A904202D00D4A904201D1097A018658
:101890000121818230BD0000002C01400034014054
:1018A0000004004000080040000C00400010004010
:1018B0000014004000400140004401400048014045
:1018C000FEE700002DE9FE431CA0FEF7EDFD00251C
:1018D000102422A08DE831004FF6E07843464FF601
:1018E0001F0219212846FFF773F9182021A1CDE91D
:1018F0000010012600234FF4FC6202962D211E20C9
:10190000FFF75AFD1FA08DE831004FF6FF774FF427
:1019100078453B462A464C210020FFF759F920A084
:101920008DE8510000233A4664211846FFF750F92C
:101930002148A0F800804580BDE8FE83444143D3A0
:10194000A6D3C32DB6A8CAB1C6F7B4A5B7A2444D55
:1019500041B4ABCAE4CAB5D1E9000000C4CFBABDF6
:10196000204E5541415F434D335F313037204B4965
:1019700054000000C7B6C8EBCABDCFB5CDB3CAB5D9
:10198000D1E90000444143CAE4B3F6D5FDCFD2B259
:10199000A8D1DDD7E0B6ABB7BDBAECC0D6C7FA0068
:1019A0004B455931BCFCD7E0C0D6204B455932BC21
:1019B000FCCDA3D6B92100002000002002E008C819
:1019C000121F08C1002AFAD170477047002001E0B9
:1019D00001C1121F002AFBD1704700000024FFF74D
:1019E00083FDFEF737FDFEF7ADFDFEF7F5FBFFF7D4
:1019F000FDF9FFF767FF9D4F04213846FEF755FEBE
:101A000008213846FEF751FE10213846FEF74DFEFC
:101A100080213846FEF749FE9548964B002130F864
:101A2000112002EB024243F82120491CC9B22029AF
:101A3000F5D3FEF747FC40F20B20FFF7FDFDFEF764
:101A4000CBFB4FF4967845464046FEF719FD40F231
:101A50009320FFF7F1FD2846FEF712FD4FF4447086
:101A6000FFF7EAFD2846FEF70BFD40F21640FFF7B0
:101A7000E3FD2846FEF704FD00217F48FFF7D1FD76
:101A80007E4A81210020FFF753F8DFF8F4B14FF6CA
:101A9000E0705D46ABF8000040F21B13F0227D21A0
:101AA0000020FFF711F94FF48D73EE227E21012003
:101AB000FFF70AF94FF47840288040F21913ED221D
:101AC0007F210220FFF700F94FF48C73EC22802174
:101AD0000320FFF7F9F8654E4FF480590C364FF4A8
:101AE00000613846FEF7D8FD80B149463846FEF71A
:101AF000D3FDB0B34FF400516248FEF7CDFD88B37B
:101B000001216148FEF7C8FD68B337E001245F4A50
:101B100081210020FFF70CF84FF6E070ABF80000D1
:101B20005D4640F21B13F0227D210020FFF7CCF828
:101B30004FF48D73EE227E210120FFF7C5F84FF49C
:101B40007840288040F21913ED227F210220FFF710
:101B5000BBF84FF48C73EC2280210320FFF7B4F81C
:101B60000CE001E002E008E0022407E00324484A18
:101B700081210020FFF704F800E00424012C21D08B
:101B8000022C67D0032C46D0042CA8D1DFF804A186
:101B9000002549463846FEF77FFD88B33AF8150020
:101BA000FFF74AFD306880F0040030604046FEF7E1
:101BB00067FC08213846FEF778FD6D1CEDB2042D58
:101BC000E7D38CE7DFF8A8A000250AF1400A4946D0
:101BD0003846FEF761FD98B13AF81500FFF72CFD85
:101BE000306880F0040030604046FEF749FC082170
:101BF0003846FEF75AFD6D1CEDB2442DE7D36EE773
:101C0000FFE7022400211C48FFF70BFD04213846A2
:101C1000FEF74BFD63E7DFF858A000250AF1C80A7C
:101C200049463846FEF738FD0028EAD03AF8150054
:101C3000FFF702FD306880F0040030604046FEF798
:101C40001FFC08213846FEF730FD6D1CEDB2702DEB
:101C5000E6D344E700210848FFF7E3FC306880F052
:101C6000080030604046FEF70BFC38E700140140E6
:101C7000989103083000002000040040981C0008E0
:101C80002000002000100140000801409874020864
:101C9000984801084093030800F800F800F800F89D
:101CA00000F800F800F800F800F800F800F800F874
:101CB00000F800F800F800F800F800F800F800F864
:101CC00000F800F800F800F800F800F800F800F854
:101CD00000F8E0FF00F800F800F800F800F800F85D
:101CE00000F800F800F800F800F800F800F800F834
:101CF00000F800F800F800F800F800F800F800F824
:101D000000F800F800F800F8E0FF00F800F800F82C
:101D100000F800F800F800F800F800F800F800F803
:101D200000F800F800F800F800F800F800F800F8F3
:101D300000F800F800F800F800F800F800F800F8E3
:101D400000F800F800F800F800F800F800F800F8D3
:101D500000F800F800F8E0FF00F800F800F800F8DC
:101D600000F800F800F800F800F800F800F800F8B3
:101D700000F800F800F8E0FF00F800F800F800F8BC
:101D800000F800F800F800F800F800F800F800F893
:101D900000F800F8E0FFE0FF00F800F800F800F8B5
:101DA00000F800F800F800F800F800F800F800F873
:101DB00000F800F8E0FFE0FF00F800F800F800F895
:101DC00000F800F800F800F800F800F800F800F853
:101DD00000F800F800F800F800F800F800F800F843
:101DE00000F800F800F800F800F800F800F800F833
:101DF00000F800F800F800F800F800F800F800F823
:101E000000F800F800F800F800F800F800F800F812
:101E100000F800F800F800F800F800F800F800F802
:101E200000F800F800F800F800F800F800F800F8F2
:101E300000F800F800F8E0FF00F800F800F800F8FB
:101E400000F800F800F800F800F800F800F800F8D2
:101E500000F800F800F800F800F800F800F800F8C2
:101E600000F800F800F800F800F800F800F800F8B2
:101E700000F800F800F800F800F800F800F800F8A2
:101E800000F800F800F800F800F800F800F800F892
:101E900000F800F800F800F800F800F800F800F882
:101EA00000F800F800F800F800F800F800F800F872
:101EB00000F800F8E0FF00F800F800F800F800F87B
:101EC00000F800F800F800F800F800F800F800F852
:101ED00000F800F800F800F800F800F800F800F842
:101EE00000F800F800F800F800F8E0FF00F800F84B
:101EF00000F800F800F800F800F800F800F800F822
:101F000000F800F800F800F800F800F800F800F811
:101F100000F800F800F800F800F800F800F800F801
:101F200000F800F800F800F800F800F800F800F8F1
:101F300000F800F800F8E0FF00F800F800F800F8FA
:101F400000F800F800F800F800F800F800F800F8D1
:101F500000F800F800F8E0FF00F800F800F800F8DA
:101F600000F800F800F800F800F800F800F800F8B1
:101F700000F800F8E0FFE0FF00F800F800F800F8D3
:101F800000F800F800F800F800F800F800F800F891
:101F900000F800F8E0FF00F800F800F800F800F89A
:101FA00000F800F800F800F800F800F800F800F871
:101FB00000F800F800F800F800F800F800F800F861
:101FC00000F800F800F800F800F800F800F800F851
:101FD00000F800F800F800F800F800F800F800F841
:101FE00000F800F800F800F800F800F800F800F831
:101FF00000F800F800F800F800F800F800F800F821
:1020000000F800F800F800F800F800F800F800F810
:1020100000F8E0FFE0FF00F800F800F800F800F832
:1020200000F800F800F800F800F800F800F800F8F0
:1020300000F800F800F800F800F800F800F800F8E0
:1020400000F800F800F800F800F800F800F800F8D0
:1020500000F800F800F800F800F800F800F800F8C0
:1020600000F800F800F800F800F800F800F800F8B0
:1020700000F800F800F800F800F800F800F800F8A0
:1020800000F800F800F800F800F800F800F800F890
:1020900000F800F800F8E0FF008400F800F800F80D
:1020A00000F800F800F800F800F800F800F800F870
:1020B00000F800F800F800F800F800F800F800F860
:1020C00000F800F800F800F800F8E0FF00F800F869
:1020D00000F800F800F800F800F800F800F800F840
:1020E00000F800F800F800F800F800F800F800F830
:1020F00000F800F8E0FF00F800F800F800F800F839
:1021000000F800F800F800F800F800F800F800F80F
:1021100000F800F800F8E0FFE0FF00F800F800F831
:1021200000F800F800F800F800F800F800F800F8EF
:1021300000F800F800F8E0FF00F800F800F800F8F8
:1021400000F800F800F800F800F800F800F800F8CF
:1021500000F800F8E0FF00F800F800F800F800F8D8
:1021600000F800F800F800F800F800F800F800F8AF
:1021700000F800F8E0FF00F800F800F800F800F8B8
:1021800000F800F800F800F800F800F800F800F88F
:1021900000F800F800F8E0FF00F800F800F800F898
:1021A00000F800F800F800F800F800F800F800F86F
:1021B00000F800F800F800F800F800F800F800F85F
:1021C00000F800F800F800F800F800F800F800F84F
:1021D00000F800F800F800F800F800F800F800F83F
:1021E00000F800F800F800F800F800F800F800F82F
:1021F000E0FFE0FF00F800F800F800F800F800F851
:1022000000F800F800F800F800F800F800F800F80E
:1022100000F800F800F800F800F800F800F800F8FE
:1022200000F800F800F800F800F800F800F800F8EE
:1022300000F800F800F800F800F800F800F800F8DE
:1022400000F800F800F800F800F800F800F800F8CE
:1022500000F800F800F800F800F800F800F800F8BE
:1022600000F800F800F800F800F800F800F800F8AE
:1022700000F800F800F800F8E0FF00F800F800F8B7
:1022800000F800F800F800F800F800F800F800F88E
:1022900000F800F800F800F800F800F800F800F87E
:1022A00000F800F800F800F800F800F8E0FF00F887
:1022B00000F800F800F800F800F800F800F800F85E
:1022C00000F800F800F800F800F800F800F800F84E
:1022D00000F800F800F8E0FF00F800F800F800F857
:1022E00000F800F800F800F800F800F800F800F82E
:1022F00000F800F800F800F8E0FF00F800F800F837
:1023000000F800F800F800F800F800F800F800F80D
:1023100000F800F800F8E0FF00F800F800F800F816
:1023200000F800F800F800F800F800F800F800F8ED
:1023300000F800F8E0FF00F800F800F800F800F8F6
:1023400000F800F800F800F800F800F800F800F8CD
:1023500000F800F8E0FF00F800F800F800F800F8D6
:1023600000F800F800F800F800F800F800F800F8AD
:1023700000F800F800F8E0FF00F800F800F800F8B6
:1023800000F800F800F800F800F800F800F800F88D
:1023900000F800F800F800F800F800F800F800F87D
:1023A00000F800F800F800F800F800F800F800F86D
:1023B00000F800F800F800F800F800F800F800F85D
:1023C00000F800F800F800F800F800F800F8E0FF66
:1023D000E0FF00F800F800F800F800F800F800F856
:1023E00000F800F800F800F800F800F800F800F82D
:1023F00000F800F800F800F800F800F800F800F81D
:1024000000F800F800F800F800F800F800F800F80C
:1024100000F800F800F800F800F800F800F800F8FC
:1024200000F800F800F800F800F800F800F800F8EC
:1024300000F800F800F800F800F800F800F800F8DC
:1024400000F800F800F800F800F800F800F800F8CC
:1024500000F800F800F800F800F8E0FFE0FF00F8EE
:1024600000F800F800F800F800F800F800F800F8AC
:1024700000F800F800F800F800F800F800F800F89C
:1024800000F800F800F800F800F800F800F800F88C
:1024900000F800F800F800F800F800F800F800F87C
:1024A00000F800F800F800F800F800F800F800F86C
:1024B00000F800F800F8E0FF00F800F800F800F875
:1024C00000F800F800F800F800F800F800F800F84C
:1024D00000F800F800F800F8E0FF00F800F800F855
:1024E00000F800F800F800F800F800F800F800F82C
:1024F00000F800F800F8E0FFE0FF00F800F800F84E
:1025000000F800F800F800F800F800F800F800F80B
:1025100000F800F8E0FF00F800F800F800F800F814
:1025200000F800F800F800F800F800F800F800F8EB
:1025300000F8E0FFE0FF00F800F800F800F800F80D
:1025400000F800F800F800F800F800F800F800F8CB
:1025500000F800F8E0FF00F800F800F800F800F8D4
:1025600000F800F800F800F800F800F800F800F8AB
:1025700000F800F800F800F800F800F800F800F89B
:1025800000F800F800F800F800F800F800F800F88B
:1025900000F800F800F800F800F800F800F800F87B
:1025A00000F800F800F800F800F800F8E0FFE0FF9D
:1025B00000F800F800F800F800F800F800F800F85B
:1025C00000F800F800F800F800F800F800F800F84B
:1025D00000F800F800F800F800F800F800F800F83B
:1025E00000F800F800F800F800F800F800F800F82B
:1025F00000F800F800F800F800F800F800F800F81B
:1026000000F800F800F800F800F800F800F800F80A
:1026100000F800F800F800F800F800F800F800F8FA
:1026200000F800F800F800F800F800F800F800F8EA
:1026300000F800F800F800F800F800F8E0FFE0FF0C
:1026400000F800F800F800F800F800F800F800F8CA
:1026500000F800F800F800F800F800F800F800F8BA
:1026600000F800F800F800F800F800F800F800F8AA
:1026700000F800F800F800F800F800F800F800F89A
:1026800000F800F800F800F800F800F800F800F88A
:1026900000F800F800F800F8E0FF00F800F800F893
:1026A00000F800F800F800F800F800F800F800F86A
:1026B00000F800F800F800F8E0FF008400F800F8E7
:1026C00000F800F800F800F800F800F800F800F84A
:1026D00000F800F800F8E0FFE0FF00F800F800F86C
:1026E00000F800F800F800F800F800F800F800F82A
:1026F00000F800F8E0FF00F800F800F800F800F833
:1027000000F800F800F800F800F800F800F800F809
:1027100000F8E0FF00F800F800F800F800F800F812
:1027200000F800F800F800F800F800F800F800F8E9
:1027300000F8E0FFE0FF00F800F800F800F800F80B
:1027400000F800F800F800F800F800F800F800F8C9
:1027500000F800F800F800F800F800F800F800F8B9
:1027600000F800F800F800F800F800F800F800F8A9
:1027700000F800F800F800F800F800F800F800F899
:1027800000F800F800F800F800F8E0FFE0FF00F8BB
:1027900000F800F800F800F800F800F800F800F879
:1027A00000F800F800F800F800F800F800F800F869
:1027B00000F800F800F800F800F800F800F800F859
:1027C00000F800F800F800F800F800F800F800F849
:1027D00000F800F800F800F800F800F800F800F839
:1027E00000F800F800F800F800F800F800F800F829
:1027F00000F800F800F800F800F800F800F800F819
:1028000000F800F800F800F800F800F800F800F808
:1028100000F800F800F800F800F800F800F8E0FF11
:10282000E0FF00F800F800F800F800F800F800F801
:1028300000F800F800F800F800F800F800F800F8D8
:1028400000F800F800F800F800F800F800F800F8C8
:1028500000F800F800F800F800F800F800F800F8B8
:1028600000F800F800F800F800F800F800F800F8A8
:1028700000F800F800F800F8E0FF00F800F800F8B1
:1028800000F800F800F800F800F800F800F800F888
:1028900000F800F800F800F8E0FFE0FF00F800F8AA
:1028A00000F800F800F800F800F800F800F800F868
:1028B00000F800F800F8E0FFE0FF00F800F800F88A
:1028C00000F800F800F800F800F800F800F800F848
:1028D00000F800F8E0FF00F800F800F800F800F851
:1028E00000F800F800F800F800F800F800F800F828
:1028F00000F8E0FF00F800F800F800F800F800F831
:1029000000F800F800F800F800F800F800F800F807
:1029100000F8E0FF00F800F800F800F800F800F810
:1029200000F800F800F800F800F800F800F800F8E7
:1029300000F800F800F800F800F800F800F800F8D7
:1029400000F800F800F800F800F800F800F800F8C7
:1029500000F800F800F800F800F800F800F800F8B7
:1029600000F800F800F800F8E0FF00F800F800F8C0
:1029700000F800F800F800F800F800F800F800F897
:1029800000F800F800F800F800F800F800F800F887
:1029900000F800F800F800F800F800F800F800F877
:1029A00000F800F800F800F800F800F800F800F867
:1029B00000F800F800F800F800F800F800F800F857
:1029C00000F800F800F800F800F800F800F800F847
:1029D00000F800F800F800F800F800F800F800F837
:1029E00000F800F800F800F800F800F800F800F827
:1029F00000F800F800F800F800F800F800F800F817
:102A0000E0FFE0FF00F800F800F800F800F800F838
:102A100000F800F800F800F800F800F800F800F8F6
:102A200000F800F800F800F800F800F800F800F8E6
:102A300000F800F800F800F800F800F800F800F8D6
:102A400000F800F800F800F800F800F800F800F8C6
:102A500000F800F800F800F800F8E0FF00F800F8CF
:102A600000F800F800F800F800F800F800F800F8A6
:102A700000F800F800F800F800F8E0FF00F800F8AF
:102A800000F800F800F800F800F800F800F800F886
:102A900000F800F800F800F8E0FF00F800F800F88F
:102AA00000F800F800F800F800F800F800F800F866
:102AB00000F800F8E0FF00F800F800F800F800F86F
:102AC00000F800F800F800F800F800F800F800F846
:102AD000E0FFE0FF00F800F800F800F800F800F868
:102AE00000F800F800F800F800F800F800F800F826
:102AF000E0FFE0FF00F800F800F800F800F800F848
:102B000000F800F800F800F800F800F800F800F805
:102B100000F800F800F800F800F800F800F800F8F5
:102B200000F800F800F800F800F800F800F800F8E5
:102B300000F800F800F800F800F800F800F800F8D5
:102B400000F800F800F8E0FF00F800F800F800F8DE
:102B500000F800F800F800F800F800F800F800F8B5
:102B600000F800F800F800F800F800F800F800F8A5
:102B700000F800F800F800F800F800F800F800F895
:102B800000F800F800F800F800F800F800F800F885
:102B900000F800F800F800F800F800F800F800F875
:102BA00000F800F800F800F800F800F800F800F865
:102BB00000F800F800F800F800F800F800F800F855
:102BC00000F800F800F800F800F800F800F800F845
:102BD00000F800F800F800F800F800F800F800F835
:102BE00000F8E0FFE0FF00F800F800F800F800F857
:102BF00000F800F800F800F800F800F800F800F815
:102C000000F800F800F800F800F800F800F800F804
:102C100000F800F800F800F800F800F800F800F8F4
:102C200000F800F800F800F800F800F800F800F8E4
:102C300000F800F800F800F800F8E0FFE0FF00F806
:102C400000F800F800F800F800F800F800F800F8C4
:102C500000F800F800F800F800F8E0FF00F800F8CD
:102C600000F800F800F800F800F800F800F800F8A4
:102C700000F800F800F800F8E0FF00F800F800F8AD
:102C800000F800F800F800F800F800F800F800F884
:102C900000F800F8E0FF00F800F800F800F800F88D
:102CA00000F800F800F800F800F800F800F800F864
:102CB000E0FF00F800F800F800F800F800F800F86D
:102CC00000F800F800F800F800F800F800F800F844
:102CD000E0FF00F800F800F800F800F800F800F84D
:102CE00000F800F800F800F800F800F800F800F824
:102CF00000F800F800F800F800F800F800F800F814
:102D000000F800F800F800F800F800F800F800F803
:102D100000F800F800F800F800F800F800F800F8F3
:102D200000F8E0FFE0FF00F800F800F800F800F815
:102D300000F800F800F800F800F800F800F800F8D3
:102D400000F800F800F800F800F800F800F800F8C3
:102D500000F800F800F800F800F800F800F800F8B3
:102D600000F800F800F800F800F800F800F800F8A3
:102D700000F800F800F800F800F800F800F800F893
:102D800000F800F800F800F800F800F800F800F883
:102D900000F800F800F800F800F800F800F800F873
:102DA00000F800F800F800F800F800F800F800F863
:102DB00000F800F800F800F800F800F800F800F853
:102DC00000F800F8E0FFE0FF00F800F800F800F875
:102DD00000F800F800F800F800F800F800F800F833
:102DE00000F800F800F800F800F800F800F800F823
:102DF00000F800F800F800F800F800F800F800F813
:102E000000F800F800F800F800F800F800F800F802
:102E100000F800F800F800F800F800F8E0FF00F80B
:102E200000F800F800F800F800F800F800F800F8E2
:102E300000F800F800F800F800F8E0FFE0FF00F804
:102E400000F800F800F800F800F800F800F800F8C2
:102E500000F800F800F800F8E0FF00F800F800F8CB
:102E600000F800F800F800F800F800F800F800F8A2
:102E700000F800F8E0FF00F800F800F800F800F8AB
:102E800000F800F800F800F800F800F800F800F882
:102E9000E0FF00F800F800F800F800F800F800F88B
:102EA00000F800F800F800F800F800F800F8E0FF7B
:102EB000E0FF00F800F800F800F800F800F800F86B
:102EC00000F800F800F800F800F800F800F800F842
:102ED00000F800F8E0FF00F800F800F800F800F84B
:102EE00000F800F800F800F800F800F800F800F822
:102EF00000F800F800F800F800F800F800F800F812
:102F0000E0FFE0FF00F800F800F800F800F800F833
:102F100000F800F800F800F800F800F800F800F8F1
:102F200000F800F800F800F800F800F800F800F8E1
:102F300000F800F800F800F800F800F800F800F8D1
:102F400000F800F800F800F800F800F800F800F8C1
:102F500000F800F800F800F800F800F800F800F8B1
:102F600000F800F800F800F800F800F800F800F8A1
:102F700000F800F800F800F800F800F800F800F891
:102F800000F800F800F800F800F800F800F800F881
:102F900000F800F800F800F800F800F800F800F871
:102FA00000F800F800F800F8E0FF00F800F800F87A
:102FB00000F800F800F800F800F800F800F800F851
:102FC00000F800F800F800F800F800F800F800F841
:102FD00000F800F800F800F8E0FF00F800F800F84A
:102FE00000F800F800F800F800F800F800F800F821
:102FF00000F800F800F800F800F800F8E0FFE0FF43
:1030000000F800F800F800F800F800F800F800F800
:1030100000F800F800F800F800F800F8E0FF00F809
:1030200000F800F800F800F800F800F800F800F8E0
:1030300000F800F800F800F800F800F800F800F8D0
:1030400000F800F800F800F800F800F800F800F8C0
:1030500000F800F800F800F800F800F800F800F8B0
:1030600000F800F800F800F800F800F800F800F8A0
:10307000E0FF00F800F800F800F800F800F800F8A9
:1030800000F800F800F800F800F800F800F8E0FF99
:1030900000F800F800F800F800F800F800F800F870
:1030A00000F800F800F800F800F800F800F800F860
:1030B00000F8E0FF00F800F800F800F800F800F869
:1030C00000F800F800F800F800F800F800F800F840
:1030D00000F800F800F800F800F800F800F8E0FF49
:1030E000E0FF00F800F800F800F800F800F800F839
:1030F00000F800F800F800F800F800F800F800F810
:1031000000F800F800F800F800F800F800F800F8FF
:1031100000F800F800F800F800F800F800F800F8EF
:1031200000F800F800F800F800F800F800F800F8DF
:1031300000F800F800F800F800F800F800F800F8CF
:1031400000F800F800F800F800F800F800F800F8BF
:1031500000F800F800F800F800F800F800F800F8AF
:1031600000F800F800F800F800F800F800F800F89F
:1031700000F800F800F800F800F800F800F800F88F
:1031800000F800F800F800F800F8E0FF00F800F898
:1031900000F800F800F800F800F800F800F800F86F
:1031A00000F800F800F800F800F800F800F800F85F
:1031B00000F800F800F800F800F8E0FF00F800F868
:1031C00000F800F800F800F800F800F800F800F83F
:1031D00000F800F800F800F800F800F800F8E0FF48
:1031E00000F800F800F800F800F800F800F800F81F
:1031F00000F800F800F800F800F800F8E0FF00F828
:1032000000F800F800F800F800F800F800F800F8FE
:1032100000F800F800F800F800F800F800F800F8EE
:1032200000F800F800F800F800F800F800F800F8DE
:1032300000F800F800F800F800F800F800F800F8CE
:1032400000F800F800F800F800F800F800F8E0FFD7
:1032500000F800F800F800F800F800F800F800F8AE
:1032600000F800F800F800F800F800F8E0FFE0FFD0
:1032700000F800F800F800F800F800F800F800F88E
:1032800000F800F800F800F800F800F800F800F87E
:10329000E0FF00F800F800F800F800F800F800F887
:1032A00000F800F800F800F800F800F800F800F85E
:1032B00000F800F800F800F800F800F8E0FFE0FF80
:1032C00000F800F800F800F800F800F800F800F83E
:1032D00000F800F800F800F800F800F800F800F82E
:1032E00000F800F800F800F800F800F800F800F81E
:1032F00000F800F800F800F800F800F800F800F80E
:1033000000F800F800F800F800F800F800F800F8FD
:1033100000F800F800F800F800F800F800F800F8ED
:1033200000F800F800F800F800F800F800F800F8DD
:1033300000F800F800F800F800F800F800F800F8CD
:1033400000F800F800F800F800F800F800F800F8BD
:1033500000F800F800F800F800F800F800F800F8AD
:1033600000F800F800F800F800F800F8E0FF00F8B6
:1033700000F800F800F800F800F800F800F800F88D
:1033800000F800F800F800F800F800F800F800F87D
:1033900000F800F800F800F800F8E0FFE0FF00F89F
:1033A00000F800F800F800F800F800F800F800F85D
:1033B00000F800F800F800F800F800F800F8E0FF66
:1033C000E0FF00F800F800F800F800F800F800F856
:1033D00000F800F800F800F800F800F800F800F82D
:1033E00000F800F800F800F800F800F800F800F81D
:1033F00000F800F800F800F800F800F800F800F80D
:1034000000F800F800F800F800F800F800F800F8FC
:1034100000F800F800F800F800F800F800F800F8EC
:1034200000F800F800F800F800F800F800F800F8DC
:1034300000F800F800F800F800F800F800F800F8CC
:1034400000F800F800F800F800F800F8E0FF00F8D5
:1034500000F800F800F800F800F800F800F800F8AC
:1034600000F800F800F800F800F800F800F8E0FFB5
:10347000E0FF00F800F800F800F800F800F800F8A5
:1034800000F800F800F800F800F800F800F800F87C
:1034900000F800F800F800F800F800F800F800F86C
:1034A00000F800F800F800F800F800F800F800F85C
:1034B00000F800F800F800F800F800F800F800F84C
:1034C00000F800F800F800F800F800F800F800F83C
:1034D00000F800F800F800F800F8008400F800F8A0
:1034E00000F800F800F800F800F800F800F800F81C
:1034F00000F800F800F800F800F800F800F800F80C
:1035000000F800F800F800F800F800F800F800F8FB
:1035100000F800F800F800F800F800F800F800F8EB
:1035200000F800F800F800F800F800F800F800F8DB
:1035300000F800F800F800F800F800F800F800F8CB
:1035400000F800F800F800F800F800F800F8E0FFD4
:1035500000F800F800F800F800F800F800F800F8AB
:1035600000F800F800F800F800F800F800F800F89B
:1035700000F800F800F800F800F800F8E0FFE0FFBD
:1035800000F800F800F800F800F800F800F800F87B
:1035900000F800F800F800F800F800F800F800F86B
:1035A000E0FF00F800F800F800F800F800F800F874
:1035B00000F800F800F800F800F800F800F800F84B
:1035C00000F800F800F800F800F800F800F800F83B
:1035D00000F800F800F800F800F800F800F800F82B
:1035E00000F800F800F800F800F800F800F800F81B
:1035F00000F800F800F800F800F800F800F800F80B
:1036000000F800F800F800F800F800F800F800F8FA
:1036100000F800F800F800F800F800F800F800F8EA
:1036200000F800F800F800F800F8E0FFE0FF00F80C
:1036300000F800F800F800F800F800F800F800F8CA
:1036400000F800F800F800F800F800F8E0FFE0FFEC
:1036500000F800F800F800F800F800F800F800F8AA
:1036600000F800F800F800F800F800F800F800F89A
:1036700000F800F800F800F800F800F800F800F88A
:1036800000F800F800F800F800F800F800F800F87A
:1036900000F800F800F800F800F800F800F800F86A
:1036A00000F800F800F800F800F800F800F800F85A
:1036B00000F800F800F8E0FFE0FF00F800F800F87C
:1036C00000F800F800F800F800F800F800F800F83A
:1036D00000F800F800F800F800F800F800F800F82A
:1036E00000F800F800F800F800F800F800F800F81A
:1036F00000F800F800F800F800F800F800F800F80A
:1037000000F800F800F800F800F800F800F800F8F9
:1037100000F800F800F800F800F800F800F800F8E9
:1037200000F800F800F800F800F800F800F800F8D9
:10373000E0FF00F800F800F800F800F800F800F8E2
:1037400000F800F800F800F800F800F800F800F8B9
:1037500000F800F800F800F800F800F800F8E0FFC2
:1037600000F800F800F800F800F800F800F800F899
:1037700000F800F800F800F800F800F800F800F889
:10378000E0FFE0FF00F800F800F800F800F800F8AB
:1037900000F800F800F800F800F800F800F800F869
:1037A00000F800F800F800F800F800F800F800F859
:1037B00000F800F800F800F800F800F800F800F849
:1037C00000F800F800F800F800F800F800F800F839
:1037D00000F800F800F800F800F800F800F800F829
:1037E00000F800F800F800F800F800F800F800F819
:1037F00000F800F800F800F800F800F800F800F809
:1038000000F800F800F800F800F8E0FF00F800F811
:1038100000F800F800F800F800F800F800F800F8E8
:1038200000F800F800F800F800F800F8E0FF00F8F1
:1038300000F800F800F800F800F800F800F800F8C8
:1038400000F800F800F800F800F800F800F800F8B8
:1038500000F800F800F800F800F800F800F800F8A8
:1038600000F800F800F800F800F800F800F800F898
:1038700000F800F800F800F800F800F800F800F888
:1038800000F800F800F800F800F800F800F800F878
:1038900000F8E0FFE0FF00F800F800F800F800F89A
:1038A00000F800F800F800F800F800F800F800F858
:1038B00000F800F800F800F800F800F800F800F848
:1038C00000F800F800F800F800F800F800F800F838
:1038D00000F800F8E0FF00F800F800F800F800F841
:1038E00000F800F800F800F800F800F800F800F818
:1038F00000F800F800F800F800F800F800F800F808
:1039000000F800F800F800F800F800F800F800F8F7
:1039100000F800F800F800F800F800F800F800F8E7
:1039200000F800F800F800F800F800F800F800F8D7
:1039300000F800F800F800F800F800F800F800F8C7
:10394000E0FF00F800F800F800F800F800F800F8D0
:1039500000F800F800F800F800F800F800F800F8A7
:1039600000F8E0FF00F800F800F800F800F800F8B0
:1039700000F800F800F800F800F800F800F800F887
:1039800000F800F800F800F800F800F800F800F877
:1039900000F800F800F800F800F800F800F800F867
:1039A00000F800F800F800F800F800F800F800F857
:1039B00000F800F800F800F800F800F800F800F847
:1039C00000F800F800F800F800F800F800F800F837
:1039D00000F800F800F800F800F800F800F800F827
:1039E00000F800F800F800F8E0FF00F800F800F830
:1039F00000F800F800F800F800F800F800F800F807
:103A000000F800F800F800F800F8E0FF00F800F80F
:103A100000F800F800F800F800F800F800F800F8E6
:103A200000F800F800F800F800F800F800F800F8D6
:103A300000F800F800F800F800F800F800F800F8C6
:103A400000F800F800F800F800F800F800F800F8B6
:103A500000F800F800F800F800F800F800F800F8A6
:103A600000F800F800F800F800F800F800F800F896
:103A7000E0FFE0FF00F800F800F800F800F800F8B8
:103A800000F800F800F800F800F800F800F800F876
:103A900000F800F800F800F800F800F800F800F866
:103AA00000F800F800F800F800F800F800F800F856
:103AB00000F800F800F8E0FFE0FF00F800F800F878
:103AC00000F800F800F800F800F800F800F800F836
:103AD00000F800F800F800F800F800F800F800F826
:103AE00000F800F800F800F800F800F800F800F816
:103AF00000F800F800F800F800F800F800F800F806
:103B000000F800F800F800F800F800F800F800F8F5
:103B100000F800F800F800F800F800F800F800F8E5
:103B2000E0FFE0FF00F800F800F800F800F800F807
:103B300000F800F800F800F800F800F800F800F8C5
:103B400000F800F800F800F800F800F800F800F8B5
:103B500000F800F800F800F800F800F800F800F8A5
:103B600000F800F800F800F800F800F800F800F895
:103B700000F800F800F800F800F800F800F800F885
:103B800000F800F800F800F800F800F800F800F875
:103B900000F800F800F800F800F800F800F800F865
:103BA00000F800F800F800F800F800F800F800F855
:103BB00000F800F800F800F800F800F800F800F845
:103BC00000F800F800F800F800F800F800F800F835
:103BD00000F800F800F800F800F800F800F800F825
:103BE00000F800F800F800F8E0FF00F800F800F82E
:103BF00000F800F800F800F800F800F800F800F805
:103C000000F800F800F800F800F800F800F800F8F4
:103C100000F800F800F800F800F800F800F800F8E4
:103C200000F800F800F800F800F800F800F800F8D4
:103C300000F800F800F800F800F800F800F800F8C4
:103C400000F800F800F800F800F800F8E0FFE0FFE6
:103C500000F800F800F800F800F800F800F800F8A4
:103C600000F800F800F800F800F800F800F800F894
:103C700000F800F800F800F800F800F800F800F884
:103C800000F800F800F800F800F800F800F800F874
:103C900000F800F800F800F800F8E0FFE0FF00F896
:103CA00000F800F800F800F800F800F800F800F854
:103CB00000F800F800F800F800F800F800F800F844
:103CC00000F800F800F800F800F800F800F800F834
:103CD00000F800F800F800F800F800F800F800F824
:103CE00000F800F800F800F800F800F800F800F814
:103CF00000F800F800F800F800F800F800F800F804
:103D000000F8E0FFE0FF00F800F800F800F800F825
:103D100000F800F800F800F800F800F800F800F8E3
:103D200000F800F800F800F800F800F800F800F8D3
:103D300000F800F800F800F800F800F800F800F8C3
:103D400000F800F800F800F800F800F800F800F8B3
:103D500000F800F800F800F800F800F800F800F8A3
:103D600000F800F800F800F800F800F800F800F893
:103D700000F800F800F800F800F800F800F800F883
:103D800000F800F800F800F800F800F800F800F873
:103D900000F800F800F800F800F800F800F800F863
:103DA00000F800F800F8008400840080108000F81B
:103DB00000F800F800F800F800F800F800F800F843
:103DC00000F800F800F8E0FFE0FF00F800F800F865
:103DD00000F800F800F800F800F800F800F800F823
:103DE00000F800F800F800F800F800F800F800F813
:103DF00000F800F800F800F800F800F800F800F803
:103E000000F800F800F800F800F800F800F800F8F2
:103E100000F800F800F800F800F800F800F800F8E2
:103E200000F800F800F800F800F8E0FFE0FF00F804
:103E300000F800F800F800F800F800F800F800F8C2
:103E400000F800F800F800F800F800F800F800F8B2
:103E500000F800F800F800F800F800F800F800F8A2
:103E600000F800F800F800F800F800F800F800F892
:103E700000F800F800F800F800F800F8E0FFE0FFB4
:103E8000E0FF00F800F800F800F800F800F800F88B
:103E900000F800F800F800F800F800F800F800F862
:103EA00000F800F800F800F800F800F800F800F852
:103EB00000F800F800F800F800F800F800F800F842
:103EC00000F800F800F800F800F800F800F800F832
:103ED00000F800F800F800F800F800F800F800F822
:103EE00000F800F8E0FFE0FF00F800F800F800F844
:103EF00000F800F800F800F800F800F800F800F802
:103F000000F800F800F800F800F800F800F800F8F1
:103F100000F800F800F800F800F800F800F800F8E1
:103F200000F800F800F800F800F800F800F800F8D1
:103F300000F800F800F800F800F8E0FF00F800F8DA
:103F400000F800F800F800F800F800F800F800F8B1
:103F500000F8E0FF00F800F800F800F800F800F8BA
:103F600000F800F800F800F800F800F800F800F891
:103F700000F800F800F800F800F800F80080008071
:103F8000008000001000000000040080008000801D
:103F900010841084008000F800F800F800F800F8A1
:103FA00000F800F8E0FFE0FF00F800F800F800F883
:103FB00000F800F800F800F800F800F800F800F841
:103FC00000F800F800F800F800F800F800F8E0FF4A
:103FD00000F800F800F800F800F800F800F800F821
:103FE00000F800F800F800F800F800F800F800F811
:103FF00000F800F800F800F800F800F800F800F801
:1040000000F800F800F8E0FFE0FF00F800F800F822
:1040100000F800F800F800F800F800F800F800F8E0
:1040200000F800F800F800F800F800F800F800F8D0
:1040300000F800F800F800F800F800F800F800F8C0
:1040400000F800F800F800F800F800F800F800F8B0
:1040500000F800F800F800F800F800F800F800F8A0
:10406000E0FFE0FF00F800F800F800F800F800F8C2
:1040700000F800F800F800F800F800F800F800F880
:1040800000F800F800F800F800F800F800F800F870
:1040900000F800F800F800F800F800F800F800F860
:1040A00000F800F800F800F800F800F800F800F850
:1040B00000F800F800F800F800F800F800F800F840
:1040C00000F800F800F8E0FF00F800F800F800F849
:1040D00000F800F800F800F800F800F800F800F820
:1040E00000F800F800F800F800F800F800F800F810
:1040F00000F800F800F800F800F800F800F800F800
:1041000000F800F800F800F800F800F800F800F8EF
:1041100000F800F800F800F800F8E0FF00F800F8F8
:1041200000F800F800F800F800F800F800F800F8CF
:1041300000F8E0FF00F800F800F800F800F800F8D8
:1041400000F800F800F800F800F800F800F800F8AF
:1041500000F800F800F800F80080000000000000FF
:10416000000000000000000000000000000000004F
:10417000000000001080008000F800F800F800F84F
:1041800000F800F8E0FF00F800F800F800F800F888
:1041900000F800F800F800F800F800F800F800F85F
:1041A00000F800F800F800F800F800F8E0FF00F868
:1041B00000F800F800F800F800F800F800F800F83F
:1041C00000F800F800F800F800F800F800F800F82F
:1041D00000F800F800F800F800F800F800F800F81F
:1041E00000F8E0FFE0FFE0FF00F800F800F800F85A
:1041F00000F800F800F800F800F800F800F800F8FF
:1042000000F800F800F800F800F800F800F800F8EE
:1042100000F800F800F800F800F800F800F800F8DE
:1042200000F800F800F800F800F800F800F800F8CE
:1042300000F800F800F800F800F800F800F800F8BE
:1042400000F800F8E0FFE0FF00F800F800F800F8E0
:1042500000F800F800F800F800F800F800F800F89E
:1042600000F800F800F800F800F800F800F81084F2
:1042700000F800F800F800F800F800F800F800F87E
:10428000E0FF00F800F800F800F800F800F800F887
:1042900000F800F800F800F800F800F800F800F85E
:1042A00000F800F800F800F8E0FF00F800F800F867
:1042B00000F800F800F800F800F800F800F800F83E
:1042C00000F800F800F800F800F800F800F800F82E
:1042D00000F800F800F800F800F800F800F800F81E
:1042E00000F8E0FF00F800F800F800F800F800F827
:1042F00000F800F800F800F800F8E0FF00F800F817
:1043000000F800F800F800F800F800F800F800F8ED
:1043100000F8E0FF00F800F800F800F800F800F8F6
:1043200000F800F800F800F800F8E0FF00F800F8E6
:1043300000F8008000840000000000000000000081
:10434000000000000000000000000000000000006D
:1043500000000000000010000000008000F800F8DD
:1043600000F8E0FF00F800F800F800F800F800F8A6
:1043700000F800F800F800F800F800F800F800F87D
:1043800000F800F800F800F8E0FFE0FF00F800F89F
:1043900000F800F800F800F800F800F800F800F85D
:1043A00000F800F800F800F800F800F800F800F84D
:1043B00000F800F800F800F800F800F800F800F83D
:1043C000E0FFE0FF00F800F800F800F800F800F85F
:1043D00000F800F800F800F800F800F800F800F81D
:1043E00000F800F800F800F800F800F800F800F80D
:1043F00000F800F800F800F800F800F800F800F8FD
:1044000000F800F800F800F800F800F800F800F8EC
:1044100000F800F800F800F800F800F800F800F8DC
:1044200000F800F800F8E0FFE0FF00F800F800F8FE
:1044300000F800F800F800F800F800F800F800F8BC
:1044400010841084108400F800F800F810841084A0
:10445000108400F800F800F800F800F800F800F800
:10446000E0FFE0FF00F800F800F800F800F800F8BE
:1044700000F800F800F800F800F800F800F800F87C
:1044800000F800F800F800F8E0FFE0FF00F800F89E
:1044900000F800F800F800F800F800F800F800F85C
:1044A00000F800F800F800F800F800F800F800F84C
:1044B00000F800F800F800F800F800F800F800F83C
:1044C00000F800F8E0FF00F800F800F800F800F845
:1044D00000F800F800F800F800F8E0FF00F800F835
:1044E00000F800F800F800F800F800F800F800F80C
:1044F00000F8E0FF00F800F800F800F800F800F815
:1045000000F800F800F800F800F8E0FF00F8008478
:104510001084000000000000000000000000000007
:10452000000000000000000000000000000000008B
:10453000000000000000000000000000008000F803
:10454000E0FF00F800F800F800F800F800F800F8C4
:1045500000F800F800F800F800F800F800F800F89B
:1045600000F800F800F8E0FFE0FF00F800F800F8BD
:1045700000F800F800F800F800F800F800F800F87B
:1045800000F800F800F800F800F800F800F800F86B
:1045900000F800F800F800F800F800F8E0FFE0FF8D
:1045A00000F800F800F800F800F800F800F800F84B
:1045B00000F800F800F800F800F800F800F800F83B
:1045C00000F800F800F800F800F800F800F800F82B
:1045D00000F800F800F800F800F800F800F800F81B
:1045E00000F800F800F800F800F800F800F800F80B
:1045F00000F800F800F800F800F800F800F800F8FB
:1046000000F800F800F800F800F8E0FFE0FF00F81C
:1046100000F800F800F800F800F800F800F800F8DA
:10462000108410841084108400F800F800F81084BE
:104630001084108400F800F800F800F800F800F882
:1046400000F800F8E0FF00F800F800F800F800F8C3
:1046500000F800F800F800F800F800F800F800F89A
:1046600000F800F800F800F800F8E0FF00F800F8A3
:1046700000F800F800F800F800F800F800F800F87A
:1046800000F800F800F800F800F800F800F800F86A
:1046900000F800F800F800F800F800F800F800F85A
:1046A00000F800F8E0FF00F800F800F800F800F863
:1046B00000F800F800F800F800F8E0FFE0FF00F86C
:1046C00000F800F800F800F800F800F800F800F82A
:1046D00000F8E0FF00F800F800F800F800F800F833
:1046E00000F800F800F800F8E0FF1084108410844F
:1046F000108410841084108410841084008400803E
:1047000000000000000000000000000000000000A9
:104710000000000000000000000000000000008415
:1047200000F800F800F800F800F800F800F800F8C9
:1047300000F800F800F800F800F800F800F800F8B9
:1047400000F800F8E0FFE0FF00F800F800F800F8DB
:1047500000F800F800F800F800F800F800F800F899
:1047600000F800F800F800F800F800F800F800F889
:1047700000F800F800F800F800F8E0FFE0FF00F8AB
:1047800000F800F800F800F800F800F800F800F869
:1047900000F800F800F800F800F800F800F800F859
:1047A00000F800F800F800F800F800F800F800F849
:1047B00000F800F800F800F800F800F800F800F839
:1047C00000F800F800F800F800F800F800F800F829
:1047D00000F800F800F800F800F800F800F800F819
:1047E00000F800F800F800F800F800F8E0FFE0FF3B
:1047F00000F800F800F800F800F800F800F800F8F9
:104800000084108410841084108400F800F8108450
:1048100010841084108400F800F800F800F800F804
:1048200000F800F80084E0FF00F800F800F800F855
:1048300000F800F800F800F800F800F800F800F8B8
:1048400000F800F800F800F800F800F800F800F8A8
:1048500000F800F800F800F800F800F800F800F898
:1048600000F800F800F800F800F800F800F800F888
:1048700000F800F800F800F800F800F800F800F878
:1048800000F800F8E0FF00F800F800F800F800F881
:1048900000F800F800F800F800F8E0FFE0FF00F88A
:1048A00000F800F800F800F800F800F800F800F848
:1048B000E0FFE0FF00F800F800F800F800F800F86A
:1048C00000F800F810841084108410841084108480
:1048D0001084108410841084108410841084108438
:1048E0000084008000000080000000000000000044
:1048F00000000000000000000000000000000000B8
:10490000008000F800F800F800F800F800F800F85F
:1049100000F800F800F800F800F800F800F800F8D7
:1049200000F8E0FFE0FF00F800F800F800F800F8F9
:1049300000F800F800F800F800F800F800F800F8B7
:1049400000F800F800F800F800F800F800F800F8A7
:1049500000F800F800F8E0FFE0FF00F800F800F8C9
:1049600000F800F800F800F800F800F800F800F887
:1049700000F800F800F800F800F800F800F800F877
:1049800000F800F800F800F800F800F800F800F867
:1049900000F800F800F800F800F800F800F800F857
:1049A00000F800F800F800F800F800F800F800F847
:1049B00000F800F800F800F800F800F800F800F837
:1049C00000F800F800F800F800F800F800F800F827
:1049D000E0FFE0FF00F800F800F800F81084108411
:1049E00010841084108410841084108400F800F85F
:1049F000108410841084108400F800F800F800F887
:104A000000F800F800F800F8E0FFE0FF00F800F818
:104A100000F800F800F800F800F800F800F800F8D6
:104A200000F800F800F800F800F800F800F800F8C6
:104A300000F800F800F800F800F800F800F800F8B6
:104A400000F800F800F800F800F800F8E0FF00F8BF
:104A500000F800F800F800F800F800F800F800F896
:104A600000F800F8E0FFE0FF00F800F800F800F8B8
:104A700000F800F800F800F800F800F8E0FF00F88F
:104A800000F800F800F800F800F800F800F800F866
:104A9000E0FFE0FF00F800F800F800F81084108450
:104AA00018C610841084108410841084108410841C
:104AB0001084108410841084108410841084008466
:104AC00000840080008000000080000000000000E2
:104AD00000000000000000000000000000000000D6
:104AE0000000008000F800F800F800F800F800F876
:104AF00000F800F800F800F800F800F800F800F8F6
:104B0000E0FFE0FF00F800F800F800F800F800F817
:104B100000F800F800F800F800F800F800F800F8D5
:104B200000F800F800F800F800F800F800F800F8C5
:104B300000F800F8E0FF00F800F800F800F800F8CE
:104B400000F800F800F800F800F800F800F800F8A5
:104B500000F800F800F800F800F800F800F800F895
:104B600000F800F800F800F800F800F800F800F885
:104B700000F800F800F800F800F800F800F800F875
:104B800000F800F800F800F800F800F800F800F865
:104B900000F800F800F800F800F800F800F800F855
:104BA00000F800F800F800F800F800F800F800F845
:104BB00000F800F8E0FF008400F800F8108410848A
:104BC000108410841084108410841084008400F8F1
:104BD00000F8108410841084108400F800F800F8A5
:104BE00000F800F800F800F800F8E0FFE0FF00F837
:104BF00000F800F800F800F800F800F800F800F8F5
:104C000000F800F800F800F800F800F800F800F8E4
:104C100000F800F800F800F800F800F800F800F8D4
:104C200000F800F800F800F800F800F8E0FFE0FFF6
:104C300000F800F800F800F800F800F800F800F8B4
:104C400000F800F800F8E0FF00F800F800F800F8BD
:104C500000F800F800F800F800F800F8E0FF00F8AD
:104C600000F800F800F800F800F800F800F800F884
:104C7000E0FFE0FF00F800F800F8108410841084D2
:104C80001084108410841084108410841084108484
:104C90001084108418C618C61084108410840084F0
:104CA0000080000000000000000000000000000084
:104CB00000000000000000000000000000000000F4
:104CC0000000008000F800F800F800F800F800F894
:104CD00000F800F800F800F800F800F800F8E0FF2D
:104CE000E0FF00F800F800F800F800F800F800F81D
:104CF00000F800F800F800F800F800F800F800F8F4
:104D000000F800F800F800F800F800F800F800F8E3
:104D100000F800F800F800F800F800F800F800F8D3
:104D200000F800F800F800F800F800F800F800F8C3
:104D300000F800F800F800F800F800F800F800F8B3
:104D400000F800F800F800F800F800F800F800F8A3
:104D500000F800F800F800F800F800F800F800F893
:104D600000F800F800F800F800F800F800F800F883
:104D700000F800F800F800F800F800F800F800F873
:104D800000F800F800F800F800F800F800F800F863
:104D900000F800F800F800F8E0FF00F800F81084D0
:104DA0001084108400841084108410841084108473
:104DB00000F800F81084108410841084108418C641
:104DC000108400F800F800F800F800F8E0FFE0FFB9
:104DD00000F800F800F800F800F800F800F800F813
:104DE00000F800F800F800F800F800F800F800F803
:104DF00000F800F800F800F800F800F800F800F8F3
:104E000000F800F800F800F800F800F800F8E0FFFB
:104E100000F800F800F800F800F800F800F800F8D2
:104E200000F800F800F8E0FF00F800F800F800F8DB
:104E300000F800F800F800F800F800F8E0FF00F8CB
:104E400000F800F800F800F800F800F800F800F8A2
:104E5000E0FF00F800F8108410841084108410849F
:104E6000108410841084108418C6108418C618C6C4
:104E700018C6108410841084108410840080008070
:104E80000000000000000000000000000000000022
:104E90000000000000000000000000000000000012
:104EA00000000000008000F800F800F800F800F8AA
:104EB00000F800F800F800F800F800F8E0FF00F84B
:104EC00000F800F800F800F800F800F800F800F822
:104ED00000F800F800F800F800F800F800F800F812
:104EE00000F800F800F800F800F800F800F800F802
:104EF00000F800F800F800F800F800F800F800F8F2
:104F000000F800F800F800F800F800F800F800F8E1
:104F100000F800F800F800F800F800F800F800F8D1
:104F200000F800F800F800F800F800F800F800F8C1
:104F300000F800F800F800F800F800F800F800F8B1
:104F400000F800F800F800F800F800F800F800F8A1
:104F500000F800F800F800F800F800F800F800F891
:104F600000F800F800F800F800F800F800F800F881
:104F700000F800F800F800F800F800F800F800F871
:104F80001084108410841084108410841084108481
:104F9000008400F8008410841084108418C618C699
:104FA000108400F800F800F800F800F800F8E0FFBE
:104FB000E0FF00F800F800F800F800F800F800F84A
:104FC00000F800F800F800F800F800F800F800F821
:104FD00000F800F800F800F800F800F800F800F811
:104FE00000F800F800F800F800F800F800F8E0FF1A
:104FF000E0FF00F800F800F800F800F800F800F80A
:1050000000F800F800F8E0FF00F800F800F800F8F9
:1050100000F800F800F800F800F800F8E0FF00F8E9
:1050200000F800F800F800F800F800F800F800F8C0
:10503000E0FF00F810841084108410841084108421
:10504000108410841084108418C618C618C618C698
:1050500018C618C618C6108410840084008000800A
:105060000000000000000000000000000000000040
:105070000000000000000000000000000000000030
:1050800000000000000000F800F800F800F800F848
:1050900000F800F800F800F800F8E0FF00F800F869
:1050A00000F800F800F800F800F800F800F800F840
:1050B00000F800F800F800F800F800F800F800F830
:1050C00000F800F800F800F800F800F800F800F820
:1050D00000F800F800F800F800F800F800F800F810
:1050E00000F800F800F800F800F800F800F800F800
:1050F00000F800F800F800F800F800F800F800F8F0
:1051000000F800F800F800F800F800F800F800F8DF
:1051100000F800F800F800F800F800F800F800F8CF
:1051200000F800F800F800F800F800F800F800F8BF
:1051300000F800F800F800F800F800F800F800F8AF
:1051400000F800F800F800F800F800F800F800F89F
:1051500000F800F800F800F800F800F800F800F88F
:1051600000F800F8108410840084108410841084E7
:105170001084008000F8108410841084108418C6F5
:1051800018C600F800F800F800F800F800F800F879
:10519000E0FFE0FF00F800F800F800F800F800F881
:1051A00000F800F800F800F800F800F800F800F83F
:1051B00000F800F800F800F800F800F800F800F82F
:1051C00000F800F800F800F800F800F800F800F81F
:1051D000E0FF00F800F800F800F800F800F800F828
:1051E00000F800F800F8E0FFE0FF00F800F800F831
:1051F00000F800F800F800F800F800F8E0FF00F808
:1052000000F800F800F800F800F800F800F800F8DE
:10521000E0FF1084108410841084108410841084A3
:1052200010841084108418C618C618C618C618C66C
:1052300018C618C610840084008400840080000012
:1052400000000000008400000000000000000000DA
:10525000000000000000000000000000000000004E
:10526000008000000084108400F800F800F800F8C6
:1052700000F800F800F800F8E0FF00F800F800F887
:1052800000F800F800F800F800F800F800F800F85E
:1052900000F800F800F800F800F800F800F800F84E
:1052A00000F800F800F800F800F800F800F800F83E
:1052B00000F800F800F800F800F800F800F800F82E
:1052C00000F800F800F800F800F800F800F800F81E
:1052D00000F800F800F800F800F800F800F800F80E
:1052E00000F800F800F800F800F800F800F800F8FE
:1052F00000F800F800F800F800F800F800F800F8EE
:1053000000F800F800F800F800F800F800F800F8DD
:1053100000F800F800F800F800F800F800F800F8CD
:1053200000F800F800F800F800F800F800F800F8BD
:1053300000F800F800F800F800F800F800F8108411
:1053400010841084108410841084108410841084BD
:105350001084008400F81084108410841084108459
:1053600018C618C600F800F800F800F800F800F8B1
:1053700000F8E0FFE0FF00F800F800F800F800F89F
:1053800000F800F800F800F800F800F800F800F85D
:1053900000F800F800F800F800F800F800F800F84D
:1053A00000F800F800F800F800F800F800F800F83D
:1053B000E0FFE0FF00F800F800F800F800F800F85F
:1053C00000F800F800F800F8E0FF00F800F800F836
:1053D00000F800F800F800F800F800F800F800F80D
:1053E00000F800F800F800F800F800F800F800F8FD
:1053F000108410841084108410841084108410840D
:105400001084108418C618C618C618C618C618C640
:1054100018C618C610841084108400840080008090
:10542000000000000000000000000000000000007C
:10543000000000000000000000000000000000006C
:105440000084000000841080008000F800F800F85C
:1054500000F800F800F8E0FF00F800F800F800F8A5
:1054600000F800F800F800F800F800F800F800F87C
:1054700000F800F800F800F800F800F800F800F86C
:1054800000F800F8008400F800F800F800F800F8D0
:1054900000F800F800F800F800F800F800F800F84C
:1054A00000F800F800F800F800F800F800F800F83C
:1054B00000F800F800F800F800F800F800F800F82C
:1054C00000F800F800F800F800F800F800F800F81C
:1054D00000F800F800F800F800F800F800F800F80C
:1054E00000F800F800F800F800F800F800F800F8FC
:1054F00000F800F800F800F800F800F800F800F8EC
:1055000000F800F800F800F800F800F800F800F8DB
:1055100000F800F800F800F800F800F800F810842F
:1055200010841084108410841084108410841084DB
:1055300010841084108410841084108410841084CB
:1055400018C618C6108400F800F800F800F800F833
:1055500000F800F800F8E0FF00F800F800F800F8A4
:1055600000F800F800F800F800F800F800F800F87B
:1055700000F800F800F800F8E0FF00F800F800F884
:1055800000F800F800F800F800F800F800F800F85B
:1055900000F8E0FF00F800F800F800F800F800F864
:1055A00000F800F800F800F8E0FF00F800F800F854
:1055B00000F800F800F800F800F800F800F800F82B
:1055C00000F800F800F800F800F800F800F810847F
:1055D000108410841084108410841084108410842B
:1055E000108418C618C618C618C618C618C618C615
:1055F00018C618C610841084008400800000008043
:10560000008000000000000000000000000000001A
:10561000000000000000000000000000000000008A
:1056200000000080008000841004008400F800F86E
:1056300000F800F800F800F800F800F800F800F8AA
:1056400000F800F800F800F800F800F800F800F89A
:1056500000F800F800F800F800F800F800F800F88A
:10566000E0FFE0FF00F800F800F800F800F800F8AC
:1056700000F800F800F800F800F800F800F800F86A
:1056800000F800F800F800F800F800F800F800F85A
:1056900000F800F800F800F800F800F800F800F84A
:1056A00000F800F800F800F800F800F8E0FFE0FF6C
:1056B00000F800F800F800F800F800F800F800F82A
:1056C00000F800F800F800F800F800F800F800F81A
:1056D00000F800F800F800F800F800F800F800F80A
:1056E00000F800F800F800F800F800F800F800F8FA
:1056F00000F800F800F800F800F800F800F800F8EA
:105700001084108410841084108410840084108409
:105710001084108410841084108418C6108410849F
:1057200018C61084108400F800F800F800F800F89B
:1057300000F800F800F800F800F800F800F800F8A9
:1057400000F800F800F800F800F800F800F800F899
:1057500000F800F800F800F800F8E0FF00F800F8A2
:1057600000F800F800F800F800F800F800F800F879
:1057700000F8E0FFE0FF00F800F800F800F800F89B
:1057800000F800F800F800F800F800F800F800F859
:1057900000F800F800F800F800F800F800F800F849
:1057A00000F800F800F800F800F800F800F818C653
:1057B0001084108410841084108410841084108449
:1057C000108418C618C618C618C618C618C618C633
:1057D00018C610841084008400840080008000803B
:1057E0000080000000000000000000000000000039
:1057F00000000000000000000000000000000000A9
:1058000000000000000000001080008000F800F898
:1058100000F800F800F800F800F800F800F800F8C8
:1058200000F800F800F800F800F800F800F800F8B8
:1058300000F800F800F800F800F800F800F8E0FFC1
:10584000E0FF00F800F800F800F800F800F800F8B1
:1058500000F800F800F800F800F800F800F800F888
:1058600000F800F800F800F800F800F800F800F878
:1058700000F800F800F800F800F800F800F800F868
:1058800000F800F800F8E0FFE0FFE0FF00F800F8A3
:1058900000F800F800F800F800F800F800F800F848
:1058A00000F800F800F800F800F800F800F800F838
:1058B00000F800F800F800F800F800F800F800F828
:1058C00000F800F800F800F800F800F800F800F818
:1058D00000F800F800F800F800F800F800F800F808
:1058E0001084108410840084108410840084008448
:1058F00018C618C618C618C618C618C618C6108402
:1059000018C610841084008400F800F800F800F82D
:1059100000F800F800F800F800F800F800F800F8C7
:1059200000F800F800F800F800F800F800F800F8B7
:1059300000F800F800F800F800F8E0FFE0FF00F8D9
:1059400000F800F800F800F800F800F800F800F897
:1059500000F800F8E0FF00F800F800F800F800F8A0
:1059600000F800F800F800F800F800F800F800F877
:1059700000F800F800F800F800F800F800F800F867
:1059800000F800F800F800F800F800F8108410841F
:105990001084108410841084108410841084108467
:1059A00018C618C618C618C618C618C618C618C607
:1059B00018C61084008400840084008400840000E1
:1059C0000000000000000000008000000000000057
:1059D00000000000000000000000000000000000C7
:1059E000000000000000000000000080008400F8BB
:1059F00000F800F800F800F800F800F800F800F8E7
:105A000000F800F800F800F800F800F800F800F8D6
:105A100000F800F800F800F800F8E0FFE0FF00F8F8
:105A200000F800F800F800F800F800F800F800F8B6
:105A300000F800F800F800F800F800F800F800F8A6
:105A400000F800F800F800F800F800F800F800F896
:105A500000F800F800F800F800F800F800F800F886
:105A600000F8E0FFE0FFE0FF00F800F800F800F8C1
:105A700000F800F800F800F800F800F800F800F866
:105A8000E0FFE0FF00F800F800F800F800F800F888
:105A900000F800F800F800F800F800F800F800F846
:105AA00000F800F800F800F800F800F800F800F836
:105AB00000F800F800F800F800F800F800F800F826
:105AC00000F81084108410840084108410841084E2
:105AD00018C618C6108418C618C618C618C618C620
:105AE00018C61084108400F800F800F800F800F8D8
:105AF00000F800F800F800F800F800F800F800F8E6
:105B000000F800F800F800F800F800F800F800F8D5
:105B100000F800F800F800F800F800F8E0FFE0FFF7
:105B200000F800F800F800F800F800F800F800F8B5
:105B300000F800F800F8E0FF00F800F800F800F8BE
:105B400000F800F800F800F800F800F800F800F895
:105B500000F800F800F800F800F800F800F800F885
:105B600000F800F800F800F800F800F8108410843D
:105B700010840084008400840084008400841084E5
:105B8000108418C618C618C618C618C618C618C66F
:105B900018C6108400840084008400840080008083
:105BA0000000000000000000000000000080000075
:105BB00000000000000000000000000000000000E5
:105BC000000000000000000000000080108400F8C9
:105BD00000F800F800F800F800F800F800F800F805
:105BE00000F800F800F800F800F800F800F800F8F5
:105BF00000F800F800F8E0FFE0FFE0FF00F800F830
:105C000000F800F800F800F800F800F800F800F8D4
:105C100000F800F800F800F800F800F800F800F8C4
:105C200000F800F800F800F800F800F800F800F8B4
:105C300000F800F800F800F800F800F800F8E0FFBD
:105C4000E0FFE0FF00F800F800F800F800F800F8C6
:105C500000F800F800F800F800F800F800F800F884
:105C600000F800F8E0FFE0FFE0FF00F800F800F8BF
:105C700000F800F800F800F800F800F800F800F864
:105C800000F800F800F800F800F800F800F800F854
:105C900000F800F800F800F800F800F800F800F844
:105CA00000F800F81084108410841084108410848C
:105CB0001084108418C618C618C618C618C618C688
:105CC00010841084108400F800F800F800F800F840
:105CD00000F800F800F800F800F800F800F800F804
:105CE00000F800F800F800F800F800F800F800F8F4
:105CF00000F800F800F800F800F800F800F8E0FFFD
:105D0000E0FF00F800F800F800F800F800F800F8EC
:105D100000F800F800F800F800F800F800F800F8C3
:105D200000F800F800F800F800F800F800F800F8B3
:105D300000F800F800F800F800F800F800F800F8A3
:105D400000F800F800F800F800F8108410841084BF
:105D50000080000000000080008000840084108427
:105D6000108418C618C618C618C618C618C618C68D
:105D700018C6108410840084008400800084008091
:105D80000080000000000000000000000000000093
:105D90000000000000000000000000000000000003
:105DA00000000000000000000000100010841084BB
:105DB00000F800F800F800F800F800F800F800F823
:105DC00000F800F800F800F800F800F800F800F813
:105DD00000F800F8E0FFE0FF00F800F800F800F835
:105DE00000F800F800F800F800F800F800F800F8F3
:105DF00000F800F800F800F800F800F800F800F8E3
:105E000000F800F800F800F800F800F800F800F8D2
:105E100000F800F800F800F8E0FFE0FFE0FF00F80D
:105E200000F800F800F800F800F800F800F800F8B2
:105E300000F800F800F800F800F800F800F800F8A2
:105E400000F800F800F800F800F8E0FFE0FFE0FFDD
:105E500000F800F800F800F800F800F800F800F882
:105E600000F800F800F800F800F800F800F800F872
:105E700000F800F800F800F800F800F800F800F862
:105E800000F800F8008410841084108410841084BA
:105E90001084108418C618C618C618C618C618C6A6
:105EA00018C61084108400F800F800F800F800F814
:105EB00000F800F800F800F800F800F800F800F822
:105EC00000F800F800F800F800F800F800F800F812
:105ED00000F800F800F800F800F800F800F800F802
:105EE000E0FF00F800F800F800F800F800F800F80B
:105EF00000F800F800F800F800F800F800F800F8E2
:105F000000F800F800F800F800F800F800F800F8D1
:105F100000F800F800F800F800F800F800F800F8C1
:105F200000F800F800F800F8108410841084108441
:105F30000080000000800080108410841084108491
:105F4000108418C618C618C618C618C618C618C6AB
:105F500018C618C610841084008400840084008051
:105F60000080008000000000000000000000000031
:105F70000000000000000000000000000000000021
:105F800000000000000000800084000010801084E9
:105F900000F800F800F800F800F800F800F800F841
:105FA00000F800F800F800F800F800F800F800F831
:105FB000E0FFE0FF00F800F800F800F800F800F853
:105FC00000F800F800F800F800F800F800F800F811
:105FD00000F800F800F800F800F800F800F800F801
:105FE00000F800F800F800F800F800F800F800F8F1
:105FF00000F800F8E0FFE0FFE0FF00F800F800F82C
:1060000000F800F800F800F800F800F800F800F8D0
:1060100000F800F800F800F800F800F800F800F8C0
:1060200000F800F800F800F800F800F800F8E0FFC9
:10603000E0FFE0FF00F800F800F800F800F800F8D2
:1060400000F800F800F800F800F800F800F800F890
:1060500000F800F800F800F800F800F800F800F880
:1060600000F800F800F81084108410841084108464
:10607000108410841084108418C618C618C618C658
:1060800010841084108400F800F800F800F800F87C
:1060900000F800F800F800F800F800F800F800F840
:1060A00000F800F8E0FF00F800F800F800F800F849
:1060B00000F800F800F800F800F800F800F800F820
:1060C00000F8E0FF00F800F800F800F800F800F829
:1060D00000F800F800F800F800F800F800F800F800
:1060E00000F800F800F800F800F800F800F800F8F0
:1060F00000F800F800F800F800F800F800F800F8E0
:1061000000F800F800F800F8108400000080108407
:106110001084008000800084008410841084108427
:1061200018C618C618C618C618C618C618C618C67F
:1061300018C618C618C61084108410840084008401
:10614000008400800000000000000000000000004B
:10615000000000000000000000000000000000003F
:10616000000000000000000000000000000010849B
:1061700000F800F800F800F800F800F800F800F85F
:1061800000F800F800F800F800F800F8E0FFE0FF81
:10619000E0FF00F800F800F800F800F800F800F858
:1061A00000F800F800F800F800F800F800F800F82F
:1061B00000F800F800F800F800F800F800F800F81F
:1061C00000F800F800F800F800F800F800F8E0FF28
:1061D000E0FFE0FF00F800F800F800F800F800F831
:1061E00000F800F800F800F800F800F800F800F8EF
:1061F00000F800F800F800F800F800F800F800F8DF
:1062000000F800F800F800F800F800F800F800F8CE
:1062100000F8E0FFE0FFE0FF00F800F800F800F809
:1062200000F800F800F800F800F800F800F800F8AE
:1062300000F800F800F800F800F800F800F800F89E
:1062400000F800F800F81084108410841084108482
:106250001084108418C618C618C618C618C618C6E2
:1062600010841084008400F800F800F800F800F8AA
:1062700000F800F800F800F800F800F800F800F85E
:1062800000F800F800F8E0FF00F800F800F800F867
:1062900000F800F800F800F800F800F800F800F83E
:1062A00000F8E0FFE0FF00F800F800F800F800F860
:1062B00000F800F800F800F800F800F800F800F81E
:1062C00000F800F800F800F800F800F800F800F80E
:1062D00000F800F800F800F800F800F8E0FF00F817
:1062E00000F800F800F800F80000000000801084BA
:1062F0001084008400800080000000800080008402
:10630000108418C618C618C618C618C618C618C6E7
:1063100018C618C618C618C61084108400840084D5
:1063200000800080008000000000000000000000ED
:10633000000000000000000000000000000000005D
:1063400000000000000000000000000000001084B9
:1063500000F800F800F800F800F800F800F800F87D
:1063600000F800F800F800F800F8E0FFE0FF00F89F
:1063700000F800F800F800F800F800F800F800F85D
:1063800000F800F800F800F800F800F800F800F84D
:1063900000F800F800F800F800F800F800F800F83D
:1063A00000F800F800F800F800F8E0FFE0FFE0FF78
:1063B00000F800F800F800F800F800F800F800F81D
:1063C00000F800F800F800F800F800F800F800F80D
:1063D00000F800F800F800F800F800F800F800F8FD
:1063E00000F800F800F800F800F800F800F800F8ED
:1063F00000F800F800F800F8E0FFE0FFE0FF00F828
:1064000000F800F800F800F800F800F800F800F8CC
:1064100000F800F800F800F800F800F800F800F8BC
:1064200000F800F800F800F810841084108410843C
:10643000108418C618C618C618C618C618C6108400
:1064400010841084108400F800F800F800F800F8B8
:1064500000F800F800F800F800F800F800F800F87C
:1064600000F800F800F800F8E0FFE0FF00F800F89E
:1064700000F800F800F800F800F800F800F800F85C
:1064800000F800F800F800F800F800F800F800F84C
:1064900000F800F800F800F800F800F800F800F83C
:1064A00000F800F800F800F800F800F8E0FF00F845
:1064B00000F800F800F800F800F800F8E0FF0084A9
:1064C00000F800F800F80084008400840084108440
:1064D00010840084008000000000008000800080A4
:1064E000008000841084108418C618C618C618C608
:1064F00018C618C618C618C618C61084108400849A
:106500000084008000800000000000000000000007
:10651000000000000000000000000000000000007B
:106520000000000000000000000000000080108457
:1065300000F800F800F800F800F800F800F800F89B
:1065400000F800F800F800F8E0FF00F800F800F8A4
:1065500000F800F800F800F800F800F800F800F87B
:1065600000F800F800F800F800F800F800F800F86B
:1065700000F800F800F800F800F800F800F800F85B
:1065800000F800F800F800F8E0FF00F800F800F864
:1065900000F800F800F800F800F800F800F800F83B
:1065A00000F800F800F800F800F800F800F800F82B
:1065B00000F800F800F800F800F800F800F800F81B
:1065C00000F800F800F800F800F800F800F800F80B
:1065D00000F800F800F800F800F800F8E0FFE0FF2D
:1065E000E0FF00F800F800F800F800F800F800F804
:1065F00000F800F800F800F800F800F800F800F8DB
:1066000000F800F800F800F810841084108418C610
:1066100018C618C618C618C618C618C618C618C68A
:1066200010841084008400F800F800F800F800F8E6
:1066300000F800F800F800F800F800F800F800F89A
:1066400000F800F800F800F800F8E0FFE0FF00F8BC
:1066500000F800F800F800F800F800F800F800F87A
:1066600000F800F800F800F800F800F800F800F86A
:1066700000F800F800F800F800F800F800F800F85A
:1066800000F800F800F800F800F800F8E0FF00F863
:1066900000F800F800F800F800F800F8E0FFE0FF6C
:1066A00000F800F800F8108410840084008410843E
:1066B0001084108400800080108410841084108462
:1066C000008400841084108418C618C618C618C622
:1066D00018C618C618C618C6108410840084008412
:1066E0000084008400800080008000000000000022
:1066F000000000000000000000000000000000009A
:106700000000000000000000000000000000008405
:1067100000F800F800F800F800F800F800F800F8B9
:1067200000F800F800F800F800F800F800F800F8A9
:1067300000F800F800F800F800F800F800F800F899
:1067400000F800F800F800F800F800F800F800F889
:1067500000F800F800F800F800F800F800F800F879
:1067600000F800F800F800F800F800F800F800F869
:1067700000F800F800F800F800F800F800F800F859
:1067800000F800F800F800F800F800F800F800F849
:1067900000F800F800F800F800F800F800F800F839
:1067A00000F800F800F800F800F800F800F800F829
:1067B00000F800F800F800F800F800F800F800F819
:1067C00000F8E0FFE0FF00F800F800F800F800F83B
:1067D00000F800F800F800F800F800F800F800F8F9
:1067E00000F800F800F800F800F81084108418C6CB
:1067F00018C618C618C618C618C618C618C618C6A9
:10680000108400840084008400F800F800F800F888
:1068100000F800F800F800F800F800F800F800F8B8
:1068200000F800F800F800F800F800F8E0FFE0FFDA
:1068300000F800F800F800F800F800F800F800F898
:1068400000F800F800F800F800F800F800F800F888
:1068500000F800F800F800F800F800F800F800F878
:1068600000F800F800F800F800F800F8E0FFE0FF9A
:1068700000F800F800F800F800F800F8E0FFE0FF8A
:1068800000F800F80084008000000080108418C622
:1068900018C618C600840084008400840084108414
:1068A00010841084108418C618C618C618C618C6D6
:1068B00018C610841084108410840084008400841E
:1068C00000840080008400800080008000000000C0
:1068D00000000000000000000000000000000000B8
:1068E0000000000000000000000000000000008424
:1068F00000F800F800F800F800F800F800F800F8D8
:1069000000F800F800F800F800F800F800F800F8C7
:1069100000F800F800F800F800F800F800F800F8B7
:1069200000F800F800F800F800F800F800F800F8A7
:1069300000F800F800F800F800F800F800F800F897
:1069400000F800F800F800F800F800F800F800F887
:1069500000F800F800F800F800F800F800F800F877
:1069600000F800F800F800F800F800F800F800F867
:1069700000F800F800F800F800F800F800F800F857
:1069800000F800F800F800F800F800F800F800F847
:1069900000F800F800F800F800F800F800F800F837
:1069A00000F800F800F800F800F800F800F800F827
:1069B00000F800F800F800F800F800F800F800F817
:1069C00000F800F800F800F800F8108418C618C69F
:1069D00018C618C618C618C618C618C618C618C6C7
:1069E00010840084008400F800F800F800F800F833
:1069F00000F800F800F800F800F800F800F800F8D7
:106A000000F800F800F800F800F800F800F8E0FFDF
:106A1000E0FF00F800F800F800F800F800F800F8CF
:106A200000F800F800F800F800F800F800F800F8A6
:106A300000F800F800F800F800F800F8E0FF00F8AF
:106A400000F800F800F800F800F800F800F8E0FF9F
:106A500000F800F800F800F800F800F8E0FFE0FFA8
:106A600000F800F800F800000080108418C618C66E
:106A700018C618C60084008000800084008410843A
:106A80000084108418C618C618C618C618C618C6BA
:106A90001084108410841084108410841084008466
:106AA00000840084008400800080008000841084C2
:106AB000108410840080000000000000000000002E
:106AC0000000000000000000000000000000008046
:106AD00000F800F800F800F800F800F800F800F8F6
:106AE00000F800F800F800F800F800F800F800F8E6
:106AF00000F800F800F800F800F800F800F800F8D6
:106B000000F800F800F800F800F800F800F800F8C5
:106B100000F800F800F800F800F800F800F800F8B5
:106B200000F800F800F800F800F800F800F800F8A5
:106B300000F800F800F800F800F800F800F800F895
:106B400000F800F800F800F800F800F800F800F885
:106B500000F800F800F800F800F800F800F800F875
:106B600000F800F800F800F800F800F800F800F865
:106B700000F800F800F800F800F800F800F800F855
:106B800000F800F800F800F800F800F800F800F845
:106B900000F800F800F800F800F800F800F800F835
:106BA00000F800F800F800F81084108418C618C621
:106BB00018C618C618C618C618C618C618C610842F
:106BC00010840084008400F800F800F800F800F851
:106BD00000F800F800F800F800F800F800F800F8F5
:106BE00000F800F800F800F800F800F800F800F8E5
:106BF000E0FFE0FF00F800F800F800F800F800F807
:106C000000F800F800F800F800F800F800F800F8C4
:106C100000F800F800F800F800F800F800F8E0FFCD
:106C200000F800F800F800F800F800F800F8E0FFBD
:106C300000F800F800F800F800F800F800F8E0FFAD
:106C400000F800F800F8008418C618C618C618C660
:106C500018C610841084008400840084008410848A
:106C6000108418C618C618C618C61084108410845C
:106C700000840084008400840084008400840084F4
:106C800000840084008400841084108410840080B8
:106C900000800080108410840000000000000000CC
:106CA000000000000000000000000000000000F8EC
:106CB00000F800F800F800F800F800F800F800F814
:106CC00000F800F800F800F800F800F800F800F804
:106CD00000F800F800F800F800F800F800F800F8F4
:106CE00000F800F800F800F800F800F800F800F8E4
:106CF00000F800F8E0FFE0FF00F800F800F800F806
:106D000000F800F800F800F800F800F800F800F8C3
:106D100000F800F800F800F800F800F800F800F8B3
:106D200000F800F800F800F800F800F800F800F8A3
:106D300000F800F800F800F800F800F800F800F893
:106D400000F800F800F800F800F800F800F800F883
:106D500000F800F800F800F800F800F800F800F873
:106D600000F800F800F800F800F800F800F800F863
:106D700000F800F800F800F800F800F800F800F853
:106D800000F800F800F800F800F8108418C618C6DB
:106D900018C618C618C618C618C618C61084108497
:106DA00000840084008400F800F800F800F800F87F
:106DB00000F800F800F800F800F800F800F800F813
:106DC00000F800F800F800F800F800F800F800F803
:106DD00000F800F8E0FF00F800F800F800F800F80C
:106DE00000F800F800F800F800F800F800F800F8E3
:106DF00000F800F800F800F800F800F800F8E0FFEC
:106E000000F800F800F800F800F800F800F8E0FFDB
:106E1000E0FF00F800F800F800F800F800F8E0FFE4
:106E200000F800F800F818C618C618C618C618C624
:106E300018C6108410841084108410840084108478
:106E40001084108418C61084108410840084008478
:106E50000084008400840084008400840084008412
:106E6000008400840084008400840084008000008A
:106E7000000000000080108400800000000000007E
:106E8000000000000000000000000000108400F876
:106E900000F800F800F800F8E0FF00F800F800F84B
:106EA00000F800F800F800F800F800F800F800F822
:106EB00000F800F800F800F800F800F800F800F812
:106EC00000F800F800F800F800F800F800F8E0FF1B
:106ED000E0FFE0FF00F800F800F800F800F800F824
:106EE00000F800F800F800F800F800F800F800F8E2
:106EF00000F800F800F800F800F800F800F800F8D2
:106F000000F800F800F800F800F800F800F800F8C1
:106F100000F800F800F800F800F800F800F800F8B1
:106F200000F800F800F800F800F800F800F800F8A1
:106F300000F800F800F800F800F800F800F800F891
:106F400000F800F800F800F800F800F800F800F881
:106F500000F800F800F800F8E0FF00F800F800F88A
:106F600000F800F800F800F81084108418C618C65D
:106F700018C6108410841084108410841084108427
:106F800000840080008400F800F800F800F800F8A1
:106F900000F800F800F800F800F800F800F800F831
:106FA00000F800F800F800F800F800F800F800F821
:106FB00000F800F800F8E0FF00F800F800F800F82A
:106FC00000F800F800F800F800F800F800F800F801
:106FD00000F800F800F800F800F800F800F800F8F1
:106FE000E0FF00F800F800F800F800F800F800F8FA
:106FF000E0FF00F800F800F800F800F800F8E0FF03
:1070000000F800F818C618C618C618C618C61084A6
:107010000084108410841084108400840084108400
:107020000084108400840084008400840084008430
:107030000084008400840084008400841084008420
:107040000084008400841084008400840080008018
:107050000084008400000084008400000000000020
:10706000000000000000000000000080008000F828
:1070700000F800F8E0FFE0FF00F800F800F800F882
:1070800000F800F800F800F800F800F800F800F840
:1070900000F800F800F800F800F800F800F800F830
:1070A00000F800F800F800F800F8E0FFE0FFE0FF6B
:1070B00000F800F800F800F800F800F800F800F810
:1070C00000F800F800F800F800F800F800F800F800
:1070D00000F800F800F800F800F800F800F800F8F0
:1070E00000F800F800F800F800F800F800F800F8E0
:1070F00000F800F800F800F800F800F800F800F8D0
:1071000000F800F800F800F800F800F800F800F8BF
:1071100000F800F800F800F800F800F800F800F8AF
:1071200000F800F800F800F800F800F800F800F89F
:1071300000F800F800F800F800F800F8E0FFE0FFC1
:1071400000F800F800F800F81084108418C618C67B
:1071500010841084108410841084008400840084BF
:107160000080008418C618C600F800F800F800F87F
:1071700000F800F800F8E0FFE0FF00F800F800F881
:1071800000F800F800F800F800F800F800F800F83F
:1071900000F800F800F800F800F800F800F800F82F
:1071A00000F800F800F800F800F800F800F8E0FF38
:1071B00000F800F800F800F800F800F800F800F80F
:1071C000E0FFE0FF00F800F800F800F800F800F831
:1071D000E0FF00F800F800F800F800F800F800F808
:1071E00000F8108418C618C618C618C618C618C6DF
:1071F000108400841084008400840084008410843F
:10720000008400840084008400840084008400845E
:10721000008400840084008400840084008400844E
:107220000084008410840084108400840080108412
:1072300010841084008000800084000000000000A2
:1072400000000000000000000000000000F800F84E
:1072500000F8E0FFE0FF00F800F800F800F800F8A0
:1072600000F800F800F800F800F800F800F800F85E
:1072700000F800F800F800F800F800F800F800F84E
:1072800000F800F8E0FFE0FFE0FF00F800F800F889
:1072900000F800F800F800F800F800F800F800F82E
:1072A00000F800F800F800F800F800F800F800F81E
:1072B00000F800F800F800F800F800F800F800F80E
:1072C00000F800F800F800F800F800F800F800F8FE
:1072D00000F800F800F800F800F800F800F800F8EE
:1072E00000F800F800F800F800F800F800F800F8DE
:1072F00000F800F800F800F800F800F800F800F8CE
:1073000000F800F800F800F800F800F800F800F8BD
:1073100000F800F800F800F800F800F800F800F8AD
:10732000E0FFE0FFE0FF00F8008410841084108488
:1073300010841084108410840084008400840084ED
:10734000108418C6FFFF18C600F800F800F800F80F
:1073500000F800F800F800F800F8E0FFE0FF00F89F
:1073600000F800F800F800F800F800F800F800F85D
:1073700000F800F800F800F800F800F800F800F84D
:1073800000F800F800F800F800F800F800F800F83D
:10739000E0FF00F800F800F800F800F800F800F846
:1073A00000F8E0FF00F800F800F800F800F800F836
:1073B00000F800F800F800F800F800F800F800F80D
:1073C00000F81084108418C618C618C618C618C647
:1073D00018C60084008410840084108410841084F3
:1073E000108400840084008400840084008400846D
:1073F000008400841084108400841084008410842D
:10740000008400840084108418C6008400800080FA
:1074100000841084008400840084000000000000C8
:1074200000000000000000000000008000F8E0FF05
:10743000E0FF00F800F800F800F800F800F800F8A5
:1074400000F800F800F800F800F800F800F800F87C
:1074500000F800F800F800F800F800F800F800F86C
:10746000E0FFE0FFE0FF00F800F800F800F800F8A7
:1074700000F800F800F800F800F800F800F800F84C
:1074800000F800F800F800F800F800F800F800F83C
:1074900000F800F800F800F800F800F800F800F82C
:1074A00000F800F800F800F800F800F800F800F81C
:1074B00000F800F800F800F800F800F800F800F80C
:1074C00000F800F800F800F800F800F800F800F8FC
:1074D00000F800F800F800F800F800F800F800F8EC
:1074E00000F800F800F800F800F800F800F800F8DC
:1074F00000F800F800F800F800F800F800F800F8CC
:1075000000F800F8E0FFE0FFE0FF10841084108432
:10751000108400840084008400840084008010842F
:1075200018C6FFFFFFFF18C600F800F800F800F8C3
:1075300000F800F800F800F800F800F8E0FFE0FFBD
:1075400000F800F800F800F800F800F800F800F87B
:1075500000F800F800F800F800F800F800F800F86B
:1075600000F800F800F800F800F800F800F800F85B
:10757000E0FFE0FF00F800F800F800F800F800F87D
:1075800000F8E0FF00F800F800F800F800F800F854
:1075900000F800F800F800F800F800F800F800F82B
:1075A00000F800840084008400841084108418C6CD
:1075B00018C6008400800084008400840084108445
:1075C000108410840084008400840084008400847B
:1075D000008400840084008400841084108410845B
:1075E00010840084108410841084108400840000AF
:1075F00000800084108400840084000000000000EB
:10760000000000000000000000000084E0FFE0FF38
:1076100000F800F800F800F800F800F800F800F8AA
:1076200000F800F800F800F800F800F800F800F89A
:1076300000F800F800F800F800F800F8E0FFE0FFBC
:10764000E0FF00F800F800F800F800F800F800F893
:1076500000F800F800F800F800F800F800F800F86A
:1076600000F800F800F800F800F800F800F800F85A
:1076700000F800F800F800F800F800F800F800F84A
:1076800000F800F800F800F800F800F800F800F83A
:1076900000F800F800F800F800F800F800F800F82A
:1076A00000F800F800F800F800F800F800F800F81A
:1076B00000F800F800F800F800F800F800F800F80A
:1076C00000F800F800F800F800F800F800F800F8FA
:1076D00000F800F800F800F800F800F800F800F8EA
:1076E00000F800F800F800F800F810841084108406
:1076F000108400840084008400840084008418C600
:10770000FFFFFFFF18C60084108400F800F800F89F
:1077100000F800F800F800F800F800F800F800F8A9
:10772000E0FFE0FF00F800F800F800F800F800F8CB
:1077300000F800F800F800F800F800F800F800F889
:1077400000F800F800F800F800F800F800F800F879
:1077500000F8E0FFE0FF00F800F800F800F800F89B
:1077600000F800F8E0FF00F800F800F800F800F872
:1077700000F800F800F800F800F800F800F800F849
:1077800000F800F800800080000000000080008405
:1077900000840084008000800084008400841084C1
:1077A0000084108410841084008400840084008489
:1077B0000084008400840084008410840084008499
:1077C000008400841084108410841084108400804D
:1077D00000800084108410840084000000000000F9
:1077E00000000000000000000084E0FF00F800F846
:1077F00000F800F800F800F800F800F800F800F8C9
:1078000000F800F800F800F800F800F800F800F8B8
:1078100000F800F800F800F8E0FFE0FF00F800F8DA
:1078200000F800F800F800F800F800F800F800F898
:1078300000F800F800F800F800F800F800F800F888
:1078400000F800F800F800F800F800F800F800F878
:1078500000F800F800F800F800F800F800F800F868
:1078600000F800F800F800F800F800F800F800F858
:1078700000F800F800F800F800F800F800F800F848
:1078800000F800F800F800F800F800F800F800F838
:1078900000F800F800F800F800F800F800F800F828
:1078A00000F800F800F800F800F800F800F800F818
:1078B00000F800F800F800F800F800F800F800F808
:1078C00000F800F800F800F800F800F810840084D0
:1078D00010840084008400840084008418C6FFFFA4
:1078E000FFFF18C6008410841084108400F800F88C
:1078F00000F800F800F800F800F800F800F800F8C8
:1079000000F8E0FFE0FF00F800F800F800F800F8E9
:1079100000F800F800F800F800F800F800F800F8A7
:1079200000F800F800F800F800F800F800F800F897
:1079300000F800F8E0FFE0FF00F800F800F800F8B9
:1079400000F800F800F800F800F800F800F800F877
:1079500000F800F800F800F800F800F800F800F867
:1079600000F8108400840080008000800080008483
:1079700010841084008000800080008400840084D3
:1079800010841084008400840084008400840084B7
:1079900000840084008400840084008400840084C7
:1079A0000084108410841084008400840084108477
:1079B0000084008410841084008000000000000017
:1079C000000000000000008400F800F800F800F853
:1079D00000F800F800F800F800F800F800F800F8E7
:1079E00000F800F800F800F800F800F800F800F8D7
:1079F00000F800F800F800F800F800F800F800F8C7
:107A000000F800F800F800F800F800F800F800F8B6
:107A100000F800F800F800F800F800F800F800F8A6
:107A200000F800F800F800F800F800F800F800F896
:107A300000F800F800F800F800F800F800F800F886
:107A400000F800F800F800F800F800F800F800F876
:107A500000F800F800F800F800F800F800F800F866
:107A600000F800F800F800F800F800F800F800F856
:107A700000F800F800F800F800F800F800F800F846
:107A800000F800F800F800F800F800F800F800F836
:107A900000F800F800F800F800F800F800F800F826
:107AA00000F800F800F800F800F800F800840084FE
:107AB0000084008400840084008418C6FFFF18C678
:107AC00018C610840084108410841084108400F878
:107AD00000F800F800F800F800F800F800F800F8E6
:107AE00000F800F800F8E0FFE0FF00F800F800F808
:107AF00000F800F800F800F800F800F800F800F8C6
:107B000000F8E0FF00F800F800F800F800F800F8CE
:107B100000F800F800F8E0FF00F800F800F800F8BE
:107B200000F800F800F800F800F800F800F800F895
:107B300000F800F800F800F800F800F800F800F885
:107B400000F810840084008000841084108418C61B
:107B500018C61084008400800080008000840084A7
:107B600000840084008400840084008400840084F5
:107B700000840084008400840084008400840084E5
:107B800000841084008410840084008400841084A5
:107B900010841084108400840000000000000000A5
:107BA00000000000000000F800F800F800F800F8FD
:107BB00000F800F800F800F800F800F800F800F805
:107BC00000F800F800F800F800F800F800F800F8F5
:107BD00000F800F800F800F800F800F800F800F8E5
:107BE00000F800F800F800F800F800F800F800F8D5
:107BF00000F800F800F800F800F800F800F800F8C5
:107C000000F800F800F800F800F800F800F800F8B4
:107C100000F800F800F800F800F800F800F800F8A4
:107C200000F800F800F800F800F800F8E0FFE0FFC6
:107C3000E0FFE0FFE0FFE0FF00F800F800F800F8E8
:107C400000F800F800F800F800F800F800F800F874
:107C500000F800F800F800F800F800F800F800F864
:107C600000F800F800F800F800F800F800F800F854
:107C700000F800F800F800F800F800F800F800F844
:107C800000F800F800F800F800F800F800F80084A8
:107C90000084008400840080108418C618C618C6AA
:107CA00018C600840084008400840084008410844A
:107CB00000F800F800F800F800F800F800F800F804
:107CC00000F800F800F800F800F8E0FF00F800F80D
:107CD00000F800F800F800F800F800F800F800F8E4
:107CE00000F800F8E0FF00F800F800F800F800F8ED
:107CF00000F800F800F800F8E0FF00F800F800F8DD
:107D000000F800F800F800F800F800F800F800F8B3
:107D100000F800F800F800F800F800F800F800F8A3
:107D200000F8108400840080008418C618C618C6A5
:107D300018C618C60084008000800080008000847F
:107D40000084008400840084008400840084008413
:107D500000840084008400840084008400841084F3
:107D600010841084008410841084108418C6108439
:107D700010841084108400800000000000000000C7
:107D800000000000008000F800F800F800F800F89B
:107D900000F800F800F800F800F800F800F800F823
:107DA00000F800F800F800F800F800F800F800F813
:107DB00000F800F800F800F800F800F800F800F803
:107DC00000F800F800F800F800F800F800F800F8F3
:107DD00000F800F800F800F800F800F800F800F8E3
:107DE00000F800F800F800F800F800F800F800F8D3
:107DF00000F800F800F800F800F800F800F800F8C3
:107E000000F800F8E0FFE0FFE0FFE0FFE0FF00F82F
:107E100000F800F800F800F8E0FFE0FF00F800F8D4
:107E200000F800F800F800F800F800F800F800F892
:107E300000F800F800F800F800F800F800F800F882
:107E400000F800F800F800F800F800F800F800F872
:107E500000F800F800F800F800F800F800F800F862
:107E600000F800F800F800F800F800F800F800F852
:107E7000008400840084008418C6FFFFFFFF18C63A
:107E800000840084008400840084008400840084D2
:107E90001084108400F800F800F800F800F800F8EA
:107EA00000F800F800F800F800F800F800F800F812
:107EB00000F800F800F800F800F800F800F800F802
:107EC00000F800F800F8E0FFE0FF00F800F800F824
:107ED00000F800F800F800F800F800F800F800F8E2
:107EE00000F800F800F800F800F800F800F800F8D2
:107EF00000F800F800F800F800F800F800F800F8C2
:107F000000F800840084108410841084108410848D
:107F10001084108410840080008000800084008021
:107F20000084008400840084008400840084008431
:107F30000084008400840084008400840084108411
:107F40001084108410841084108410841084108491
:107F5000108400800080008000800000000000008D
:107F60000000000000F800F800F800F800F800F841
:107F700000F800F800F800F800F800F800F800F841
:107F800000F800F800F800F800F800F800F800F831
:107F900000F800F800F800F800F800F800F800F821
:107FA00000F800F800F800F800F800F800F800F811
:107FB00000F800F800F800F800F800F800F800F801
:107FC00000F800F800F800F800F800F800F800F8F1
:107FD00000F800F800F800F800F800F8E0FFE0FF13
:107FE000E0FFE0FFE0FF00F800F800F800F800F81C
:107FF00000F800F800F800F800F8E0FFE0FFE0FF0C
:10800000E0FFE0FFE0FF00F800F800F800F800F8FB
:1080100000F800F800F800F800F800F800F800F8A0
:1080200000F800F800F800F800F800F800F800F890
:1080300000F800F800F800F800F800F800F800F880
:1080400000F800F800F800F800F800F800F800F870
:10805000108400840084108418C618C618C60084D2
:108060000080008400840084008400040084008474
:1080700010841084108400F800F800F800F800F86C
:1080800000F800F800F800F800F800F800F800F830
:1080900000F800F800F800F800F800F800F800F820
:1080A00000F800F800F800F8E0FFE0FF00F800F842
:1080B00000F800F800F800F800F800F800F800F800
:1080C00000F800F800F800F800F800F800F800F8F0
:1080D00000F800F800F800F800F800F800F800F8E0
:1080E00000F80084008410840084008400840084EC
:1080F000008400840084008400800080008000846C
:10810000008400840084008400840084008400844F
:10811000008400841084008400840084008410841F
:1081200010841084108418C618C61084108400802F
:1081300000800000008000800080008000000000BF
:108140000000008000F800F800F800F800F800F8DF
:1081500000F800F800F800F800F800F800F800F85F
:10816000E0FFE0FFE0FF00F800F800F800F800F89A
:1081700000F800F800F800F800F800F800F800F83F
:1081800000F800F800F800F800F800F800F800F82F
:1081900000F800F800F800F800F800F800F800F81F
:1081A00000F800F800F800F800F800F800F800F80F
:1081B00000F800F800F8E0FFE0FFE0FFE0FF00F863
:1081C00000F800F800F800F800F800F800F800F8EF
:1081D00000F800F800F800F800F800F800F800F8DF
:1081E00000F800F8E0FFE0FFE0FFE0FFE0FF00F84C
:1081F00000F800F800F800F800F800F800F800F8BF
:1082000000F800F800F800F800F800F800F800F8AE
:1082100000F800F800F800F800F800F800F800F89E
:1082200000F800F800F800F800F800F800F81084F2
:1082300010840084008418C618C618C610840084F0
:10824000008400840004008400840084008410847E
:10825000108400840084108400F800F800F800F80E
:1082600000F800F800F800F800F800F800F800F84E
:1082700000F800F800F800F800F800F800F800F83E
:1082800000F800F800F800F800F8E0FFE0FF00F860
:1082900000F800F800F800F800F800F800F800F81E
:1082A00000F800F800F800F800F800F800F800F80E
:1082B00000F800F800F800F800F800F800F800F8FE
:1082C00000F800F8008000800080008000800080BE
:1082D0000080008000840084008000800080008492
:1082E000008400840084008400840084008400846E
:1082F000008400840084008400841084108410842E
:108300001084108400840084008400800000000039
:1083100000800080008000800080008000800000DD
:108320000000008000F800F800F800F800F800F8FD
:1083300000F800F800F800F800F8E0FFE0FFE0FFC8
:1083400000F800F800F800F800F800F800F800F86D
:1083500000F800F800F800F800F800F800F800F85D
:1083600000F800F800F800F800F800F800F800F84D
:1083700000F800F800F800F800F800F800F800F83D
:1083800000F800F800F800F800F800F800F800F82D
:1083900000F800F800F800F800F800F800F800F81D
:1083A00000F800F800F800F800F800F800F800F80D
:1083B00000F800F800F800F800F800F800F800F8FD
:1083C00000F800F800F800F800F800F8E0FFE0FF1F
:1083D000E0FFE0FFE0FF00F800F800F800F800F828
:1083E00000F800F800F800F800F800F800F800F8CD
:1083F00000F800F800F800F800F800F800F800F8BD
:1084000000F800F800F800F800F800F800F8108410
:1084100010841084108418C618C610840084008448
:108420000084008000000000008400841084008428
:1084300000840084008410841084108400F800F804
:1084400000F800F800F800F800F800F800F800F86C
:1084500000F800F800F800F800F800F800F800F85C
:1084600000F800F800F800F800F800F8E0FFE0FF7E
:1084700000F800F800F800F800F800F800F800F83C
:1084800000F800F800F800F800F800F800F800F82C
:1084900000F800F800F800F800F800F800F800F81C
:1084A00000F800F8008400800080008400840084CC
:1084B00000800080008000800084008400840084AC
:1084C000008400840084008400840084008400848C
:1084D000008400840084008400840084108410845C
:1084E00000841084008000800000000000000080F4
:1084F00000800080008010840080008000800000E8
:10850000000000F800F800F800F800F800F800F8A3
:1085100000F800F800F8E0FFE0FFE0FF00F800F8E6
:1085200000F800F800F800F800F800F800F800F88B
:1085300000F800F800F800F800F800F800F800F87B
:1085400000F800F800F800F800F800F800F800F86B
:1085500000F800F800F800F800F800F800F800F85B
:1085600000F800F800F800F800F800F800F800F84B
:1085700000F800F800F800F800F800F800F800F83B
:1085800000F800F800F800F800F800F800F800F82B
:1085900000F800F800F800F800F800F800F800F81B
:1085A00000F800F800F800F800F800F800F800F80B
:1085B00000F800F800F8E0FFE0FFE0FF00F800F846
:1085C00000F800F800F800F800F800F800F800F8EB
:1085D00000F800F800F800F800F800F800F800F8DB
:1085E00000F800F800F800F800F800F81084108493
:1085F0001084108418C618C618C6008400000084B1
:108600000000000000000000000000000004000066
:1086100000840084000400840084108400F800F8C2
:1086200000F800F800F800F800F800F800F800F88A
:1086300000F800F800F800F8E0FF008400F800F807
:1086400000F800F800F800F800F800F800F800F86A
:1086500000F800F800F800F800F800F800F800F85A
:1086600000F800F800F800F800F800F800F800F84A
:1086700000F800F800F800F800F800F800F800F83A
:1086800000F800F80084108410841084108418C648
:10869000108410840084008000840084008400849E
:1086A00000800084008400840084008400840084AE
:1086B000008400840084008400840084008400849A
:1086C000008410840084000000000080008000808E
:1086D000000000800084008400840084008000008A
:1086E000008000F800F800F800F800F800F800F842
:1086F00000F8E0FFE0FFE0FF00F800F800F800F805
:1087000000F800F800F800F800F800F800F800F8A9
:1087100000F800F800F800F800F800F800F800F899
:1087200000F800F800F800F800F800F800F800F889
:1087300000F800F800F800F800F800F800F8E0FF92
:10874000E0FF00F800F800F800F800F800F800F882
:1087500000F800F800F800F800F800F800F800F859
:1087600000F800F800F800F800F800F800F800F849
:1087700000F800F800F800F800F800F800F800F839
:1087800000F800F800F800F800F800F800F800F829
:1087900000F800F800F800F800F800F800F800F819
:1087A00000F800F800F800F800F800F800F800F809
:1087B00000F800F800F800F800F800F800F800F8F9
:1087C00000F800F800F800F800F800F818C6108467
:1087D000108418C618C618C60084000000000000E7
:1087E00000000084000000000000000000840084FD
:1087F00000040084008400840084108410840084B9
:1088000000F800F800F800F800F800F800F800F8A8
:1088100000F800F800F800F800F8E0FFE0FF00F8CA
:1088200000F800F800F800F800F800F800F800F888
:1088300000F800F800F800F800F800F800F800F878
:1088400000F800F800F800F800F800F800F800F868
:1088500000F800F800F800F800F800F800F800F858
:1088600000F800F8008400800084108400841084E4
:1088700010841084108400840080008000840084B0
:1088800000840084008400840084008400840084C8
:1088900000840084008400840084008400840084B8
:1088A00000840084008000800080008000800080C0
:1088B000008000800084008400840080000000802C
:1088C00000F800F800F800F800F800F800F800F8E8
:1088D000E0FF00F800F800F800F800F800F800F8F1
:1088E00000F800F800F800F800F800F800F800F8C8
:1088F00000F800F800F800F800F800F800F800F8B8
:1089000000F800F800F800F800F800F800F800F8A7
:1089100000F800F8E0FFE0FFE0FFE0FFE0FF00F814
:1089200000F800F800F800F800F800F800F800F887
:1089300000F800F800F800F800F800F800F800F877
:1089400000F800F800F800F800F800F800F800F867
:1089500000F800F800F800F800F800F800F800F857
:1089600000F800F800F800F800F800F800F800F847
:1089700000F800F800F800F800F800F800F800F837
:1089800000F800F800F800F800F800F800F800F827
:1089900000F800F800F800F800F800F800F800F817
:1089A00000F800F800F800F800F81084FFFF18C67F
:1089B0001084FFFF18C610840000000000000000B3
:1089C0000000008400040000000000840084000413
:1089D00000840084000400840084008410841084D7
:1089E000008400F800F800F800F800F800F800F83B
:1089F00000F800F800F800F800F800F800F8E0FFD0
:108A0000E0FF00F800F800F800F800F800F800F8BF
:108A100000F800F800F800F800F800F800F800F896
:108A200000F800F800F800F800F800F800F800F886
:108A300000F800F800F800F800F800F800F800F876
:108A400000F800F80080008000800080008400842E
:108A500000840084108400840084008000800084EE
:108A600000840080008400800084008000800084F6
:108A700000840084008400840084008400840084D6
:108A800000840084008400800080008000800080DA
:108A9000008000801084008400840080000000803A
:108AA00000F800F800F800F800F800F800F800F806
:108AB00000F800F800F800F800F800F800F800F8F6
:108AC00000F800F800F800F800F800F800F800F8E6
:108AD00000F800F800F800F800F800F800F800F8D6
:108AE00000F800F800F800F800F800F8E0FFE0FFF8
:108AF000E0FFE0FFE0FF00F800F800F800F800F801
:108B000000F800F800F800F800F800F800F800F8A5
:108B100000F800F800F800F800F800F800F800F895
:108B200000F800F800F800F800F800F800F800F885
:108B300000F800F800F800F800F800F800F800F875
:108B400000F800F800F800F800F800F800F800F865
:108B500000F800F800F800F800F800F800F800F855
:108B600000F800F800F800F800F800F800F800F845
:108B700000F8E0FFE0FFE0FFE0FF00F800F800F899
:108B800000F800F800F800F800F818C6FFFF18C653
:108B900018C618C610840000000000000000000085
:108BA00000000000008400840084008400840084AD
:108BB0000084008400840084008400840084008495
:108BC0000084108400F800F800F800F800F800F8BD
:108BD00000F800F800F800F800F800F800F800F8D5
:108BE000E0FFE0FF00F800F800F800F800F800F8F7
:108BF00000F800F800F800F800F800F800F800F8B5
:108C000000F800F800F800F800F800F800F800F8A4
:108C100000F800F800F800F800F800F800F800F894
:108C200000F800F800800080108410841084108404
:108C300010841084108410840084008000800084DC
:108C4000008400800084008000800080008000801C
:108C500000840080008400840084008400840084F8
:108C600000840084008400800080008000800080F8
:108C7000008000841084108400840000008000F8CC
:108C800000F800F800F800F800F800F800F800F824
:108C900000F800F800F800F800F800F800F800F814
:108CA00000F800F800F800F800F800F800F800F804
:108CB00000F800F800F800F800F800F800F800F8F4
:108CC00000F800F8E0FFE0FFE0FFE0FFE0FF00F861
:108CD00000F800F800F800F800F800F800F800F8D4
:108CE00000F800F800F800F800F800F800F800F8C4
:108CF00000F800F800F800F800F800F800F800F8B4
:108D000000F800F800F800F800F800F800F800F8A3
:108D100000F800F800F800F800F800F800F800F893
:108D200000F800F800F800F800F800F800F800F883
:108D300000F800F800F800F800F800F800F800F873
:108D400000F800F800F800F800F800F800F800F863
:108D500000F800F800F800F800F8E0FFE0FFE0FF9E
:108D6000E0FF008400F800F800F818C618C618C61E
:108D700018C6008400000084008400000000000089
:108D80000000000000000000000400840084008453
:108D9000000400000004000000840084008400043B
:108DA00000841084108400F800F800F800F800F83F
:108DB00000F800F800F800F800F800F800F800F8F3
:108DC00000F800F8E0FFE0FF00F800F800F800F815
:108DD00000F800F800F800F800F800F800F800F8D3
:108DE00000F800F800F800F800F800F800F800F8C3
:108DF00000F800F800F800F800F800F800F800F8B3
:108E000000F800F800F800840084108410841084B6
:108E100010841084108410841084008000800080EE
:108E2000008000800084008000800080008000803E
:108E30000080008000800080008400840084008422
:108E4000008400800080008000000080008000809E
:108E5000108410841084008400800080E0FFE0FF14
:108E600000F800F800F800F800F800F800F800F842
:108E700000F800F800F800F800F800F800F800F832
:108E800000F800F800F800F800F800F800F800F822
:108E900000F800F800F800F800F800F800F800F812
:108EA000E0FFE0FF00F800F800F800F800F800F834
:108EB00000F800F800F800F800F800F800F800F8F2
:108EC00000F800F800F800F800F800F800F800F8E2
:108ED00000F800F800F800F800F800F800F800F8D2
:108EE00000F800F800F800F800F800F800F800F8C2
:108EF00000F800F800F800F800F800F800F800F8B2
:108F000000F800F800F800F800F800F800F800F8A1
:108F100000F800F800F800F800F800F800F800F891
:108F200000F800F800F800F800F800F800F800F881
:108F300000F800F800F800F800F800F800F800F871
:108F4000E0FFE0FFE0FFE0FF18C618C618C618C62D
:108F5000008400000000000000000000000000008D
:108F60000000000000000000000000840004000079
:108F7000000000000004000000040084008400845D
:108F8000008400841084108400F800F800F800F8D1
:108F900000F800F800F800F800F800F800F800F811
:108FA00000F800F800F800F800F800F800F800F801
:108FB00000F800F800F800F800F800F800F800F8F1
:108FC00000F800F800F800F800F800F800F800F8E1
:108FD00000F800F800F800F800F800F800F800F8D1
:108FE00000F800F800F800800080008400841084FD
:108FF000108410840084108400840080008000802D
:109000000080008000800080008000800080008060
:109010000080008000800080008400840080008444
:109020000080008000800000000000800084108428
:10903000108410841084008400840084008400F86C
:1090400000F800F800F800F800F800F800F800F860
:1090500000F800F800F800F800F800F800F800F850
:1090600000F800F800F800F800F800F800F800F840
:1090700000F800F800F800F800F800F800F800F830
:1090800000F800F800F800F800F800F800F800F820
:1090900000F800F800F800F800F800F800F800F810
:1090A00000F800F800F800F800F800F800F800F800
:1090B00000F800F800F800F800F800F800F800F8F0
:1090C00000F800F800F800F800F800F800F800F8E0
:1090D00000F800F800F800F800F800F800F800F8D0
:1090E00000F800F800F800F800F800F800F800F8C0
:1090F00000F800F800F800F800F800F800F800F8B0
:1091000000F800F800F800F800F800F800F800F89F
:1091100000F800F800F800F800F800F800F800F88F
:1091200000F800F800F800F818C618C6108400000F
:10913000000000000000000000000000000000002F
:10914000000000000000000000000000000000001F
:109150000000000000000000000400000084008403
:1091600000840084108410841084108400F800F8B7
:1091700000F800F800F800F800F800F800F800F82F
:1091800000F800F800F800F800F800F800F800F81F
:1091900000F800F800F800F800F800F800F800F80F
:1091A00000F800F800F800F800F800F800F800F8FF
:1091B00000F800F800F800F800F800F800F800F8EF
:1091C00000F800F800F8008000800084008410841B
:1091D000108410840084008400840080008000805B
:1091E000008000800080008000800080008000807F
:1091F000008000800080008000840080008000806B
:10920000008000800080008000841084108400842E
:10921000008400840084008000840084008400F8BE
:1092200000F800F800F800F800F800F800F800F87E
:1092300000F800F800F800F800F800F800F800F86E
:1092400000F800F800F800F800F800F800F800F85E
:1092500000F800F800F800F800F800F800F800F84E
:1092600000F800F800F800F800F800F800F800F83E
:1092700000F800F800F800F800F800F800F800F82E
:1092800000F800F800F800F800F800F800F800F81E
:1092900000F800F800F800F800F800F800F800F80E
:1092A00000F800F800F800F800F800F800F800F8FE
:1092B00000F800F800F800F800F800F800F800F8EE
:1092C00000F800F800F800F800F800F800F800F8DE
:1092D00000F800F800F800F800F800F800F800F8CE
:1092E00000F800F800F800F800F800F800F800F8BE
:1092F00000F800F800F800F800F800F800F800F8AE
:1093000000F800F800F8108418C61084000000006F
:10931000000000000000000000000000000000004D
:10932000000000000000000000000000000000003D
:1093300000000000000000000000000400040084A1
:10934000008410841084108410841084108400F829
:1093500000F8E0FFE0FF00F800F800F800F800F87F
:1093600000F800F800F800F800F800F800F800F83D
:1093700000F800F800F800F800F800F800F800F82D
:1093800000F800F800F800F800F800F800F800F81D
:1093900000F800F800F800F800F800F800F800F80D
:1093A00000F800F8008000800080008000840084C5
:1093B00000840084008400800080008000800080A1
:1093C000008000800080008000800080008000809D
:1093D000008000800080008000800080008000808D
:1093E00000000080008000840084008400840084E9
:1093F000008400840084008410841084108400F8A9
:1094000000F800F800F800F800F800F800F800F89C
:1094100000F800F800F800F800F800F800F800F88C
:1094200000F800F8E0FFE0FFE0FFE0FFE0FF00F8F9
:1094300000F800F800F800F800F800F800F800F86C
:1094400000F800F800F800F800F800F800F800F85C
:1094500000F800F800F800F800F800F800F800F84C
:1094600000F800F800F800F800F800F800F800F83C
:1094700000F800F800F800F800F800F800F800F82C
:1094800000F800F800F800F800F800F800F800F81C
:1094900000F800F800F800F800F800F800F800F80C
:1094A00000F800F800F800F800F800F800F800F8FC
:1094B00000F800F800F800F800F800F800F800F8EC
:1094C00000F800F800F800F800F800F800F800F8DC
:1094D00000F800F800F800F800F800F800F800F8CC
:1094E00000F800F8108410840084000000000000E0
:1094F000000000000000000000000000000000006C
:10950000000000000000000000000000000000005B
:109510000000000000000000000000040000000047
:10952000000000000000000000840084108410840B
:10953000008000F800F8E0FFE0FFE0FF00F800F82E
:1095400000F800F800F800F800F800F800F800F85B
:1095500000F800F800F800F800F800F800F800F84B
:1095600000F800F800F800F800F800F800F800F83B
:1095700000F800F800F800F800F800F800F800F82B
:1095800000F800F800F80080008000800080008073
:10959000008000800080008000800000008000804B
:1095A000008000000000000000800080008000803B
:1095B00000800080008000800080008000000000AB
:1095C0000000008000840084008400800084008407
:1095D000008400840084008400841084108400F8D7
:1095E00000F800F800F800F800F800F800F800F8BB
:1095F00000F800F800F800F800F800F8E0FFE0FFDD
:10960000E0FFE0FFE0FF00F800F800F800F800F8E5
:1096100000F800F800F800F800F800F800F800F88A
:1096200000F800F800F800F800F800F800F800F87A
:1096300000F800F800F800F800F800F800F800F86A
:1096400000F800F800F800F800F800F800F800F85A
:1096500000F800F800F800F800F800F800F800F84A
:1096600000F800F800F800F800F800F800F800F83A
:1096700000F800F800F800F800F800F800F800F82A
:1096800000F800F800F800F800F800F800F800F81A
:1096900000F800F800F800F800F800F800F800F80A
:1096A00000F800F800F800F800F800F800F800F8FA
:1096B00000F800F800F800F800F800F800F800F8EA
:1096C00000F800F810840000000000000000000016
:1096D000000000000000000000000000000000008A
:1096E0000000000000000004000000000000000076
:1096F000000000000000000000000000000000006A
:109700000000000000000000008400840084108439
:109710001084008400F800F800F8E0FFE0FFE0FFAC
:1097200000F800F800F800F800F800F800F800F879
:1097300000F800F800F800F800F800F800F800F869
:1097400000F800F800F800F800F800F800F800F859
:1097500000F800F800F800F800F800F800F800F849
:1097600000F800F800F80080008000800080008091
:109770000080008000800080000000800080008069
:1097800000000000000000000080008000800080D9
:1097900000800080008000800000000000000000C9
:1097A00000800080008000840084008400800084A9
:1097B000008400840084008400841084108400F8F5
:1097C00000F800F800F800F800F800F800F800F8D9
:1097D00000F800F800F8E0FFE0FFE0FFE0FF00F82D
:1097E00000F800F800F800F800F800F800F800F8B9
:1097F00000F800F800F800F800F800F800F800F8A9
:1098000000F800F800F800F800F800F800F800F898
:1098100000F800F800F800F800F800F800F800F888
:1098200000F800F800F800F800F800F800F800F878
:1098300000F800F800F800F800F800F800F800F868
:1098400000F800F800F800F800F800F800F800F858
:1098500000F800F800F800F800F800F800F800F848
:1098600000F800F800F800F800F800F800F800F838
:1098700000F800F800F800F800F800F800F800F828
:1098800000F800F800F800F800F800F800F800F818
:1098900000F800F800F800F800F800F800F800F808
:1098A0001084108400000000000000000000000090
:1098B00000000000000000000000000000000000A8
:1098C0000000000000040000000000000000000490
:1098D0000000000000000000000000000000000088
:1098E00000000000000400840084008400840084E0
:1098F00000001084108400F800F800F800F800F868
:10990000E0FF00F800F800F800F800F800F800F8B0
:1099100000F800F800F800F800F800F800F800F887
:1099200000F800F800F800F800F800F800F800F877
:1099300000F800F800F800F800F800F800F800F867
:1099400000F800F800F800F8008000800080008037
:109950000080008000000080008000000000000007
:1099600000000000000000000080008000000000F7
:109970000000000000000000000000000000008463
:1099800000800084008000800084008000840080CB
:10999000008400840080008410840084108400808F
:1099A00000F800F800F800F800F800F800F800F8F7
:1099B00000F800F800F800F800F800F800F800F8E7
:1099C00000F800F800F800F800F800F800F800F8D7
:1099D00000F800F800F800F800F800F800F800F8C7
:1099E00000F800F800F800F800F800F800F800F8B7
:1099F00000F800F800F800F800F800F800F800F8A7
:109A000000F800F800F800F800F800F800F800F896
:109A100000F800F800F800F800F800F800F800F886
:109A200000F800F800F800F800F800F800F800F876
:109A300000F800F800F800F800F800F800F800F866
:109A400000F800F800F800F800F800F800F800F856
:109A500000F800F800F800F800F800F800F800F846
:109A600000F800F800F800F800F800F800F800F836
:109A700000F800F800F800F800F800F800F800F826
:109A80001084000000000000000000000000000042
:109A900000000000000000000000000000000000C6
:109AA00000000004000000000000000000000000B2
:109AB00000000004000000000000000000000000A2
:109AC000000000000004000400000000008400000A
:109AD000008410841084108400F800F800F800F866
:109AE00000F800F800F800F800F800F800F800F8B6
:109AF00000F800F800F800F800F800F800F800F8A6
:109B000000F800F800F800F800F800F800F800F895
:109B100000F800F800F800F800F800F800F800F885
:109B200000F800F800F800F800F800F80080008065
:109B30000080000000800080000000800000000025
:109B40000000000000000000000000000000000015
:109B50000000000000000000000000000080008005
:109B600000800084008400800080008400800084E5
:109B700000840080008400840084008410840084B9
:109B8000E0FFE0FFE0FF00F800F800F800F800F860
:109B900000F800F800F800F800F800F800F800F805
:109BA00000F800F800F800F800F800F800F800F8F5
:109BB00000F800F800F800F800F800F800F800F8E5
:109BC00000F800F800F800F800F800F800F800F8D5
:109BD00000F800F800F800F800F800F800F800F8C5
:109BE00000F800F800F800F800F800F800F800F8B5
:109BF00000F800F800F800F800F800F800F800F8A5
:109C000000F800F800F800F800F800F800F800F894
:109C100000F800F800F800F800F800F800F800F884
:109C200000F800F800F800F800F800F800F800F874
:109C300000F800F800F800F800F800F800F800F864
:109C400000F800F800F800F800F800F800F800F854
:109C500000F800F800F800F800F800F800F800F844
:109C600000F800800000000000000000000000007C
:109C700000000000000000000000000000000000E4
:109C800000000000000000000000000000000000D4
:109C900000000004000000000000000000000000C0
:109CA00000000004000000000004008400840000A4
:109CB0000084108410841084108400F800F800F8E8
:109CC00000F800F800F800F800F800F800F800F8D4
:109CD00000F800F800F800F800F800F800F800F8C4
:109CE00000F800F800F800F800F800F800F800F8B4
:109CF00000F800F800F800F800F800F800F800F8A4
:109D000000F800F800F800F800F800F80080008083
:109D100000800080008000000000000000000000C3
:109D20000000000000000000000000000000000033
:109D30000000000000000000008000800080008023
:109D40000080008000840080008400800084008403
:109D5000000000000080000400840084008400846F
:109D6000008400F800F800F800F800F800F800F8A7
:109D700000F800F800F800F800F800F800F800F823
:109D800000F800F800F800F800F800F800F800F813
:109D900000F800F800F800F800F800F800F800F803
:109DA00000F800F800F800F800F800F800F800F8F3
:109DB00000F800F800F800F800F800F800F800F8E3
:109DC00000F800F800F800F800F800F800F800F8D3
:109DD00000F800F800F800F800F800F800F800F8C3
:109DE00000F800F800F800F800F800F800F800F8B3
:109DF00000F800F8E0FFE0FF00F800F800F800F8D5
:109E000000F800F800F800F800F800F800F800F892
:109E100000F800F800F800F800F800F800F800F882
:109E200000F800F800F800F800F800F800F800F872
:109E300000F800F800F800F800F800F800F800F862
:109E400000F800F8008000000000000000000000A2
:109E50000000000000000000000000000000000002
:109E600000000000000000000000000000000000F2
:109E700000000000000000000000000000000000E2
:109E800000040004000000000004008400840000BE
:109E900000800084108400841084108400F800F88E
:109EA00000F800F800F800F800F800F800F800F8F2
:109EB00000F800F800F800F800F800F800F800F8E2
:109EC00000F800F800F800F800F800F800F800F8D2
:109ED00000F800F800F800F800F800F800F800F8C2
:109EE00000F800F800F800F800F800F800F800802A
:109EF0000080008000800080000000000000000062
:109F00000000000000000000000000000000000051
:109F10000000000000000000008000800080008041
:109F200000000000008000000080008000000000B1
:109F30000000000000000084008000000084008415
:109F40001084108400F800F800F800F800F800F819
:109F500000F800F800F800F800F800F800F800F841
:109F600000F800F800F800F800F800F800F800F831
:109F700000F800F800F800F800F800F800F800F821
:109F800000F800F800F800F800F800F800F800F811
:109F900000F800F800F800F800F800F800F800F801
:109FA00000F800F800F800F800F800F800F800F8F1
:109FB00000F800F800F800F800F800F800F800F8E1
:109FC000E0FFE0FFE0FFE0FFE0FFE0FFE0FFE0FF99
:109FD000E0FFE0FFE0FFE0FF00F800F800F800F825
:109FE00000F800F800F800F800F800F800F800F8B1
:109FF00000F800F800F800F800F800F800F800F8A1
:10A0000000F800F800F800F800F800F800F800F890
:10A0100000F800F800F800F800F800F800F800F880
:10A0200000F800F800F800F80080000000000000D0
:10A030000000000000000000000000000000000020
:10A040000000000000000000000000000000000010
:10A050000000000000000000000000000000000000
:10A060000000000000000004008400840084000060
:10A070000000008400840084008400840084108434
:10A0800000F800F800F800F800F800F800F800F810
:10A0900000F800F800F800F800F800F800F800F800
:10A0A00000F800F800F800F800F800F800F800F8F0
:10A0B00000F800F800F800F800F800F800F800F8E0
:10A0C00000F800F800F800F800F800F800F8008048
:10A0D0000000008000000000000000000000000000
:10A0E0000000000000000000000000000000000070
:10A0F00000000000000000800000000000000000E0
:10A10000000000000080008000000000000000004F
:10A1100000000000000000000000000000000080BF
:10A1200010841084108400F800F800F800F800F89B
:10A1300000F800F800F800F800F800F800F800F85F
:10A1400000F800F800F800F800F800F800F800F84F
:10A1500000F800F800F800F800F800F800F800F83F
:10A1600000F800F800F800F800F800F800F800F82F
:10A1700000F800F800F800F800F800F800F800F81F
:10A1800000F800F800F800F800F800F800F800F80F
:10A1900000F800F800F800F800F800F800F800F8FF
:10A1A00000F800F800F800F800F800F800F800F8EF
:10A1B00000F800F800F800F8E0FFE0FFE0FF00F82A
:10A1C00000F800F800F800F800F800F800F800F8CF
:10A1D00000F800F800F800F800F800F800F800F8BF
:10A1E00000F800F800F800F800F800F800F800F8AF
:10A1F00000F800F800F800F800F800F800F800F89F
:10A2000000F800F800F800F800F8008000000000F6
:10A21000000000000000000000000000000000003E
:10A22000000000000000000000000000000000002E
:10A23000000000000000000400000000000000001A
:10A240000000000000000000008400840004000002
:10A250000084008400840080008000000000000072
:10A26000008400F800F800F800F800F800F800F8A2
:10A2700000F800F800F800F800F800F800F800F81E
:10A2800000F800F800F800F800F800F800F800F80E
:10A2900000F800F800F800F800F800F800F800F8FE
:10A2A00000F800F800F800F800F800F800F800F8EE
:10A2B000008000000000000000000000000000001E
:10A2C000000000000000000000000000008000808E
:10A2D000008000800000000000000000008000807E
:10A2E00000800000000000000000000000000000EE
:10A2F000000000000000000000840084008400844E
:10A30000108410841084108400F800F800F800F81D
:10A3100000F800F800F800F800F800F800F800F87D
:10A3200000F800F800F800F800F800F800F800F86D
:10A3300000F800F800F800F800F800F800F800F85D
:10A3400000F800F800F800F800F800F800F80084C1
:10A35000E0FFE0FFE0FFE0FFE0FFE0FFE0FFE0FF05
:10A36000E0FFE0FFE0FF00F800F800F800F800F878
:10A3700000F800F800F800F800F800F800F800F81D
:10A3800000F800F800F800F800F800F800F800F80D
:10A3900000F800F800F800F800F8E0FFE0FFE0FF48
:10A3A000E0FFE0FFE0FFE0FFE0FFE0FFE0FFE0FFB5
:10A3B000E0FFE0FF00F800F800F800F800F800F80F
:10A3C00000F800F800F800F800F800F800F800F8CD
:10A3D00000F800F800F800F800F800F800F800F8BD
:10A3E00000F800F800F800F800F800F8008000001D
:10A3F000000000000000000000000000000000005D
:10A40000000000000000000000000000000000004C
:10A41000000000000000000000000000000000003C
:10A4200000000000000000040084000400000000A0
:10A430000084008400000000000000000000000014
:10A440000000008400F800F800F800F800F800F8B8
:10A4500000F800F800F800F800F800F800F800F83C
:10A4600000F800F800F800F800F800F800F800F82C
:10A4700000F800F800F800F800F800F800F800F81C
:10A4800000F800F800F800F800F800F800F800F80C
:10A4900000F8008000000000000000000000000044
:10A4A00000000000000000800080008000F800F83C
:10A4B000008000800000000000000000008000001C
:10A4C000000000000000000000000000000000008C
:10A4D00000840000000000000004008400840000EC
:10A4E0000084008400841084008400F800F800F8E0
:10A4F00000F800F800F800F800F800F800F800F89C
:10A5000000F800F800F800F800F800F800F800F88B
:10A5100000F800F800F800F800F800F800F800F87B
:10A5200000F800F800F8E0FFE0FFE0FFE0FFE0FFE8
:10A53000E0FF00F800F800F800F800F800F800F874
:10A5400000F800F800F800F800F800F800F800F84B
:10A5500000F800F800F800F800F800F800F800F83B
:10A5600000F800F800F800F800F800F800F800F82B
:10A5700000F800F800F800F800F800F800F800F81B
:10A5800000F800F800F800F800F800F800F800F80B
:10A5900000F800F800F800F800F800F800F800F8FB
:10A5A00000F800F800F800F8E0FFE0FFE0FFE0FF4F
:10A5B000E0FFE0FFE0FFE0FFE0FF00F800F800F858
:10A5C00000F800F800F800F800F800F800F800F8CB
:10A5D00000800000000000000000000000000004F7
:10A5E000000000000000000000000000000000006B
:10A5F000000000000000000000000000000000005B
:10A6000000000084000000000084008400000000BE
:10A61000000000000000000000000000000000003A
:10A620000084008400F800F800F800F800F800F852
:10A6300000F800F800F800F800F800F800F800F85A
:10A6400000F800F800F800F800F800F800F800F84A
:10A6500000F800F800F800F800F800F800F800F83A
:10A6600000F800F800F800F800F800F800F800F82A
:10A6700000800080000000000000000000000000DA
:10A6800000000080008000F8008000F8008000805A
:10A6900000800080008000000000000000800000BA
:10A6A00000000000000000000000000000800084A6
:10A6B000000400800000000000000084008400000E
:10A6C00000000084008400841084008400F800F8F6
:10A6D00000F800F800F800F800F800F800F800F8BA
:10A6E00000F8E0FFE0FFE0FFE0FFE0FFE0FFE0FF59
:10A6F000E0FFE0FF00F800F800F800F800F800F8CC
:10A7000000F800F800F800F800F800F800F800F889
:10A7100000F800F800F800F800F800F800F800F879
:10A7200000F800F800F800F800F800F800F800F869
:10A7300000F800F800F800F800F800F800F800F859
:10A7400000F800F800F800F800F800F800F800F849
:10A7500000F800F800F800F800F800F800F800F839
:10A7600000F800F800F800F800F800F800F800F829
:10A7700000F800F800F800F800F800F800F800F819
:10A7800000F800F800F800F800F800F800F800F809
:10A7900000F800F800F8E0FFE0FFE0FFE0FFE0FF76
:10A7A000E0FFE0FFE0FFE0FFE0FFE0FF00F800F87F
:10A7B00000F8008000000000000000000000000021
:10A7C0000000000000040000000000000000000085
:10A7D0000000000000000000000000000000000079
:10A7E0000084008400000000000000000000000061
:10A7F0000000000000000000000000000000000059
:10A8000000000000108400800084008400F800F83C
:10A8100000F800F800F800F800F800F800F800F878
:10A8200000F800F800F800F800F800F800F800F868
:10A8300000F800F800F800F800F800F800F800F858
:10A8400000F800F800F800F800F8008000000000B0
:10A850000000000000000000000000800080008078
:10A86000008000F800800080008000800080008070
:10A8700000800080000000000000000000000000D8
:10A880000000008000840080008000000080000044
:10A890000084008000840004008400800084008420
:10A8A000008400841084008400841084108400F8E4
:10A8B00000F800F800F800F800F8E0FFE0FFE0FF23
:10A8C000E0FFE0FFE0FF00F800F800F800F800F813
:10A8D00000F800F800F800F800F800F800F800F8B8
:10A8E00000F800F800F800F800F800F800F800F8A8
:10A8F00000F800F800F800F800F800F800F800F898
:10A9000000F800F800F800F800F800F800F800F887
:10A9100000F800F800F800F800F800F800F800F877
:10A9200000F800F800F800F800F800F800F800F867
:10A9300000F800F800F800F800F800F800F800F857
:10A9400000F800F800F800F800F800F800F800F847
:10A9500000F800F800F800F800F800F800F800F837
:10A9600000F800F800F800F800F800F800F800F827
:10A9700000F800F800F800F800F800F800F800F817
:10A9800000F800F800F800F800F800F800F800F807
:10A9900000F800F800800000000000000000000047
:10A9A00000000000000000000000000000000000A7
:10A9B0000000000000000000000000000000008413
:10A9C0000084000000000000000000000000000003
:10A9D0000000000000000000000000000000000077
:10A9E00000000000008000040000000000840080DF
:10A9F00000801084008400F800F800F800F800F8E7
:10AA000000F800F800F800F800F800F800F800F886
:10AA100000F800F800F800F800F800F800F800F876
:10AA200000F800F800F800800000000000000000BE
:10AA30000000000000000000008000800080008016
:10AA400000F800F800800080008000800080008016
:10AA500000800000000000000000000000800000F6
:10AA600000800080008000000000008000800084E2
:10AA700000840084008400800084008000840084BE
:10AA8000008400840080008400841084108410847A
:10AA900000F800F800F800F800F800F800F800F8F6
:10AAA00000F800F800F800F800F800F800F800F8E6
:10AAB00000F800F800F800F800F800F800F800F8D6
:10AAC00000F800F800F800F800F800F800F800F8C6
:10AAD00000F800F800F800F800F800F800F800F8B6
:10AAE00000F800F800F800F800F800F800F800F8A6
:10AAF00000F800F800F800F800F800F800F800F896
:10AB000000F800F800F800F800F800F800F800F885
:10AB100000F800F800F800F800F800F800F800F875
:10AB200000F800F800F800F800F800F800F800F865
:10AB300000F800F800F800F800F800F800F800F855
:10AB400000F800F800F800F800F800F800F800F845
:10AB500000F800F800F800F800F800F800F800F835
:10AB600000F800F800F800F800F800F800F800F825
:10AB700000F800F800F800F8008000000000000075
:10AB800000000000000000000000000000000000C5
:10AB900000000000000000000000000000000000B5
:10ABA00000000000000000000000000000000000A5
:10ABB0000000000000000000000000000000000095
:10ABC0000000000000000000000000000000000481
:10ABD00000000004000400040080008000F80080F1
:10ABE00000840080108410840004008400F800F8C1
:10ABF00000F800F800F800800080008000800080ED
:10AC000000800080008000000000000000000000C4
:10AC100000000000000000800080008000800080B4
:10AC20000080008000800080008000800000000024
:10AC30000000000000000000008000000080000014
:10AC4000008400800000000000840000000000007C
:10AC5000008400000084008400840080008400845C
:10AC600000840004000400840084008400841084B4
:10AC70001084008400F800F800F800F800F800F8EC
:10AC800000F800F800F800F800F800F800F800F804
:10AC900000F800F800F800F800F800F800F800F8F4
:10ACA00000F800F800F800F800F800F800F800F8E4
:10ACB00000F800F800F800F800F800F800F800F8D4
:10ACC00000F800F800F800F800F800F800F800F8C4
:10ACD00000F800F800F800F800F800F800F800F8B4
:10ACE00000F800F800F800F800F800F800F800F8A4
:10ACF00000F800F800F800F800F800F800F800F894
:10AD000000F800F800F800F800F800F800F800F883
:10AD100000F800F800F800F800F800F800F800F873
:10AD200000F800F800F800F800F800F800F800F863
:10AD300000F800F800F800F800F800F800F800F853
:10AD400000F800F800F800F800F800F800F800F843
:10AD500000F800F800F800F800F80080000000009B
:10AD600000000000000000000000000000000000E3
:10AD700000000000000000000000000000000000D3
:10AD800000000000000000000000000000000000C3
:10AD900000000000000000000000000000000000B3
:10ADA0000004000400000000000000000000000497
:10ADB000000000000000000400000000000000048B
:10ADC000008400840084000000000084008400846B
:10ADD00000840084008400000000000000000000E7
:10ADE0000000000000000000000000000000000063
:10ADF00000000000000000800080008000800080D3
:10AE000000800080008000000000000000000000C2
:10AE100000000080008000800080008000840080AE
:10AE2000008000000000000000800000000000041E
:10AE3000008000000084008400840084008400847A
:10AE400000040084008400840004008400840084E2
:10AE500010841084008000F800F800F800F800F872
:10AE600000F800F800F800F800F800F800F800F822
:10AE700000F800F800F800F800F800F800F800F812
:10AE800000F800F800F800F800F800F800F800F802
:10AE900000F800F800F800F800F800F800F800F8F2
:10AEA00000F800F800F800F800F800F800F800F8E2
:10AEB00000F800F800F800F800F800F800F800F8D2
:10AEC00000F800F800F800F800F800F800F800F8C2
:10AED00000F800F800F800F800F800F800F800F8B2
:10AEE00000F800F800F800F800F800F800F800F8A2
:10AEF00000F800F800F800F800F800F800F800F892
:10AF000000F800F800F800F800F800F800F800F881
:10AF100000F800F800F800F800F800F800F800F871
:10AF200000F800F800F800F800F800F800F800F861
:10AF300000F800F800F800F800F800F800F8000049
:10AF40000000000000000000000000000000000001
:10AF500000000000000000000000000000000000F1
:10AF600000000000000000000000000000000000E1
:10AF700000000000000000000000000000000000D1
:10AF800000000000000000000000000000000000C1
:10AF900000000000000000040000000000000000AD
:10AFA0000084008400840000000000000000000015
:10AFB0000000000000000000000000000000000091
:10AFC0000000000000000000000000000000000081
:10AFD00000000000008000800080008000800000F1
:10AFE0000000000000000000000000000080008061
:10AFF00000000000000000800080008000800080D1
:10B000000080000000000084000400000000000038
:10B010000084008400840084000400840000000098
:10B020000084000000000084008400040084008488
:10B03000008410841084108400F800F800F800F8F0
:10B0400000F800F800F800F800F800F800F800F840
:10B0500000F800F800F800F800F800F800F800F830
:10B0600000F800F800F800F800F800F800F800F820
:10B0700000F800F800F800F800F800F800F800F810
:10B0800000F800F800F800F800F800F800F800F800
:10B0900000F800F800F800F800F800F800F800F8F0
:10B0A00000F800F800F800F800F800F800F800F8E0
:10B0B00000F800F800F800F800F800F800F800F8D0
:10B0C00000F800F800F800F800F800F800F800F8C0
:10B0D00000F800F800F800F800F800F800F800F8B0
:10B0E00000F800F800F800F800F800F800F800F8A0
:10B0F00000F800F800F800F800F800F800F800F890
:10B1000000F800F800F800F800F800F800F800F87F
:10B1100000F800F800F800F800F800F800F800F86F
:10B12000008000000000000000000000000000009F
:10B13000000000000000000000000000000000000F
:10B1400000000000000000000000000000000000FF
:10B1500000000000000000000000000000000000EF
:10B1600000000000000000000000000000000000DF
:10B1700000000000000000040000000000000000CB
:10B180000004000000840000000000000000000037
:10B19000000000000000008400000000000000002B
:10B1A000000000000000000000000000000000009F
:10B1B000000000000080008000800000000000000F
:10B1C000000000000000000000000000000000007F
:10B1D000000000000000000000800000000000806F
:10B1E00000000000000000000000000000000084DB
:10B1F00000000004000000000084000000000000C7
:10B2000000840084000400840084000000040084A2
:10B210000084008400841084108400F800F800F892
:10B2200000F800F800F800F800F800F800F800F85E
:10B2300000F800F800F800F800F800F800F800F84E
:10B2400000F800F800F800F800F800F800F800F83E
:10B2500000F800F800F800F800F800F800F800F82E
:10B2600000F800F800F800F800F800F800F800F81E
:10B2700000F800F800F800F800F800F800F800F80E
:10B2800000F800F800F800F800F800F800F800F8FE
:10B2900000F800F800F800F800F800F800F800F8EE
:10B2A00000F800F800F800F800F800F800F800F8DE
:10B2B00000F800F800F800F800F800F800F800F8CE
:10B2C00000F800F800F800F800F800F800F800F8BE
:10B2D00000F800F800F800F800F800F800F800F8AE
:10B2E00000F800F800F800F800F800F800F800F89E
:10B2F00000F800F800F800F800F800F800F800F88E
:10B3000000F80080000000000000000000000000C5
:10B31000000000000000000000000000000000002D
:10B32000000000000000000000000000000000001D
:10B33000000000000000000000000000000000000D
:10B3400000000000000000000000000000000000FD
:10B3500000000000000000000000000000000000ED
:10B360000000000000040000000000840000000055
:10B3700000000000000000000000000000000000CD
:10B3800000000000000000000000000000000000BD
:10B3900000000000000000000000000000000000AD
:10B3A000000000000080000000000000000000001D
:10B3B000000000000000000000000000008000808D
:10B3C0000000000000840080000000000000000079
:10B3D00000800080000000000000000000000084E9
:10B3E0000084000000040000000000000000008451
:10B3F00000840084008400841084108400F800F825
:10B4000000F800F800F800F800F800F800F800F87C
:10B4100000F800F800F800F800F800F800F800F86C
:10B4200000F800F800F800F800F800F800F800F85C
:10B4300000F800F800F800F800F800F800F800F84C
:10B4400000F800F800F800F800F800F800F800F83C
:10B4500000F800F800F800F800F800F800F800F82C
:10B4600000F800F800F800F800F800F800F800F81C
:10B4700000F800F800F800F800F800F800F800F80C
:10B4800000F800F800F800F800F800F800F800F8FC
:10B4900000F800F800F800F800F800F800F800F8EC
:10B4A00000F800F800F800F800F800F800F800F8DC
:10B4B00000F800F800F800F800F800F800F800F8CC
:10B4C00000F800F800F800F800F800F800F800F8BC
:10B4D00000F800F800F800F800F800F800F800F8AC
:10B4E00000F800F8008000000000000000000000EC
:10B4F000000000000000000000000000000000004C
:10B50000000000000000000000000000000000003B
:10B51000000000000000000000000000000000002B
:10B52000000000000000000000000000000000001B
:10B53000000000000000000000000000000000000B
:10B540000000000000840000000000000000000077
:10B5500000000000000000000000000000000000EB
:10B5600000000000000000000000000000000000DB
:10B5700000000000000000000000000000000000CB
:10B58000000000000080000000000000000000003B
:10B5900000000000000000000000000000800084A7
:10B5A000008000000000000000000000000000001B
:10B5B0000000000000000000000000000084000403
:10B5C0000000008400800000000000040000000073
:10B5D000000400840084008400841084108400F837
:10B5E00000F800F800F800F800F800F800F800F89B
:10B5F00000F800F800F800F800F800F800F800F88B
:10B6000000F800F800F800F800F800F800F800F87A
:10B6100000F800F800F800F800F800F800F800F86A
:10B6200000F800F800F800F800F800F800F800F85A
:10B6300000F800F800F800F800F800F800F800F84A
:10B6400000F800F800F800F800F800F800F800F83A
:10B6500000F800F800F800F800F800F800F800F82A
:10B6600000F800F800F800F800F800F800F800F81A
:10B6700000F800F800F800F800F800F800F800F80A
:10B6800000F800F800F800F800F800F800F800F8FA
:10B6900000F800F800F800F800F800F800F800F8EA
:10B6A00000F800F800F800F800F800F800F800F8DA
:10B6B00000F800F800F800F800F800F800F800F8CA
:10B6C00000F800F800F800F800800000000000001A
:10B6D000000000000000000000000000000000006A
:10B6E000000000000000000000000000000000005A
:10B6F000000000000000000000000000000000004A
:10B7000000000000008400000000000000000000B5
:10B710000000000000000000000000000000000029
:10B720000000000000000000000000000000000019
:10B730000000000000000000000000000000000009
:10B7400000000000000000000000000000000000F9
:10B7500000000000000000000000000000000000E9
:10B7600000000000000000000000000000000000D9
:10B770000000000000000000000000000000008445
:10B7800000000000000000000000000000000000B9
:10B7900000000084000000000084000000000000A1
:10B7A0000004000400000000000000000000000091
:10B7B0000084008400840084008400841084108449
:10B7C00000F800F800F800F800F800F800F800F8B9
:10B7D00000F800F800F800F800F800F800F800F8A9
:10B7E00000F800F800F800F800F800F800F800F899
:10B7F00000F800F800F800F800F800F800F800F889
:10B8000000F800F800F800F800F800F800F800F878
:10B8100000F800F800F800F800F800F800F800F868
:10B8200000F800F800F800F800F800F800F800F858
:10B8300000F800F800F800F800F800F800F800F848
:10B8400000F800F800F800F800F800F800F800F838
:10B8500000F800F800F800F800F800F800F800F828
:10B8600000F800F800F800F800F800F800F800F818
:10B8700000F800F800F800F800F800F800F800F808
:10B8800000F800F800F800F800F800F800F800F8F8
:10B8900000F800F800F800F800F800F800F800F8E8
:10B8A00000F800F800F800F800F800800000000040
:10B8B0000000000000000000000000000000000088
:10B8C0000000000000000000000000000000000078
:10B8D0000000000000000000000000000000000068
:10B8E0000000000000840084000000000000000050
:10B8F0000000000000000000000000000000000048
:10B900000000000000000000000000000000000037
:10B910000000000000000000000000000000000027
:10B920000000000000000000000000000000000017
:10B930000000000000000000000000000000000007
:10B940000000000000800000000000000000000077
:10B950000000000000000000000000000080000463
:10B9600000000000000000000000000000000000D7
:10B9700000000004000000000000000000000000C3
:10B98000000000040000000000000000008400002F
:10B9900000040084000400040084008400841084F7
:10B9A0000084E0FFE0FFE0FFE0FFE0FFE0FFE0FFFA
:10B9B00000F800F800F800F800F800F800F800F8C7
:10B9C00000F800F800F800F800F800F800F800F8B7
:10B9D00000F800F800F800F800F800F800F800F8A7
:10B9E00000F800F800F800F800F800F800F800F897
:10B9F00000F800F800F800F800F800F800F800F887
:10BA000000F800F800F800F800F800F800F800F876
:10BA100000F800F800F800F800F800F800F800F866
:10BA200000F800F800F800F800F800F800F800F856
:10BA300000F800F800F800F800F800F800F800F846
:10BA400000F800F800F800F800F800F800F800F836
:10BA500000F800F800F800F800F800F800F800F826
:10BA600000F800F800F800F800F800F800F800F816
:10BA700000F800F800F800F800F800F800F800F806
:10BA800000F800F800F800F800F800F800840084DE
:10BA900000000000000000000000000000000000A6
:10BAA0000000000000000000000000000000000096
:10BAB0000000000000000000000000000000000086
:10BAC000000000000000008400000004000400806A
:10BAD0000000000000000000000000000000000066
:10BAE0000000000000000000000000000000000056
:10BAF0000000000000000000000000000000000046
:10BB00000000000000000000000000000000000035
:10BB10000000000000000000000000000000000025
:10BB20000000000000000000000000000000000015
:10BB30000000000000000000000000000084000081
:10BB400000000000000000000000000000000000F5
:10BB500000000000000000000000000000000000E5
:10BB600000000000000000000000000400000000D1
:10BB70000000000000040000000400840084008431
:10BB80001084108400F800F800F800F800F8E0FFD6
:10BB9000008400F800F800F800F800F800F800F859
:10BBA00000F800F800F8E0FFE0FFE0FFE0FFE0FF52
:10BBB000E0FFE0FF00F800F800F800F800F800F8F7
:10BBC00000F800F800F800F800F800F800F800F8B5
:10BBD00000F800F800F800F800F800F800F800F8A5
:10BBE00000F800F800F800F800F800F800F800F895
:10BBF00000F800F800F800F800F800F800F800F885
:10BC000000F800F800F800F800F800F800F800F874
:10BC100000F800F800F800F800F800F800F800F864
:10BC200000F800F800F800F800F800F800F800F854
:10BC300000F800F800F800F800F800F800F800F844
:10BC400000F800F800F800F800F800F800F800F834
:10BC500000F800F800F800F800F800F800F800F824
:10BC600000F8E0FFE0FFE0FFE0FFE0FFE0FFE0FFC3
:10BC70000084000000000000000000000000000040
:10BC800000000000000000000000000000000000B4
:10BC900000000000000000000000000000000000A4
:10BCA0000000000000000000008400840000008408
:10BCB0000000000000000000000000000000000084
:10BCC0000000000000000000000000000000000074
:10BCD0000000000000000000000000000000000064
:10BCE00000000000000000000000000000800000D4
:10BCF0000000000000000000000000000000000044
:10BD00000000000000000000000000000000000033
:10BD10000000000000000000000000000000000023
:10BD20000000000000000000000000000000000013
:10BD300000000000000000040000000000000000FF
:10BD400000000000000400000004000000000004E7
:10BD500000040084008400840084000400840084C3
:10BD600000841084108400F800F800F800F800F84F
:10BD700000F800F800F800F800F800F800F800F803
:10BD800000F800F800F800F800F800F800F8E0FF0C
:10BD9000E0FFE0FFE0FFE0FFE0FFE0FFE0FFE0FFAB
:10BDA000E0FFE0FFE0FFE0FF00F800F800F800F837
:10BDB00000F800F800F800F800F800F800F800F8C3
:10BDC00000F800F800F800F800F800F800F800F8B3
:10BDD00000F800F800F800F800F800F800F800F8A3
:10BDE00000F800F800F800F800F800F800F800F893
:10BDF00000F800F800F800F800F800F800F800F883
:10BE000000F800F800F800F800F800F800F800F872
:10BE100000F800F800F800F800F800F800F800F862
:10BE200000F800F800F800F800F800F800F800F852
:10BE300000F800F800F800F800F800F800F800F842
:10BE400000F800F800F800F800F800F800F800F832
:10BE500000F800F800800000000000000000000072
:10BE600000000000000000000000000000000000D2
:10BE700000000000000000000084008000000000BE
:10BE800000000000000000000000000000000000B2
:10BE900000000000000000000000000000000000A2
:10BEA0000000000000000000000000000000000092
:10BEB0000000000000000000000000800000000002
:10BEC00000000000000000000080008000800000F2
:10BED00000000000008000000000000000000000E2
:10BEE0000000000000000000000000000000000052
:10BEF0000000000000000000000000000000000042
:10BF00000000000000000000000000000000000031
:10BF10000000000000000000000000000000000021
:10BF20000000000000000000000000000000000011
:10BF3000000000000004000000040084008400846D
:10BF400000840084108400F800F800F800F800F87D
:10BF500000F800F800F800F800F800F800F800F821
:10BF600000F800F800F800F800F800F800F800F811
:10BF700000F800F800F800F800F800F800F800F801
:10BF800000F800F800F800F800F800F800F800F8F1
:10BF900000F800F800F800F800F800F8E0FFE0FF13
:10BFA000E0FFE0FFE0FFE0FFE0FFE0FFE0FF00F880
:10BFB00000F800F800F800F800F800F800F800F8C1
:10BFC00000F800F800F800F800F800F800F800F8B1
:10BFD00000F800F800F800F800F800F800F800F8A1
:10BFE00000F800F800F800F800F800F800F800F891
:10BFF000E0FFE0FFE0FFE0FFE0FFE0FFE0FFE0FF49
:10C00000E0FFE0FFE0FFE0FFE0FF00F800F800F8ED
:10C0100000F800F800F800F800F800F800F800F860
:10C0200000F800F800F800F800F800F800F800F850
:10C0300000F800F800F80080000000000000000098
:10C0400000000000000000000000000000000000F0
:10C050000000000000000084008400800000000058
:10C0600000000000000000800084000000000000CC
:10C0700000000000000000000000000000000000C0
:10C0800000000000000000000000000000000000B0
:10C090000000000000000080000000000000000020
:10C0A000000000000000008400000000000000000C
:10C0B0000000000000000000000000000000000080
:10C0C0000000000000000000000000000000000070
:10C0D0000000000000000000000000000000000060
:10C0E0000000000000000000000000000000000050
:10C0F0000000000000000000000000000000000040
:10C100000000000000000000000000000004000427
:10C110000000008000000000000000000084008497
:10C12000008400841084108400F800F800F800F8FF
:10C1300000F800F800F800F800F800F800F800F83F
:10C1400000F800F800F800F800F800F800F800F82F
:10C1500000F800F800F800F800F800F800F800F81F
:10C1600000F800F800F800F800F800F800F800F80F
:10C1700000F800F800F800F800F800F800F800F8FF
:10C1800000F800F800F800F8E0FFE0FFE0FFE0FF53
:10C19000E0FFE0FFE0FFE0FF00F800F800F800F843
:10C1A00000F800F800F800F800F800F800F800F8CF
:10C1B00000F800F800F800F800F800F800F800F8BF
:10C1C00000F800F800F800F800F8E0FFE0FFE0FFFA
:10C1D000E0FFE0FF00F800F800F800F800F800F8D1
:10C1E00000F800F800F800F800F800F800F800F88F
:10C1F00000F800F800F800F800F800F800F800F87F
:10C2000000F800F800F800F800F800F800F800F86E
:10C2100000F800F800F800F80080000000000000BE
:10C22000000000000000000000000000000000000E
:10C23000000000000000008000000000000000007E
:10C240000000000000000000008400040000000066
:10C2500000000000000000000000000000000000DE
:10C2600000000000000000000000000000000000CE
:10C27000000000000000000000000000008000003E
:10C2800000000000000000000000000000000000AE
:10C29000000000000000000000000000000000009E
:10C2A000000000000000000000000000000000008E
:10C2B000000000000000000000000000000000007E
:10C2C000000000000000000000000000000000006E
:10C2D000000000000000000000000000000000005E
:10C2E000000000040000000000000000000000004A
:10C2F000000400040084000000000000000000842E
:10C300000084008400841084108400F800F800F891
:10C3100000F800F800F800F800F800F800F800F85D
:10C3200000F800F800F800F800F800F800F800F84D
:10C3300000F800F800F800F800F800F800F800F83D
:10C3400000F800F800F800F800F800F800F800F82D
:10C3500000F800F800F800F800F800F800F800F81D
:10C3600000F800F800F800F800F800F800F800F80D
:10C3700000F800F800F800F800F800F800F800F8FD
:10C3800000F800F8E0FFE0FFE0FFE0FFE0FFE0FF83
:10C39000E0FFE0FFE0FF00F800F800F800F800F828
:10C3A00000F800F800F800F800F800F800F800F8CD
:10C3B00000F800F800F800F800F800F800F800F8BD
:10C3C00000F800F800F800F800F800F800F800F8AD
:10C3D00000F800F800F800F800F800F800F800F89D
:10C3E00000F800F800F800F800F800F800F800F88D
:10C3F00000F800F800F800F800F800F8000000006D
:10C40000000000000000000000000000000000002C
:10C41000000000000080008000000000000000001C
:10C420000084008400800000000000000084000000
:10C4300000000000000000000000000000000000FC
:10C4400000000000000000000000000000000000EC
:10C4500000000000000000000000000000000000DC
:10C4600000000000000000000000000000000000CC
:10C4700000000000000000000000000000000000BC
:10C4800000000000000000000000000000000000AC
:10C49000000000000000000000000000000000009C
:10C4A000000000000000000000000000000000008C
:10C4B000000000000000000000000000000000007C
:10C4C000000000000000000000000000000000006C
:10C4D0000000000000000004000400040004000448
:10C4E0000084008400841084108400F800F800F8B0
:10C4F00000F800F800F800F800F800F800F800F87C
:10C5000000F800F800F800F800F800F800F800F86B
:10C5100000F800F800F800F800F800F800F800F85B
:10C5200000F800F800F800F800F800F800F800F84B
:10C5300000F800F800F800F800F800F800F800F83B
:10C5400000F800F800F800F800F800F800F800F82B
:10C5500000F800F800F800F8E0FFE0FFE0FFE0FF7F
:10C56000E0FFE0FFE0FFE0FF00F800F800F800F86F
:10C5700000F800F800F800F800F800F800F800F8FB
:10C5800000F800F800F800F800F800F800F800F8EB
:10C5900000F800F800F800F800F800F800F800F8DB
:10C5A00000F800F800F800F800F800F800F800F8CB
:10C5B00000F800F800F800F800F800F800F800F8BB
:10C5C00000F800F800F800F800F800F800F800F8AB
:10C5D00000F800F800F800F800F800F800F8008013
:10C5E000000000000000000000000000000000004B
:10C5F00000000000008400800000000000000084B3
:10C60000000000000000000000000000000000002A
:10C61000000000000000000000000000000000001A
:10C62000000000000000000000000000000000000A
:10C6300000000000000000000000000000000000FA
:10C6400000000000000000000000000000000000EA
:10C6500000000000000000000000000000000000DA
:10C6600000000000000000000000000000000000CA
:10C6700000000000000000000000000000000000BA
:10C6800000000000000000000000000000000000AA
:10C69000000000000000000000000000000000009A
:10C6A000000000000000000000000000000000008A
:10C6B00000000084000400000000000400840084E6
:10C6C00000840084008400841084108400F800F842
:10C6D00000F800F800F800F800F800F800F800F89A
:10C6E00000F800F800F800F800F800F800F800F88A
:10C6F00000F800F800F800F800F800F800F800F87A
:10C7000000F800F800F800F800F800F800F800F869
:10C7100000F800F800F800F800F800F800F800F859
:10C7200000F800F800F800F800F800F800F800F849
:10C7300000F800F800F800F800F800F800F800F839
:10C7400000F800F800F800F800F800F800F800F829
:10C7500000F800F800F800F800F800F800F800F819
:10C7600000F800F800F800F800F800F800F800F809
:10C7700000F800F800F800F800F800F800F800F8F9
:10C7800000F800F800F800F800F800F800F800F8E9
:10C7900000F800F800F800F800F800F800F800F8D9
:10C7A00000F800F800F800F800F800F800F800F8C9
:10C7B00000F800F800F800F800F800F800F800F8B9
:10C7C00000800000000000000000000000000000E9
:10C7D00000000084008400000000008000840084C9
:10C7E0000000000000000000000000000000000049
:10C7F0000000000000000000000000000000000039
:10C800000000000000000000000000000000000028
:10C810000000000000000000000000000000000018
:10C820000000000000000000000000000000000008
:10C8300000000000000000000000000000000000F8
:10C8400000000000000000000000000000000000E8
:10C8500000000000000000000000000000000000D8
:10C8600000000000000000000000000000000000C8
:10C8700000000000000000000000000000000000B8
:10C8800000000000000000000000000000000000A8
:10C890000004000000040004000400040080000004
:10C8A000008400840084008400840084008000F8F8
:10C8B00000F800F800F800F800F800F800F800F8B8
:10C8C00000F800F800F800F800F800F800F800F8A8
:10C8D00000F800F800F800F800F800F800F800F898
:10C8E00000F800F800F800F800F800F800F800F888
:10C8F00000F800F800F800F800F800F800F800F878
:10C9000000F800F800F800F800F800F800F800F867
:10C9100000F800F800F800F800F800F800F800F857
:10C9200000F800F800F800F800F800F800F800F847
:10C9300000F800F800F800F800F800F800F800F837
:10C9400000F800F800F800F800F800F800F800F827
:10C9500000F800F800F800F800F800F800F800F817
:10C9600000F800F800F800F800F800F800F800F807
:10C9700000F800F800F800F800F800F800F800F8F7
:10C9800000F800F800F800F800F800F800F800F8E7
:10C9900000F800F800F800F800F800F800F800F8D7
:10C9A00000F800F800F8008000800000000000009F
:10C9B000008400840084008400800084008400805F
:10C9C00000800000000000000000000000000000E7
:10C9D0000000000000000000000000000000000057
:10C9E0000000000000000000000000000000000047
:10C9F0000000000000000000000000000000000037
:10CA00000000000000000000000000000000000026
:10CA10000000000000000000000000000000000016
:10CA20000000000000000000000000800000000086
:10CA300000000000000000000000000000000000F6
:10CA400000000000000000000000000000000000E6
:10CA500000000000000000000000000000000000D6
:10CA600000000000000000000000000000000000C6
:10CA7000000000000000000000000084008400842A
:10CA8000008400840084008400840084008400F812
:10CA900000F800F800F800F800F800F800F800F8D6
:10CAA00000F800F800F800F800F800F800F800F8C6
:10CAB00000F800F800F800F800F800F800F800F8B6
:10CAC00000F800F800F800F800F800F800F800F8A6
:10CAD00000F800F800F800F800F800F800F800F896
:10CAE00000F800F800F800F800F800F800F800F886
:10CAF00000F800F800F800F800F800F800F800F876
:10CB000000F800F800F800F800F800F800F800F865
:10CB100000F800F800F800F800F800F800F800F855
:10CB200000F800F800F800F800F800F800F800F845
:10CB300000F800F800F800F800F800F800F800F835
:10CB400000F800F800F800F800F800F800F800F825
:10CB500000F800F800F800F800F800F800F800F815
:10CB600000F800F800F800F800F800F800F800F805
:10CB700000F800F800F800F8E0FFE0FF00F800F827
:10CB800000F800F800F800F800F800F800F800805D
:10CB9000008000840084008000800080000000008D
:10CBA0000000000000000000000000000000000085
:10CBB0000000000000000000000000000000000075
:10CBC0000000000000000000000000000000000065
:10CBD0000000000000000000000000000000000055
:10CBE0000000000000000000000000000000000045
:10CBF0000000000000000000000000000000000035
:10CC000000000000000000000000000000800000A4
:10CC10000000000000000000000000000000000014
:10CC20000000000000000000000000000000000004
:10CC300000000000000000000000000000000000F4
:10CC400000000000000000000000000000000000E4
:10CC50000000000000000004008400000004000444
:10CC60000084008400840084008400841084008494
:10CC700000F800F800F800F800F800F800F800F8F4
:10CC800000F800F800F800F800F800F800F800F8E4
:10CC900000F800F800F800F800F800F800F800F8D4
:10CCA00000F800F800F800F800F800F800F800F8C4
:10CCB00000F800F800F800F800F800F800F800F8B4
:10CCC00000F800F800F800F800F800F800F800F8A4
:10CCD00000F800F800F800F800F800F800F800F894
:10CCE00000F800F800F800F800F800F800F800F884
:10CCF00000F800F800F800F800F800F800F800F874
:10CD000000F800F800F800F800F800F800F800F863
:10CD100000F800F800F800F800F800F800F800F853
:10CD200000F800F800F800F800F800F800F800F843
:10CD300000F800F800F800F800F800F800F800F833
:10CD400000F800F800F800F800F800F800F800F823
:10CD5000E0FFE0FFE0FFE0FF00F800F800F800F877
:10CD600000F800F800F800F800F800F800F800F803
:10CD700000F800F800800000000000000000000043
:10CD800000000000000000000000000000000000A3
:10CD90000000000000000000000000000000000093
:10CDA0000000000000000000000000000000000083
:10CDB0000000000000000000000000000000000073
:10CDC0000000000000000000000000000000000063
:10CDD0000000000000000000000000000000000053
:10CDE0000000000000000000000000000000000043
:10CDF0000000000000000000000000000000000033
:10CE00000000000000000000000000000000000022
:10CE10000000000000000000000000000000000012
:10CE20000000000000000000000000000000000002
:10CE30000000000000000000008000000000000072
:10CE400000840084008400840084008400840084C2
:10CE5000008400F800F800F800F800F800F800F886
:10CE600000F800F800F800F800F800F800F800F802
:10CE700000F800F800F800F800F800F800F800F8F2
:10CE800000F800F800F800F800F800F800F800F8E2
:10CE900000F800F800F800F800F800F800F800F8D2
:10CEA00000F800F800F800F800F800F800F800F8C2
:10CEB00000F800F800F800F800F800F800F800F8B2
:10CEC00000F800F800F800F800F800F800F800F8A2
:10CED00000F800F800F800F800F800F800F800F892
:10CEE00000F800F800F800F800F800F800F800F882
:10CEF00000F800F800F800F800F800F800F800F872
:10CF000000F800F800F800F800F800F800F800F861
:10CF100000F800F800F800F800F800F800F800F851
:10CF200000F800F800F800F8E0FFE0FFE0FFE0FFA5
:10CF3000E0FF00F800F800F800F800F800F800F84A
:10CF400000F800F800F800F800F800F800F800F821
:10CF500000F800F800F800F8008000000000000071
:10CF60000000000000000000000000000080000041
:10CF700000000000000000000000000000000000B1
:10CF800000000000000000000000000000000000A1
:10CF90000000000000000000000000000000000091
:10CFA0000000000000000000000000000000000081
:10CFB0000000000000000000000000000000000071
:10CFC0000000000000000000000000000000000061
:10CFD0000000000000000000000000000000000051
:10CFE0000000000000000000000000000000000041
:10CFF0000000000000000000000000000000000031
:10D000000000000000000000000000000000000020
:10D01000000000000000000000000084000000008C
:10D02000000000840084008400840080008000846C
:10D03000008400F800F800F800F800F800F800F8A4
:10D0400000F800F800F800F800F800F800F800F820
:10D0500000F800F800F800F800F800F800F800F810
:10D0600000F800F800F800F800F800F800F800F800
:10D0700000F800F800F800F800F800F800F800F8F0
:10D0800000F800F800F800F800F800F800F800F8E0
:10D0900000F800F800F800F800F800F800F800F8D0
:10D0A00000F800F800F800F800F800F800F800F8C0
:10D0B00000F800F800F800F800F800F800F800F8B0
:10D0C00000F800F800F800F800F800F800F800F8A0
:10D0D00000F800F800F800F800F800F800F800F890
:10D0E00000F800F800F800F800F800F800F800F880
:10D0F00000F800F800F800F800F800F800F800F870
:10D1000000F800F8E0FFE0FF00F800F800F800F891
:10D1100000F800F800F800F800F800F800F800F84F
:10D1200000F800F800F800F800F800F800F800F83F
:10D1300000F800F800F800F800F800F80084008417
:10D1400000000000000000000000000000000000DF
:10D1500000000000000000000000000000000000CF
:10D1600000000000000000000000000000000000BF
:10D1700000000000000000000000000000000000AF
:10D18000000000000000000000000000000000009F
:10D19000000000000000000000000000000000008F
:10D1A000000000000000000000000000000000007F
:10D1B000000000000000000000000000000000006F
:10D1C000000000000000000000000000000000005F
:10D1D000000000000000000000000000000000004F
:10D1E000000000000000000000000000000000003F
:10D1F000000000000000000000000000000000002F
:10D200000000000000800084008400800080008016
:10D21000008000F800F800F800F800F800F800F8C6
:10D2200000F800F800F800F800F800F800F800F83E
:10D2300000F800F800F800F800F800F800F800F82E
:10D2400000F800F800F800F800F800F800F800F81E
:10D2500000F800F800F800F800F800F800F800F80E
:10D2600000F800F800F800F800F800F800F800F8FE
:10D2700000F800F800F800F800F800F800F800F8EE
:10D2800000F800F800F800F800F800F800F800F8DE
:10D2900000F800F800F800F800F800F800F800F8CE
:10D2A00000F800F800F800F800F800F800F800F8BE
:10D2B00000F800F800F800F800F800F800F800F8AE
:10D2C00000F800F800F800F800F800F800F800F89E
:10D2D00000F800F800F800F800F800F800F800F88E
:10D2E00000F800F800F800F800F800F800F800F87E
:10D2F00000F800F800F800F800F800F800F800F86E
:10D3000000F800F800F800F800F800F800F800F85D
:10D3100000F800F800F800F8E0FFE0FFE0FF00F898
:10D3200000800080000000000000000000000000FD
:10D3300000000000000000000000000000000000ED
:10D3400000000000000000000000000000000000DD
:10D3500000000000000000000000000000000000CD
:10D3600000000000000000000000000000000000BD
:10D3700000000000000000000000000000000000AD
:10D38000000000000000000000000000000000009D
:10D39000000000000000000000000000000000008D
:10D3A000000000000000000000000000000000007D
:10D3B000000000000000000000000000000000006D
:10D3C000000000000000000000000000000000005D
:10D3D00000000000000000000000000000800000CD
:10D3E0000080008000800084008400840080008031
:10D3F000008000F800F800F800F800F800F800F8E5
:10D4000000F800F8E0FFE0FFE0FFE0FFE0FF00F8D9
:10D4100000F800F800F800F800F800F800F800F84C
:10D4200000F800F800F800F800F800F800F800F83C
:10D4300000F800F800F800F800F800F800F800F82C
:10D4400000F800F800F800F800F800F800F800F81C
:10D4500000F800F800F800F800F800F800F800F80C
:10D4600000F800F800F800F800F800F800F800F8FC
:10D4700000F800F800F800F800F800F800F800F8EC
:10D4800000F800F800F800F800F800F800F800F8DC
:10D4900000F800F800F800F800F800F800F800F8CC
:10D4A00000F800F800F800F800F800F800F800F8BC
:10D4B00000F800F800F800F800F800F800F800F8AC
:10D4C00000F800F800F800F800F800F800F800F89C
:10D4D00000F800F800F800F800F800F800F800F88C
:10D4E00000F800F800F800F800F800F800F800F87C
:10D4F00000F800F8E0FFE0FFE0FF00F800F800F8B7
:10D5000000F800F800F800F800800080000000003B
:10D51000000000000000000000000000000000000B
:10D5200000000000000000000000000000000000FB
:10D5300000000000000000000000000000000000EB
:10D54000008000800080000000800080000000005B
:10D5500000000000000000000000000000000000CB
:10D5600000000000000000000000000000000000BB
:10D5700000000000000000000000000000000000AB
:10D58000000000000000000000000000000000009B
:10D59000000000000000000000000000000000008B
:10D5A000000000000000000000000000000000007B
:10D5B000000000000000000000000080008000006B
:10D5C00000000080008000800080008000840080D7
:10D5D000008000F800F800F800F800F800F800F803
:10D5E00000F800F800F800F800F800F8E0FFE0FFAD
:10D5F000E0FFE0FFE0FF00F800F800F800F800F8B6
:10D6000000F800F800F800F800F800F800F800F85A
:10D6100000F800F800F800F800F800F800F800F84A
:10D6200000F800F800F800F800F800F800F800F83A
:10D6300000F800F800F800F800F800F800F800F82A
:10D6400000F800F800F800F800F800F800F800F81A
:10D6500000F800F800F800F800F800F800F800F80A
:10D6600000F800F800F800F800F800F800F800F8FA
:10D6700000F800F800F800F800F800F800F800F8EA
:10D6800000F800F800F800F8E0FFE0FFE0FFE0FF3E
:10D6900000F800F800F800F800F800F800F800F8CA
:10D6A00000F800F800F800F800F800F800F800F8BA
:10D6B00000F800F800F800F800F800F800F800F8AA
:10D6C00000F800F800F800F800F800F800F800F89A
:10D6D00000F8E0FF00F800F800F800F800F800F8A3
:10D6E00000F800F800F800F800F800F800F80080F2
:10D6F000000000000000000000000000000000002A
:10D700000000000000000000000000000000000019
:10D710000000000000000000000000800000008009
:10D720000000008400000000008000000000008075
:10D730000080000000000000000400000000000065
:10D7400000000000000000000000000000000000D9
:10D7500000000000000000000000000000000000C9
:10D7600000000000000000000000000000000000B9
:10D7700000000000000000000000000000000000A9
:10D780000000000000000000000000000000000099
:10D790000000000000000000000000800080000089
:10D7A0000080008000800080008400800084008071
:10D7B000008000F800F800F800F800F800F800F821
:10D7C00000F800F800F800F800F800F800F800F899
:10D7D00000F800F8E0FFE0FFE0FFE0FFE0FF00F806
:10D7E00000F800F800F800F800F800F800F800F879
:10D7F00000F800F800F800F800F800F800F800F869
:10D8000000F800F800F800F800F800F800F800F858
:10D8100000F800F800F800F800F800F800F800F848
:10D8200000F800F800F800F800F800F800F800F838
:10D8300000F800F800F800F800F800F800F800F828
:10D8400000F800F800F800F800F800F800F800F818
:10D8500000F800F800F800F800F800F800F800F808
:10D86000E0FFE0FFE0FFE0FFE0FF00F800F800F875
:10D8700000F800F800F800F800F800F800F800F8E8
:10D8800000F800F800F800F800F800F800F800F8D8
:10D8900000F800F800F800F800F800F800F800F8C8
:10D8A00000F800F800F800F800F800F800F800F8B8
:10D8B00000F800F800F800F800F800F800F800F8A8
:10D8C00000F800F800F800F800F8E0FF00F800F8B1
:10D8D00000F800F8008000000000000000000000D8
:10D8E0000000000000000000000000000000000038
:10D8F00000000000000000000000000000000080A8
:10D90000008000840000008400000080008400008B
:10D910000080000000800000000000000000000007
:10D9200000000000000000000000000000000000F7
:10D9300000000000000000000000000000000000E7
:10D9400000000000000000000000000000000000D7
:10D9500000000000000000000000000000000000C7
:10D9600000000000000000000000000000000000B7
:10D9700000000000000000000080008000800080A7
:10D980000080008000800080008000800080008097
:10D9900000F800F800F800F800F800F800F800F8C7
:10D9A00000F800F800F800F800F800F800F800F8B7
:10D9B00000F800F800F800F800F800F800F8E0FFC0
:10D9C000E0FFE0FF00F800F800F800F800F800F8C9
:10D9D00000F800F800F800F800F800F800F800F887
:10D9E00000F800F800F800F800F800F800F800F877
:10D9F00000F800F800F800F800F800F800F800F867
:10DA000000F800F800F800F800F800F800F800F856
:10DA100000F800F800F800F800F800F800F800F846
:10DA200000F800F800F800F800F800F800F800F836
:10DA300000F800F800F800F8E0FFE0FFE0FFE0FF8A
:10DA4000E0FF00F800F800F800F800F800F800F82F
:10DA500000F800F800F800F800F800F800F800F806
:10DA600000F800F800F800F800F800F800F800F8F6
:10DA700000F800F800F800F800F800F800F800F8E6
:10DA800000F800F800F800F800F800F800F800F8D6
:10DA900000F800F800F800F800F800F800F800F8C6
:10DAA00000F800F800F8E0FFE0FF00F800F800F8E8
:10DAB00000F800F800F800F8008000000000000006
:10DAC0000000000000000000000000000000000056
:10DAD0000000000000000000000000000000000046
:10DAE000000000000084008400840080008000802A
:10DAF0000080000000000000000000800000000026
:10DB00000000000000000000000000000000000015
:10DB10000000000000000000000000000000000005
:10DB200000000000000000000000000000000000F5
:10DB300000000000000000000000000000000000E5
:10DB400000000000000000000000000000000000D5
:10DB500000000000000000800000008000800080C5
:10DB600000800080008000800080008000800080B5
:10DB7000008000F800F800F800F800F800F800F85D
:10DB800000F800F800F800F800F800F800F800F8D5
:10DB900000F800F800F800F800F800F800F800F8C5
:10DBA00000F800F800F800F800F800F800F800F8B5
:10DBB00000F800F800F800F800F800F800F800F8A5
:10DBC00000F800F800F800F800F800F800F800F895
:10DBD00000F800F800F800F800F800F800F800F885
:10DBE00000F800F800F800F800F800F800F800F875
:10DBF00000F800F800F800F800F800F800F800F865
:10DC000000F800F800F800F800F800F800F800F854
:10DC100000F8E0FFE0FFE0FF00F800F800F800F88F
:10DC200000F800F800F800F800F800F800F800F834
:10DC300000F800F800F800F800F800F800F800F824
:10DC400000F800F800F800F800F800F800F800F814
:10DC500000F800F800F800F800F800F8E0FFE0FF36
:10DC6000E0FF00F800F800F800F800F800F800F80D
:10DC700000F800F800F800F800F800F800F800F8E4
:10DC800000F800F8E0FFE0FF00F800F800F800F806
:10DC900000F800F800F800F800F800F80080000034
:10DCA0000000000000000000000000000000000074
:10DCB0000000000000000000000000000000000064
:10DCC0000000000000000000000000000000000054
:10DCD0000000000000000000000000000000000044
:10DCE0000000000000000000000000000000000034
:10DCF0000000000000000000000000000000000024
:10DD00000000000000000000000000000000000013
:10DD10000000000000000000000000000000000003
:10DD200000000000000000000000000000000000F3
:10DD30000000000000000080008400840084008453
:10DD400000800080008000800080008000800080D3
:10DD500000F800F800F800F800F800F800F800F803
:10DD600000F800F800F800F800F800F800F800F8F3
:10DD700000F800F800F800F800F800F800F800F8E3
:10DD800000F800F800F800F800F800F800F800F8D3
:10DD900000F800F8E0FFE0FF008400F800F800F869
:10DDA00000F800F800F800F800F800F800F800F8B3
:10DDB00000F800F800F800F800F800F800F800F8A3
:10DDC00000F800F800F800F800F800F800F800F893
:10DDD00000F800F800F800F800F800F800F800F883
:10DDE00000F800F800F800F800F800F800F800F873
:10DDF00000F800F800F800F800F800F800F800F863
:10DE000000F800F800F800F800F800F800F800F852
:10DE100000F800F800F800F800F800F800F800F842
:10DE200000F800F800F800F800F800F800F800F832
:10DE300000F800F800F800F8E0FFE0FFE0FF00F86D
:10DE400000F800F800F800F800F800F800F800F812
:10DE500000F800F800F800F800F800F800F800F802
:10DE6000E0FFE0FF00F800F800F800F800F800F824
:10DE700000F800F800F800F800F800F800000000D2
:10DE80000000000000000000000000000000000092
:10DE90000000000000000000000000000000000082
:10DEA0000000000000000000000000000000000072
:10DEB0000000000000000000000000000000000062
:10DEC0000000000000000000000000000000000052
:10DED0000000000000000000000000000000000042
:10DEE0000000000000000000000000000000000032
:10DEF0000000000000000000000000000000000022
:10DF00000000000000000000000000000080000091
:10DF100000800000000000800080008000800084FD
:10DF200000840084008000800080008000800080E9
:10DF300000F800F800F800F800F800F800F800F821
:10DF400000F800F800F800F800F800F800F800F811
:10DF500000F800F800F800F800F800F800F800F801
:10DF600000F800F800F800F800F800F800F800F8F1
:10DF700000F800F800F800F800F8E0FFE0FFE0FF2C
:10DF8000E0FF00F800F800F800F800F800F800F8EA
:10DF900000F800F800F800F800F800F800F800F8C1
:10DFA00000F800F800F800F800F800F800F800F8B1
:10DFB00000F800F800F800F800F800F800F800F8A1
:10DFC00000F800F800F800F800F800F800F800F891
:10DFD00000F800F800F800F800F800F800F800F881
:10DFE00000F800F800F800F800F800F800F800F871
:10DFF00000F800F800F800F800F800F800F800F861
:10E0000000F800F800F800F800F800F800F800F850
:10E0100000F8E0FFE0FFE0FFE0FF00F800F800F8A4
:10E0200000F800F800F800F800F800F800F800F830
:10E0300000F800F800F800F800F800F800F8E0FF39
:10E04000E0FF00F800F800F800F800F800F800F829
:10E0500000F800F800F800F800F800800000000068
:10E0600000000000000000000000000000000000B0
:10E0700000000000000000000000000000000000A0
:10E080000000000000000000000000000000000090
:10E09000000000000000000000040000000000007C
:10E0A0000000000000000000000000000000000070
:10E0B0000000000000000000000000000000000060
:10E0C0000000000000000000000000000000000050
:10E0D0000000000000000000000000000000000040
:10E0E0000000000000000000000000000000000030
:10E0F0000000008000000080008000800080008020
:10E100000080008400840080008000800080008007
:10E1100000F800F800F800F800F800F800F800F83F
:10E1200000F800F800F800F800F800F800F800F82F
:10E1300000F800F800F800F800F800F800F800F81F
:10E1400000F800F800F800F800F800F800F800F80F
:10E1500000F800F800F800F800F800F800F800F8FF
:10E1600000F8E0FFE0FFE0FFE0FFE0FF00F800F86C
:10E1700000F800F800F800F800F800F800F800F8DF
:10E1800000F800F800F800F800F800F800F800F8CF
:10E1900000F800F800F800F800F8E0FFE0FF00F8F1
:10E1A00000F800F800F800F800F800F800F800F8AF
:10E1B00000F800F800F800F800F800F800F800F89F
:10E1C00000F800F800F800F800F800F800F800F88F
:10E1D00000F800F800F800F800F800F800F800F87F
:10E1E00000F800F800F800F800F800F800F800F86F
:10E1F000E0FFE0FF00F800F800F800F800F800F891
:10E2000000F800F800F800F800F800F800F800F84E
:10E2100000F800F800F800F800F800F8E0FF00F857
:10E2200000F800F800F800F800F800F800F800F82E
:10E2300000F8E0FF00F800F8008000000000000097
:10E2400000000000000000000000000000000000CE
:10E2500000000000000000000000000000000000BE
:10E2600000000000000000000000000000000000AE
:10E27000000000000000000000000000000000009E
:10E28000000000000000000000000000000000008E
:10E29000000000000000000000000000000000007E
:10E2A000000000000000000000000000000000006E
:10E2B000000000000000000000000000000000005E
:10E2C00000000000000000000000000000000080CE
:10E2D00000000080008000800080008000800080BE
:10E2E000008000800080008000800084008000802A
:10E2F00000F800F800F800F800F800F800F800F85E
:10E3000000F800F800F800F800F800F800F800F84D
:10E3100000F800F800F800F800F800F800F800F83D
:10E3200000F800F800F800F800F800F800F800F82D
:10E3300000F800F800F800F800F800F800F800F81D
:10E3400000F800F800F800F800F8E0FFE0FFE0FF58
:10E35000E0FFE0FFE0FF00F800F800F800F800F848
:10E3600000F800F800F800F800F800F800F800F8ED
:10E37000E0FFE0FFE0FFE0FF00F800F800F800F841
:10E3800000F800F800F800F800F800F800F800F8CD
:10E3900000F800F800F800F800F800F800F800F8BD
:10E3A00000F800F800F800F800F800F800F800F8AD
:10E3B00000F800F800F800F800F800F800F800F89D
:10E3C00000F800F800F800F800F800F8E0FFE0FFBF
:10E3D00000F800F800F800F800F800F800F800F87D
:10E3E00000F800F800F800F800F800F800F800F86D
:10E3F00000F800F800F800F800F800F800F800F85D
:10E4000000F800F800F800F800F800F800F800F84C
:10E41000E0FFE0FF00F800F800000000000000004E
:10E4200000000000000000000000000000000000EC
:10E4300000000000000000000000000000000000DC
:10E4400000000000000000000000000000000000CC
:10E4500000000000000000000000000000000000BC
:10E4600000000000000000000000000000000000AC
:10E47000000000000000000000000000000000009C
:10E48000000000000000000000000000000000008C
:10E49000000000000000000000000000000000007C
:10E4A000000000800000000000000000000000806C
:10E4B000008000800080008000800080008000805C
:10E4C000008000800080008000800080008000804C
:10E4D00000F800F800F800F800F800F800F800F87C
:10E4E00000F800F800F800F800F800F800F800F86C
:10E4F00000F800F800F800F800F800F800F800F85C
:10E5000000F800F800F800F800F800F800F800F84B
:10E5100000F800F800F800F800F800F800F800F83B
:10E5200000F800F800F800F800F800F800F800F82B
:10E5300000F80084E0FFE0FF00F800F800F800F8C1
:10E5400000F800F800F800F8E0FFE0FFE0FFE0FF6F
:10E55000E0FF00F800F800F800F800F800F800F814
:10E5600000F800F800F800F800F800F800F800F8EB
:10E5700000F800F800F800F800F800F800F800F8DB
:10E5800000F800F800F800F800F800F800F800F8CB
:10E5900000F800F800F800F800F800F800F800F8BB
:10E5A00000F800F800F800F800F800F800F800F8AB
:10E5B00000F800F800F800F800F800F800F800F89B
:10E5C00000F800F800F800F800F800F800F800F88B
:10E5D00000F800F800F800F800F800F800F800F87B
:10E5E00000F800F800F800F800F800F800F8E0FF84
:10E5F000E0FF00F800F8008000000000000000804C
:10E60000000000800080008000000000000000008A
:10E6100000000000000000000000000000000000FA
:10E6200000000000000000000000000000000000EA
:10E6300000000000000000000000000000000000DA
:10E6400000000000000000000000000000000000CA
:10E6500000000000000000000000000000000000BA
:10E6600000000000000000000000000000000000AA
:10E67000000000000000000000000000000000009A
:10E68000000000000000000000000000000000800A
:10E6900000000080008000800080008000800080FA
:10E6A000008000800080008000800080008000806A
:10E6B00000F800F800F800F800F800F800F800F89A
:10E6C00000F800F800F800F800F800F800F800F88A
:10E6D00000F800F800F800F800F800F800F800F87A
:10E6E00000F800F800F800F800F800F800F800F86A
:10E6F00000F800F800F800F800F800F800F800F85A
:10E7000000F800F800F800F800F800F800F800F849
:10E7100000F800F800F800F800F800F800F8E0FF52
:10E72000E0FFE0FFE0FFE0FFE0FF00F800F800F8A6
:10E7300000F800F800F800F800F800F800F800F819
:10E7400000F800F800F800F800F800F800F800F809
:10E7500000F800F800F800F800F800F800F800F8F9
:10E7600000F800F800F800F800F800F800F800F8E9
:10E7700000F800F800F800F800F800F800F800F8D9
:10E7800000F800F800F800F800F800F800F800F8C9
:10E7900000F800F800F800F800F800F800F800F8B9
:10E7A00000F800F800F800F800F800F800F800F8A9
:10E7B00000F800F800F800F800F800F800F800F899
:10E7C00000F800F800F800F800F800F8E0FF00F8A2
:10E7D00000F800F800F80080008000000080008051
:10E7E0000080008000800080008000800000000029
:10E7F0000000000000000000000000000000000019
:10E800000000000000000000000000000000000008
:10E8100000000000000000000000000000000000F8
:10E8200000000000000000000000000000000000E8
:10E8300000000000000000000000000000000000D8
:10E8400000000000000000000000000000000000C8
:10E8500000000000000000000000000000000000B8
:10E8600000000000000000000000000000000000A8
:10E870000000008000800080008000800080008018
:10E88000008000800080008000800080008000F810
:10E8900000F800F800F800F8E0FFE0FFE0FF00F803
:10E8A00000F800F800F800F800F800F800F800F8A8
:10E8B00000F800F800F800F800F800F800F800F898
:10E8C00000F800F800F800F800F800F800F800F888
:10E8D00000F800F800F800F800F800F800F800F878
:10E8E00000F800F800F800F800F800F800F800F868
:10E8F00000F800F800F800F8E0FFE0FFE0FFE0FFBC
:10E9000000F800F800F800F800F800F800F800F847
:10E9100000F800F800F800F800F800F800F800F837
:10E9200000F800F800F800F800F800F800F800F827
:10E9300000F800F800F800F800F800F800F800F817
:10E9400000F800F800F800F800F800F800F800F807
:10E9500000F800F800F800F800F800F800F800F8F7
:10E9600000F800F800F800F800F800F800F800F8E7
:10E9700000F800F800F800F800F800F800F800F8D7
:10E9800000F800F800F800F800F800F8E0FF00F8E0
:10E9900000F800F800F800F800F800F800F800F8B7
:10E9A00000F800F800F800F800F8E0FF00F800F8C0
:10E9B00000F800F800800080008000800080008067
:10E9C00000800080008000800080000000000000C7
:10E9D0000000000000000000000000000000000037
:10E9E0000000000000000000000000000000000027
:10E9F0000000000000000000000000000000000017
:10EA00000000000000000000000000000000000006
:10EA100000000000000000000000000000000000F6
:10EA200000000000000000000000000000000000E6
:10EA300000000000000000000000000000000000D6
:10EA400000000000008000800080008400840080BE
:10EA500000800080008000800080008000800080B6
:10EA600000800080008000800080008000F800F8B6
:10EA700000F800F800F800F800F800F8E0FFE0FF08
:10EA8000E0FF00F800F800F800F800F800F800F8DF
:10EA900000F800F800F800F800F800F800F800F8B6
:10EAA00000F800F800F800F800F800F800F800F8A6
:10EAB00000F800F800F800F800F800F800F800F896
:10EAC00000F800F800F800F800F800F800F800F886
:10EAD00000F800F800F800F800F800F800F800F876
:10EAE00000F800F800F800F800F800F800F800F866
:10EAF00000F800F800F800F800F800F800F800F856
:10EB000000F800F800F800F800F800F800F800F845
:10EB100000F800F800F800F800F800F800F800F835
:10EB200000F800F800F800F800F800F800F800F825
:10EB300000F800F800F800F8E0FFE0FF00F800F847
:10EB400000F800F800F800F800F800F800F800F805
:10EB500000F800F800F800F800F800F800F800F8F5
:10EB600000F800F800F800F8E0FFE0FF00F800F817
:10EB700000F800F800F800F800F800F800F800F8D5
:10EB800000F800F800F800F8E0FF00F800F800F8DE
:10EB900000F800F800800080008000800084008081
:10EBA0000080008000800080008000800080008065
:10EBB00000800000000000000000000000000000D5
:10EBC0000000000000000000000000000000000045
:10EBD0000000000000000000000000000000000035
:10EBE0000000000000000000000000000000000025
:10EBF0000000000000000000000000000000000015
:10EC00000000000000000000000000000000000004
:10EC100000000000000000000080000000800000F4
:10EC200000000000008000800080008000800084E0
:10EC300000840080008000800080008000800080D0
:10EC400000800080008000800080008000F800F8D4
:10EC500000F800F800F800F800F800F800F800F8F4
:10EC600000F8E0FFE0FFE0FF00F800F800F800F82F
:10EC700000F800F800F800F800F800F800F800F8D4
:10EC800000F800F800F800F800F800F800F800F8C4
:10EC900000F800F800F800F800F800F800F800F8B4
:10ECA00000F800F800F800F800F800F800F800F8A4
:10ECB00000F800F800F800F800F800F800F800F894
:10ECC00000F800F800F800F800F800F800F800F884
:10ECD00000F800F800F800F800F800F800F800F874
:10ECE00000F800F800F800F800F800F800F800F864
:10ECF00000F800F800F800F800F800F800F800F854
:10ED000000F800F800F800F800F800F800F800F843
:10ED100000F8E0FFE0FFE0FF00F800F800F800F87E
:10ED200000F800F800F800F800F800F800F800F823
:10ED300000F800F800F800F800F800F800F800F813
:10ED400000F800F8E0FFE0FF00F800F800F800F835
:10ED500000F800F800F800F800F800F800F800F8F3
:10ED600000F800F800F8E0FF00F800F800F800F8FC
:10ED700000F800F80080008000800084008400809B
:10ED80000080008000800080008000800080008083
:10ED900000800080008000000000000000000000F3
:10EDA00000000000000000000080000000000000E3
:10EDB0000000000000000000000000000000000053
:10EDC0000000000000000000000000000000000043
:10EDD0000000000000000000000000000000000033
:10EDE0000000000000000000000000000000000023
:10EDF0000000000000000000000000000000000013
:10EE00000080008000800080008000800080008002
:10EE100000840084008000800080008000800080EA
:10EE20000080008000800080008000F800F800F87A
:10EE300000F800F800F800F800F800F800F800F812
:10EE400000F800F800F8E0FFE0FFE0FF00F800F84D
:10EE500000F800F800F800F800F800F800F800F8F2
:10EE600000F800F800F800F800F800F800F800F8E2
:10EE700000F800F800F800F800F800F800F800F8D2
:10EE800000F800F800F800F800F800F800F800F8C2
:10EE900000F800F800F800F800F800F800F800F8B2
:10EEA00000F800F800F800F800F800F800F800F8A2
:10EEB00000F800F800F800F800F800F800F800F892
:10EEC00000F800F800F800F800F800F800F800F882
:10EED00000F800F800F800F800F800F800F800F872
:10EEE00000F800F800F800F800F800F800F8E0FF7B
:10EEF000E0FFE0FF00F800F800F800F800F800F884
:10EF000000F800F800F800F800F800F800F800F841
:10EF100000F800F800F800F800F800F800F800F831
:10EF2000E0FFE0FFE0FF00F800F800F800F800F86C
:10EF300000F800F800F800F800F800F800F800F811
:10EF400000F800F800F800F800F800F800F800F801
:10EF500000F8008000800080008400840080008031
:10EF6000008000800080008000800084008000809D
:10EF70000080008000800080000000000080008091
:10EF80000080000000000000000000800080008081
:10EF900000800000000000000000000000000000F1
:10EFA0000000000000000000000000000000000061
:10EFB0000000000000000000000000000000000051
:10EFC0000000000000000000000000800080000041
:10EFD00000000080008000800080008000800080B1
:10EFE0000080008000800080008000800080008021
:10EFF0000080008000840084008000800080008009
:10F000000080008000F8008000F800F800F800F8A8
:10F0100000F800F800F800F800F800F800F800F830
:10F0200000F800F800F800F800F8E0FFE0FFE0FF6B
:10F0300000F800F800F800F800F800F800F800F810
:10F0400000F800F800F800F800F800F800F800F800
:10F0500000F800F800F800F800F800F800F800F8F0
:10F0600000F800F800F800F800F800F800F800F8E0
:10F0700000F800F800F800F800F800F800F800F8D0
:10F0800000F800F800F800F800F800F800F800F8C0
:10F0900000F800F800F800F800F800F800F800F8B0
:10F0A00000F800F800F800F800F800F800F800F8A0
:10F0B00000F800F800F800F800F800F800F800F890
:10F0C00000F800F800F800F800F8E0FFE0FFE0FFCB
:10F0D00000F800F800F800F800F800F800F800F870
:10F0E00000F800F800F800F800F800F800F800F860
:10F0F00000F800F800F800F800F800F800F8E0FF69
:10F10000E0FF00F800F800F800F800F800F800F858
:10F1100000F800F800F800F800F800F800F800F82F
:10F1200000F800F800F800F800F800F800F800F81F
:10F1300000F800800080008400840080008000804F
:10F1400000800080008000800084008000800080BB
:10F1500000800080008000800080008000800080AF
:10F16000008000800080008000800080008000809F
:10F17000008000800080000000000000000000000F
:10F1800000000000008000000000000000800080FF
:10F19000000000000000000000000000000000006F
:10F1A000000000000080008000800080008000805F
:10F1B000008000800080008000800080008000804F
:10F1C000008000800080008000800080008000803F
:10F1D0000080008000800084008400800080008027
:10F1E0000080008000F800F800F800F800F800F84F
:10F1F00000F800F800F800F800F800F800F800F84F
:10F2000000F800F800F800F800F800F800F800F83E
:10F21000E0FFE0FFE0FF00F800F800F800F800F879
:10F2200000F800F800F800F800F800F800F800F81E
:10F2300000F800F800F800F800F800F800F800F80E
:10F2400000F800F800F800F800F800F800F800F8FE
:10F2500000F800F800F800F800F800F800F800F8EE
:10F2600000F800F800F800F800F800F800F800F8DE
:10F2700000F800F800F800F800F800F800F800F8CE
:10F2800000F800F800F800F800F800F800F800F8BE
:10F2900000F800F800F800F800F800F800F800F8AE
:10F2A00000F800F8E0FFE0FFE0FF00F800F800F8E9
:10F2B00000F800F800F800F800F800F800F800F88E
:10F2C00000F800F800F800F800F800F800F800F87E
:10F2D00000F800F800F800F800F8E0FFE0FFE0FFB9
:10F2E00000F800F800F800F800F800F800F800F85E
:10F2F00000F800F800F800F800F800F800F800F84E
:10F3000000F800F800F800F800F800F800F800F83D
:10F3100000F800800084008400800080008000806D
:10F3200000800080008000840084008000800080D5
:10F3300000800080008000840080008000800080C9
:10F3400000800080008000800080008000800080BD
:10F350000080008400800080008000800080000029
:10F36000008000800000008000800080008000801D
:10F37000000000000080000000000000000000000D
:10F38000008000800080008000800080008000807D
:10F39000008000800080008000800080008000806D
:10F3A000008000800080008000800080008000805D
:10F3B000008000800080008000800084008400F8CD
:10F3C00000F8008000F800F800F800F800F800F8F5
:10F3D00000F800F800F800F800F800F800F800F86D
:10F3E00000F800F800F800F800F800F800F800F85D
:10F3F00000F800F800F8E0FF00F800F800F800F866
:10F4000000F800F800F800F800F800F800F800F83C
:10F4100000F800F800F800F800F800F800F800F82C
:10F4200000F800F800F800F800F800F800F800F81C
:10F4300000F800F800F800F800F800F800F800F80C
:10F4400000F800F800F800F800F800F800F800F8FC
:10F4500000F800F800F800F800F800F800F800F8EC
:10F4600000F800F800F800F800F800F800F800F8DC
:10F4700000F800F800F800F800F800F800F800F8CC
:10F48000E0FFE0FFE0FF00F800F800F800F800F807
:10F4900000F800F800F800F800F800F800F800F8AC
:10F4A00000F800F800F800F800F800F800F800F89C
:10F4B00000F800F800F800F8E0FFE0FF00F800F8BE
:10F4C00000F800F800F800F800F800F800F800F87C
:10F4D00000F800F800F800F800F800F800F800F86C
:10F4E00000F800F800F800F800F800F800F800F85C
:10F4F0000080008000840080008000800080008008
:10F5000000800080008000840080008000800080F7
:10F5100000800080008000840080008000800080E7
:10F5200000800080008400800080008000800080D7
:10F5300000800084008000800080008000800080C7
:10F5400000800080008000800080008000800080BB
:10F5500000800000008000800000008000800080AB
:10F56000008000800080008000800080008000809B
:10F570000080008000800080008000800084008087
:10F58000008000800080008000800080008000807B
:10F5900000800080008000800080008000F80080F3
:10F5A00000F800F800F800F800F800F800F800F89B
:10F5B00000F800F800F800F800F800F800F800F88B
:10F5C00000F800F800F800F800F800F800F800F87B
:10F5D00000F800F800F800F800F800F800F800F86B
:10F5E00000F800F800F800F800F800F800F800F85B
:10F5F00000F800F800F800F800F800F800F800F84B
:10F6000000F800F800F800F800F800F800F800F83A
:10F6100000F800F800F800F800F800F800F800F82A
:10F6200000F800F800F800F800F800F800F800F81A
:10F6300000F800F800F800F800F800F800F800F80A
:10F6400000F800F800F800F800F800F800F800F8FA
:10F6500000F800F800F800F800F800F8E0FFE0FF1C
:10F6600000F800F800F800F800F800F800F800F8DA
:10F6700000F800F800F800F800F800F800F800F8CA
:10F6800000F800F800F800F800F800F800F800F8BA
:10F6900000F800F800F800F800F800F800F800F8AA
:10F6A00000F800F800F800F800F800F800F800F89A
:10F6B00000F800F800F800F8E0FF00F800F800F8A3
:10F6C00000F800F800F800F800F800F800F800F87A
:10F6D00000F80080008000800080008000800080B2
:10F6E0000080008000840084008000800080008012
:10F6F0000080008000840084008000800080008002
:10F7000000800080008400800080008000800080F5
:10F7100000800084008400800080008000800080E1
:10F7200000800084008000800080008000800080D5
:10F7300000800084008400800080008000800080C1
:10F7400000800080008000800080008000800080B9
:10F7500000800080008000800080008000840084A1
:10F760000084008000800080008000800080008095
:10F770000080008000800080008000F800F800F821
:10F7800000F800F800F800F800F800F800F800F8B9
:10F7900000F800F800F800F800F800F800F800F8A9
:10F7A00000F800F800F800F800F800F800F800F899
:10F7B00000F800F800F800F800F800F800F800F889
:10F7C00000F800F800F800F800F800F800F800F879
:10F7D00000F800F800F800F800F800F800F800F869
:10F7E00000F800F800F800F800F800F800F800F859
:10F7F00000F800F800F800F800F800F800F800F849
:10F8000000F800F800F800F800F800F800F800F838
:10F8100000F800F800F800F800F800F800F800F828
:10F8200000F800F800F800F800F800F800F800F818
:10F8300000F800F800F800F800F800F800F800F808
:10F8400000F800F800F800F800F800F800F800F8F8
:10F8500000F800F800F800F800F800F800F800F8E8
:10F8600000F800F800F800F800F800F800F800F8D8
:10F8700000F800F800F800F800F800F800F800F8C8
:10F8800000F800F800F800F800F800F800F800F8B8
:10F8900000F800F800F8E0FF00F800F800F800F8C1
:10F8A00000F800F800F800F800F800F800F800F898
:10F8B00000F800F8008000F80080008000800080E0
:10F8C0000080008000840080008000800080008034
:10F8D0000080008000840084008000800080008020
:10F8E0000080008000840080008000800080008014
:10F8F0000080008400840080008000800080008000
:10F9000000800084008000800080008000800080F3
:10F9100000800080008400800080008000800080E3
:10F9200000800080008000800080008000800080D7
:10F9300000800080008000800080008000800080C7
:10F9400000840084008000800080008000800080AF
:10F95000008000F80080008000F800F800F800F84F
:10F9600000F800F800F800F800F800F800F800F8D7
:10F9700000F800F800F800F800F800F800F800F8C7
:10F9800000F800F800F800F800F800F800F800F8B7
:10F9900000F800F800F800F800F800F800F800F8A7
:10F9A00000F800F800F800F800F800F800F800F897
:10F9B00000F800F800F800F800F800F800F800F887
:10F9C00000F800F800F800F800F800F800F800F877
:10F9D00000F800F800F800F800F800F800F800F867
:10F9E00000F800F800F800F800F800F800F800F857
:10F9F00000F800F800F800F800F800F800F800F847
:10FA000000F800F800F800F800F800F800F800F836
:10FA100000F800F800F800F800F800F800F800F826
:10FA200000F800F800F800F800F800F800F800F816
:10FA300000F800F800F800F800F800F800F800F806
:10FA400000F800F800F800F800F800F800F800F8F6
:10FA500000F800F800F800F800F800F800F800F8E6
:10FA600000F800F800F800F800F800F800F800F8D6
:10FA700000F8E0FFE0FF00F800F800F800F800F8F8
:10FA800000F800F800F800F800F800F800F800F8B6
:10FA900000F800F800F800F800F800F800F800801E
:10FAA000008000840084008000800080008000804E
:10FAB0000080008000840080008000800080008042
:10FAC0000080008000840080008000800080008032
:10FAD000008000840084008000800080008000801E
:10FAE0000080008000800080008000800080008016
:10FAF0000080008000800080008000800080008006
:10FB000000800080008000800080008000800080F5
:10FB100000800080008000800080008000800080E5
:10FB200000800084008400800080008000800080CD
:10FB3000008000F800F800F800F800F800F800F87D
:10FB400000F800F800F800F800F800F800F800F8F5
:10FB500000F800F800F800F800F800F800F800F8E5
:10FB600000F800F800F800F800F800F800F800F8D5
:10FB700000F800F800F800F800F800F800F800F8C5
:10FB800000F800F800F800F800F8E0FFE0FF00F8E7
:10FB900000F800F800F800F800F800F800F800F8A5
:10FBA00000F800F800F800F800F800F800F800F895
:10FBB00000F800F800F800F800F800F800F800F885
:10FBC00000F800F800F800F800F800F800F800F875
:10FBD00000F800F800F800F800F800F800F800F865
:10FBE00000F800F800F800F800F800F800F800F855
:10FBF00000F800F800F800F800F800F800F800F845
:10FC000000F800F800F800F800F800F800F800F834
:10FC100000F800F800F800F800F800F800F800F824
:10FC200000F800F800F800F800F800F800F800F814
:10FC300000F800F800F800F800F800F800F800F804
:10FC400000F800F800F800F800F800F800F800F8F4
:10FC5000E0FFE0FF00F800F800F800F800F800F816
:10FC600000F800F800F800F800F800F800F800F8D4
:10FC700000F800F800F800F800F800F800F800F8C4
:10FC800000F8008400F80080008000800080008080
:10FC90000080008000840080008000800080008060
:10FCA0000080008000840080008000800080008050
:10FCB0000080008000840080008000800080008040
:10FCC0000080008000840080008000800080008030
:10FCD00000800080008000800080008000F800F834
:10FCE00000F800F800F800F800F800F800F800F854
:10FCF00000F800F800F8108400F800800080008010
:10FD0000008000800084008400800080008000F873
:10FD100000F800F800F800F800F800F800F800F823
:10FD200000F800F800F800F800F800F8E0FFE0FF45
:10FD300000F800F800F800F800F800F800F800F803
:10FD400000F800F800F800F800F800F800F800F8F3
:10FD500000F800F800F800F800F800F800F800F8E3
:10FD600000F800F800F800F800F800F800F8E0FFEC
:10FD7000E0FFE0FF00F800F800F800F800F800F8F5
:10FD800000F800F800F800F800F800F800F800F8B3
:10FD900000F800F800F800F800F800F800F800F8A3
:10FDA00000F800F800F800F800F800F800F800F893
:10FDB00000F800F800F800F800F800F800F800F883
:10FDC00000F800F800F800F800F8E0FF00F800F88C
:10FDD00000F800F800F800F800F800F800F800F863
:10FDE00000F800F800F800F800F800F800F800F853
:10FDF00000F800F800F800F800F800F800F800F843
:10FE000000F800F800F800F800F800F800F800F832
:10FE100000F800F800F800F800F800F800F800F822
:10FE200000F800F800F800F800F800F800F8E0FF2B
:10FE3000E0FF00F800F800F800F800F800F800F81B
:10FE400000F800F800F800F800F800F800F800F8F2
:10FE500000F800F800F800F800F800F800F800F8E2
:10FE600000F800F800F800F800800080008000F83A
:10FE700000F8008400840080008000800080008002
:10FE8000008000840084008000800080008000806A
:10FE9000008000800084008000800080008000805E
:10FEA000008000800084008000800080008000804E
:10FEB0000080008000F800F800F800F800F800F872
:10FEC00000F800F800F800F800F800F800F800F872
:10FED00000F800F818C6E007E007108400F800F802
:10FEE00000F800F800F80084008400F800F800F83A
:10FEF00000F800F800F800F800F800F800F800F842
:10FF000000F800F800F800F800F800F800F80084A5
:10FF1000E0FFE0FF00F800F800F800F800F800F853
:10FF200000F800F800F800F800F800F800F800F811
:10FF300000F800F800F800F800F800F800F800F801
:10FF400000F800F800F800F800F800F800F800F8F1
:10FF500000F800F8E0FFE0FFE0FF00F800F800F82C
:10FF600000F800F800F800F800F800F800F800F8D1
:10FF700000F800F800F800F800F800F800F800F8C1
:10FF800000F800F800F800F800F800F800F800F8B1
:10FF900000F800F800F800F800F800F800F800F8A1
:10FFA00000F800F8E0FFE0FF00F800F800F800F8C3
:10FFB00000F800F800F800F800F800F800F800F881
:10FFC00000F800F800F800F800F800F800F800F871
:10FFD00000F800F800F800F800F800F800F800F861
:10FFE00000F800F800F8E0FF00F800F800F800F86A
:10FFF00000F800F800F800F800F800F800F800F841
:020000040801F1
:1000000000F800F800F800F800F800F8E0FFE0FF62
:1000100000F800F800F800F800F800F800F800F820
:1000200000F800F800F800F800F800F800F800F810
:1000300000F800F800F800F800F800F800F800F800
:1000400000F800F800F800F800F800F800F800F8F0
:1000500000F8008400F800F800F800F800F80080CC
:100060000080008400840080008000800080008088
:1000700000800080008400F8008000800080008004
:100080000080008000800080008000800080008070
:100090000080008000F800F800F800F800F800F890
:1000A00000F800F800F800F800F800F8008400F804
:1000B00000F800F81084E007E007008400F800F87A
:1000C00000F800F800F800F80084E0FF00F800F8FD
:1000D00000F800F800F800F800F800F800F800F860
:1000E00000F800F800F800F800F800F800F800F850
:1000F00000F8E0FFE0FF00F800F800F800F800F872
:1001000000F800F800F800F800F800F800F800F82F
:1001100000F800F800F800F800F800F800F800F81F
:1001200000F800F800F800F800F800F800F800F80F
:1001300000F800F800F800F8E0FFE0FFE0FF00F84A
:1001400000F800F800F800F800F800F800F800F8EF
:1001500000F800F800F800F800F800F800F800F8DF
:1001600000F800F800F800F800F800F800F800F8CF
:1001700000F800F800F800F800F800F800F800F8BF
:10018000E0FFE0FFE0FF00F800F800F800F800F8FA
:1001900000F800F800F800F800F800F800F800F89F
:1001A00000F800F800F800F800F800F800F800F88F
:1001B00000F800F800F800F800F800F800F800F87F
:1001C00000F8E0FFE0FF00F800F800F800F800F8A1
:1001D00000F800F800F800F800F800F800F800F85F
:1001E00000F800F800F800F800F8E0FFE0FF00F881
:1001F00000F800F800F800F800F800F800F800F83F
:1002000000F800F800F8E0FFE0FF00F800F800F860
:1002100000F800F800F800F800F800F800F800F81E
:1002200000F800F800F800F800F800F800F800F80E
:1002300000F800F800F800F800F800F800F800F8FE
:1002400000F8008000F8008000F800F800F800F8DE
:1002500000F800F8008400F800F800F800F800F852
:1002600000F80080008000F8008000F80080008026
:10027000008000F800F800F800F800F800F800F836
:1002800000F800F800F800F800F800F800F8E0FFC7
:1002900000F800F81084E0070004008000F800F87F
:1002A00000F8108418C6108400F800F8E0FF00F889
:1002B00000F800F800F800F800F800F800F800F87E
:1002C00000F800F800F800F800F800F800F800F86E
:1002D00000F800F800F8E0FFE0FF00F800F800F890
:1002E00000F800F800F800F800F800F800F800F84E
:1002F00000F800F800F800F800F800F800F800F83E
:1003000000F800F800F800F800F800F800F800F82D
:1003100000F800F800F800F800F800F8E0FFE0FF4F
:10032000E0FF00F800F800F800F800F800F800F826
:1003300000F800F800F800F800F800F800F800F8FD
:1003400000F800F800F800F800F800F800F800F8ED
:1003500000F800F800F800F800F8E0FFE0FFE0FF28
:1003600000F800F800F800F800F800F800F800F8CD
:1003700000F800F800F800F800F800F800F800F8BD
:1003800000F800F800F800F800F800F800F800F8AD
:1003900000F800F800F800F800F800F800F8E0FFB6
:1003A000E0FFE0FF00F800F800F800F800F800F8BF
:1003B00000F800F800F800F800F800F800F800F87D
:1003C00000F800F800F810841084108400F800F899
:1003D00000F800F800F800F800F800F800F800F85D
:1003E00000F800F800F8E0FF00F800F800F800F866
:1003F00000F800F800F800F800F800F800F800F83D
:1004000018C6108418C61084108418C6108400F80A
:1004100000F800F800F800F800F800F800F800F81C
:1004200000F800F800F800F800F800F800F800F80C
:1004300000F800F800F800F800F800F800F800F8FC
:1004400000F800F800F800F800F800F800F800F8EC
:1004500000F800F800F800F800F800F800F800F8DC
:1004600000F800F800F800F8108418C6108400F8AE
:10047000E0FF10841004E0070004008000F800F89A
:1004800000F81084E007E007008000F800F800F8AA
:1004900000F800F800F800F800F800F800F800F89C
:1004A00000F800F800F800F800F800F800F800F88C
:1004B00000F800F800F800F8E0FFE0FF00F800F8AE
:1004C00000F800F800F800F800F800F800F800F86C
:1004D00000F800F800F800F800F800F800F800F85C
:1004E00000F800F800F800F800F800F800F800F84C
:1004F00000F800F800F800F800F800F800F800F83C
:1005000000F8E0FFE0FFE0FF00F800F800F800F876
:1005100000F800F800F800F800F800F800F800F81B
:1005200000F800F800F800F800F800F800F800F80B
:1005300000F800F800F8E0FFE0FFE0FF00F800F846
:1005400000F800F800F800F800F800F800F800F8EB
:1005500000F800F800F800F800F800F800F800F8DB
:1005600000F800F800F800F800F800F800F800F8CB
:1005700000F800F800F800F800F800F8E0FFE0FFED
:1005800000F800F800F800F800F800F800F800F8AB
:1005900000F800F800F800F800F800F800F800F89B
:1005A00000F800F818C610841F001F00100400F89F
:1005B00000F800F800F800F800F800F800F800F87B
:1005C00000F800F8E0FF00F800F800F800F800F884
:1005D00000F800F800F8108418C618C618C61004F1
:1005E00010041004100410041004100410041084EB
:1005F00000F800F800F800F800F800F800F800F83B
:1006000000F800F800F800F800F800F800F800F82A
:1006100000F800F800F800F800F800F800F800F81A
:1006200010841084108418C6108418C6108418C64C
:10063000108400F800F800F800F800F800F800F85E
:1006400000F800F800F800F81084E007008400F8D3
:10065000E0FFE0FF1004E007E00718C618C618C660
:1006600018C6E007E0070004008000F800F800F872
:1006700000F800F800F800F800F800F800F800F8BA
:1006800000F800F800F800F800F800F800F800F8AA
:1006900000F800F800F800F800F800F8E0FFE0FFCC
:1006A00000F800F800F800F800F800F800F800F88A
:1006B00000F800F800F800F800F800F800F800F87A
:1006C00000F800F800F800F800F800F800F800F86A
:1006D00000F800F800F800F800F800F800F800F85A
:1006E00000F800F800F8E0FFE0FFE0FF00F800F895
:1006F00000F800F800F800F800F800F800F800F83A
:1007000000F800F800F800F800F800F800F800F829
:10071000E0FFE0FFE0FF008400F800F800F800F8D8
:1007200000F800F800F800F800F800F800F800F809
:1007300000F800F800F800F800F800F800F800F8F9
:1007400000F800F800F800F800F800F800F800F8E9
:1007500000F800F800F800F8E0FFE0FF00F800F80B
:1007600000F800F800F800F800F800F800F800F8C9
:1007700000F800F800F800F800F800F800F800F8B9
:1007800000F818C610841F001F001F001000008012
:1007900000F800F800F800F800F800F800F800F899
:1007A00000F8E0FFE0FF00F800F800F800F800F8BB
:1007B00000F800F810841004100410041004000461
:1007C00000000080108410041004100410040000C5
:1007D00000F800F800F800F800F800F800F800F859
:1007E00000F800F800F800F800F800F800F800F849
:1007F00000F800F800F8108418C6108418C6108499
:10080000E007E007E007E007E007E007E007E007B0
:10081000E00700F800F800F800F8008400F800F89D
:1008200000F800F800F800F8E007E00710841084F2
:1008300018C61084E007E007E007E007E007E007DC
:10084000E007E007E0070080008000F800F800F80B
:1008500000F800F800F800F800F800F800F800F8D8
:1008600000F800F800F800F800F800F800F800F8C8
:1008700000F800F800F800F800F800F800F8E0FFD1
:10088000E0FFE0FF00F800F800F800F800F800F8DA
:1008900000F800F800F800F800F800F800F800F898
:1008A00000F800F800F800F800F800F800F800F888
:1008B00000F800F800F800F800F800F800F800F878
:1008C00000F800F800F800F800F800F8E0FFE0FF9A
:1008D00000F800F800F800F800F800F800F800F858
:1008E00000F800F800F800F800F800F8E0FFE0FF7A
:1008F000E0FF00F800F800F800F800F800F800F851
:1009000000F800F800F800F800F800F800F800F827
:1009100000F800F800F800F800F800F800F800F817
:1009200000F800F800F800F800F800F800F800F807
:1009300000F800F800F8E0FFE0FF00F800F800F829
:1009400000F800F800F800F800F800F800F800F8E7
:1009500000F800F800F800F800F800F800F800F8D7
:1009600018C61F001F001F0010000080008000F844
:1009700000F800F800F800F800F800F800F800F8B7
:10098000E0FFE0FF00F800F800F800F800F800F8D9
:1009900000F800F8108410041004000000800080AB
:1009A000108418C610041004100410040000008005
:1009B00000F800F800F800F800F800F800F800F877
:1009C00000F800F800F800F800F8108418C618C6FF
:1009D00018C618C6E007E007E007E007E007E007F1
:1009E000E007E007E007000400040004000400043E
:1009F0000004108400F800F800F800F8E0FF00F8A8
:100A000000F800F800F800F80084E007E007E007CD
:100A1000E007E007E007E0070084000400040004AA
:100A2000000400040004008000F800F800F800F85A
:100A300000F800F800F800F800F800F800F800F8F6
:100A400000F800F800F800F800F800F800F800F8E6
:100A500000F800F800F800F800F800F800F800F8D6
:100A600000F8E0FFE0FF00F800F800F800F800F8F8
:100A700000F800F800F800F800F800F800F800F8B6
:100A800000F800F800F800F800F800F800F800F8A6
:100A900000F800F800F800F800F800F800F800F896
:100AA00000F800F800F800F800F800F800F800F886
:100AB00000F8E0FF00F800F800F800F800F800F88F
:100AC00000F800F800F800F8E0FFE0FFE0FF00F8B1
:100AD00000F800F800F800F800F800F800F800F856
:100AE00000F800F800F800F800F800F800F800F846
:100AF00000F800F800F800F800F800F800F800F836
:100B000000F800F800F800F800F800F800F800F825
:100B100000F8E0FFE0FF00F800F800F800F800F847
:100B200000F800F800F800F800F800F800F800F805
:100B300000F800F800F800F800F800F800F8108459
:100B400010841F001F001F00108400F800F800F838
:100B500000F800F800F800F800F800F800F8E0FFEE
:100B6000E0FF00F800F800F800F800F800F800F8DE
:100B700000F800F8108410041004108418C61084C3
:100B8000100410041004100410040000008000F889
:100B900000F800F800F800F800F800F800F800F895
:100BA00000F800F800F800F810041084E0071004C2
:100BB000E007E007E007E0070004E007E007E007E0
:100BC000E00700040080008000800080008000803A
:100BD0000080008000F800F800F800F8E0FF00F85E
:100BE00000F800F800F800F800F81084E0070004AE
:100BF000000410841084E0071084008000800080CE
:100C0000008000800080008000F800F800F800F804
:100C100000F800F800F800F800F800F800F800F814
:100C200000F800F800F800F800F800F800F800F804
:100C300000F800F800F800F800F800F800F800F8F4
:100C400000F800F800F8E0FF00F800F800F800F8FD
:100C500000F800F800F800F800F800F800F800F8D4
:100C600000F800F800F800F800F800F800F800F8C4
:100C700000F800F800F800F800F800F800F800F8B4
:100C800000F800F800F800F800F800F800F800F8A4
:100C900000F800F800F800F800F800F800F800F894
:100CA00000F800F8E0FFE0FF00F800F800F800F8B6
:100CB00000F800F800F800F800F800F800F800F874
:100CC00000F800F800F800F800F800F800F800F864
:100CD00000F800F800F800F800F800F800F800F854
:100CE00000F800F800F800F800F800F800F800F844
:100CF000E0FF00F800F800F800F800F800F800F84D
:100D000000F800F800F800F800F800F800F800F823
:100D100000F800F800F800F800F800F810841084DB
:100D20001F001F001F001F001F00108400F800F8A4
:100D300000F800F800F800F800F800F800F8E0FF0C
:100D400000F800F800F800F800F800F800F800F8E3
:100D500000F800F8108410041004100410041004AB
:100D600010041004100400840084008410840084A3
:100D700000F800F800F800F800F800F800F800F8B3
:100D800000F800F800F800F8100410040004000453
:100D9000000000800080008000801084E007E007F1
:100DA000E0070084008000F8008400F800F800F8F4
:100DB00000F800F800F800F800F800F800F8E0FF8C
:100DC00000F800F800F800F800F800F80080008053
:100DD00000F818C6E007E007E007008400F800F814
:100DE00000F800F800F800F800F800F800F800F843
:100DF00000F800F800F800F800F8E0FF00F800F84C
:100E000000F800F800F800F800F800F800F800F822
:100E100000F800F800F800F800F800F800F800F812
:100E200000F800F800F800F800F800F800F800F802
:100E300000F800F800F800F800F800F800F800F8F2
:100E400000F800F800F800F800F800F800F800F8E2
:100E500000F800F800F800F800F800F800F800F8D2
:100E600000F800F800F800F800F800F800F800F8C2
:100E700000F800F800F800F800F800F800F800F8B2
:100E800000F800F800F800F800F800F800F800F8A2
:100E900000F800F800F800F800F800F800F800F892
:100EA00000F800F800F800F800F800F800F800F882
:100EB00000F800F800F800F800F800F800F800F872
:100EC00000F800F800F800F800F800F80084E0FFEF
:100ED00000F800F800F800F800F800F800F800F852
:100EE00000F800F800F800F800F800F800F800F842
:100EF00000F800F800F800F800F8108410841F00D3
:100F00001F001F001F001F001F001F001F0000F810
:100F100000F800F800F800F800F800F8E0FF00F82A
:100F200000F800F800F800F800F800F800F800F801
:100F300000F800F8108410041004100410041004C9
:100F4000100410041004108418C610841004100437
:100F5000108400F800F800F800F800F800F800F835
:100F600000F800F800F800F80080008000800080A1
:100F70000080008000F800F800F818C61004E007B0
:100F8000E0071004008400F8E0FF00F800F800F823
:100F900000F800F800F800F800F800F800F8E0FFAA
:100FA00000F800F800F800F800F800F800F800F881
:100FB00018C6E007E007E007E0071004108418C631
:100FC00018C600F800F800F800F800F800F800F87B
:100FD00000F800F800F800F800F800F8E0FF00F86A
:100FE00000F800F800F800F800F800F800F800F841
:100FF00000F800F800F800F800F800F800F800F831
:1010000000F800F800F800F800F800F800F800F820
:1010100000F800F800F800F800F800F800F800F810
:1010200000F800F800F800F800F800F800F800F800
:1010300000F800F800F800F800F800F800F800F8F0
:1010400000F800F800F800F800F800F800F800F8E0
:1010500000F800F800F800F800F800F800F800F8D0
:1010600000F800F800F800F800F800F800F800F8C0
:1010700000F800F800F800F800F800F800F800F8B0
:1010800000F800F800F800F800F800F800F800F8A0
:1010900000F800F800F800F800F800F800F800F890
:1010A00000F800F800F800F800F800F800F800F880
:1010B00000F800F800F800F800F800F800F800F870
:1010C00000F800F800F800F800F800F800F800F860
:1010D00000F800F800F800F8E0FF18C61F001F0035
:1010E000100000800080100010001F001F001F0073
:1010F000108400F800F800F800F8E0FF00F800F8AD
:1011000000F800F800F800F800F800F800F800F81F
:1011100000F800F810841F0010040084108418C622
:10112000108410041004100410041004100410049F
:101130001004008000F800F800F800F800F800F84B
:10114000E0FF00F800F800F800F800F800F800F8F8
:1011500000F800F8E0FF00F818C61004E0070004EB
:1011600000041004E0071084E0FFE0FF00F800F83E
:1011700000F800F800F800F800F800F800F800F8AF
:10118000E0FF00F800F800F800F800F800F818C6D2
:10119000E007E007E007E007E007E007E007E00717
:1011A000E007E007108400F800F800F800F800F805
:1011B00000F800F800F800F800F800F800F8E0FF88
:1011C000E0FF00F800F800F800F800F800F800F878
:1011D00000F800F800F800F800F800F800F800F84F
:1011E00000F800F800F800F800F800F800F800F83F
:1011F00000F800F800F800F800F800F800F800F82F
:1012000000F800F800F800F800F800F800F800F81E
:1012100000F800F800F800F800F800F800F800F80E
:1012200000F800F800F800F800F800F800F800F8FE
:1012300000F800F800F800F800F800F800F800F8EE
:1012400000F800F800F800F800F800F800F800F8DE
:1012500000F800F800F800F800F800F800F800F8CE
:1012600000F800F800F800F800F800F800F800F8BE
:1012700000F800F800F800F800F800F800F800F8AE
:1012800000F800F800F800F800F800F800F800F89E
:1012900000F800F800F800F800F800F800F800F88E
:1012A00000F800F800F800F800F800F800F800F87E
:1012B00000F800F800F8E0FF18C61F001F0010003B
:1012C0000080008000F800F80080100010001F006F
:1012D0001F00108400F800F800F800F800F800F88B
:1012E00000F800F800F800F800F800F800F800F83E
:1012F00000F800F810841F001004108418C61004B1
:101300001004100410041004100410040000000065
:101310000080008000F800F800F800F800F800F8FD
:10132000E0FF00F800F800F800F800F800F800F816
:1013300000F800F8E0FF18C6100410040004008054
:10134000008010841004E0071084E0FF00F800F82B
:1013500000F800F800F800F800F800F800F800F8CD
:10136000E0FFE0FF00F800F800F800F818C610846D
:10137000E007E0070004000400040004E007E007C1
:10138000E007E007000400F800F800F800F800F8B3
:1013900000F800F800F800F800F800F800F800F88D
:1013A000E0FFE0FF00F800F800F800F800F800F8AF
:1013B00000F800F800F800F800F800F800F800F86D
:1013C00000F800F800F800F800F800F800F800F85D
:1013D00000F800F800F800F800F800F800F800F84D
:1013E00000F800F800F800F800F800F800F800F83D
:1013F00000F800F800F800F800F800F800F800F82D
:1014000000F800F800F800F800F800F800F800F81C
:1014100000F800F800F800F800F800F800F800F80C
:1014200000F800F800F800F800F800F800F800F8FC
:1014300000F800F800F800F800F800F800F800F8EC
:1014400000F800F800F800F800F800F800F800F8DC
:1014500000F800F800F800F800F800F800F800F8CC
:1014600000F800F800F800F800F800F800F800F8BC
:1014700000F800F800F800F800F800F800F800F8AC
:1014800000F800F800F800F800F800F800F800F89C
:1014900000F800F8E0FF18C61F001F0010000080D1
:1014A000008000F800F800F800F800F80080100054
:1014B0001F001F00108400F800F800F800F800F882
:1014C00000F800F800F800F800F800F800F800F85C
:1014D00000F8E0FF10841F001F001F001004100020
:1014E000000010841F0010041084E0FF00F800F8D2
:1014F00000F800F800F800F800F800F800F800F82C
:10150000E0FF00F800F800F800F800F800F800F834
:1015100000F800F818C610041004000400800080D1
:1015200000F800F8E0071004E007100400F800F8E5
:1015300000F800F800F800F800F800F800F800F8EB
:1015400000F8E0FF00F800F800F81084E007E0077A
:10155000000410841084008000F81084E007E00785
:10156000E0070080008000F800F800F800F800F8BC
:1015700000F800F800F800F800F800F800F800F8AB
:1015800000F8E0FFE0FF00F800F800F800F800F8CD
:1015900000F800F800F800F800F800F800F800F88B
:1015A00000F800F800F800F800F800F800F800F87B
:1015B00000F800F800F800F8E0FF00F800F800F884
:1015C00000F800F800F800F800F800F800F800F85B
:1015D00000F800F800F800F800F800F800F800F84B
:1015E00000F800F800F800F800F800F800F800F83B
:1015F00000F800F800F800F800F800F800F800F82B
:1016000000F800F800F800F800F800F800F800F81A
:1016100000F800F800F800F800F800F800F800F80A
:1016200000F800F800F800F800F800F800F800F8FA
:1016300000F800F800F800F800F800F800F800F8EA
:1016400000F800F800F800F800F800F800F800F8DA
:1016500000F800F800F800F800F800F800F800F8CA
:1016600000F800F800F800F800F800F800F800F8BA
:1016700000F8E0FFE0FF10841F00100000800080F1
:1016800000F800F800F800F800F800F800F800F89A
:10169000008010001F001084108400F800F800F88B
:1016A00000F800F800F800F800F800F800F800F87A
:1016B00000F8E0FF10841F00100000000080008090
:1016C00000F818C6100410041004E0FF00F800F839
:1016D00000F800F800F800F800F8108400F800F8AE
:1016E000E0FF00F800F800F800F800F800F800F853
:1016F00000F810841004100400040080008000F83A
:1017000000F810841084E00710040004008000F842
:1017100000F800F800F800F800F800F800F800F809
:1017200000F8E0FFE0FF00F800F80084000400008B
:1017300000801084E007108418C61084E007E007DA
:101740000004008000F800F800F800F800F800F845
:1017500000F800F800F800F800F800F800F800F8C9
:1017600000F800F8E0FFE0FF00F800F800F800F8EB
:1017700000F800F800F800F800F800F800F800F8A9
:1017800000F800F800F800F800F800F800F800F899
:1017900000F800F800F800F800F8E0FFE0FF00F8BB
:1017A00000F800F800F800F800F800F800F800F879
:1017B00000F800F800F800F800F800F800F800F869
:1017C00000F800F800F800F800F800F800F800F859
:1017D00000F800F800F800F800F800F800F800F849
:1017E00000F800F800F800F800F800F800F800F839
:1017F00000F800F800F800F800F800F800F800F829
:1018000000F800F800F800F800F800F800F800F818
:1018100000F800F800F800F800F800F800F800F808
:1018200000F800F800F800F800F800F800F800F8F8
:1018300000F800F800F800F800F800F800F800F8E8
:1018400000F800F800F800F800F800F800F800F8D8
:10185000E0FFE0FF10841F0010000080008000F80F
:1018600000F800F800F800F800F800F800F800F8B8
:1018700000F800F810841F001F0018C6108400F83C
:1018800000F800F800F800F800F800F800F800F898
:10189000E0FF18C61F001000008000F800F8108458
:1018A00010841004008010041004108400F800F864
:1018B00000F800F800F800F800F81084008000F844
:1018C000E0FF00F800F800F800F800F800F800F871
:1018D00018C6108400040084008000F800F800F8A6
:1018E00000F810841004100400040084E0FF00F8E5
:1018F00000F800F800F800F800F800F800F800F828
:1019000000F800F8E0FF00F800F800F800F80080A8
:1019100000F81084E007E007E007E007E0070004B4
:10192000008000F800F800F800F800F800F800F86F
:1019300000F800F800F800F800F800F800F800F8E7
:1019400000F800F800F8E0FFE0FF00F800F800F809
:1019500000F800F800F800F800F800F800F800F8C7
:1019600000F800F800F800F800F800F800F800F8B7
:1019700000F800F800F800F800F800F800F8E0FFC0
:10198000E0FF00F800F800F800F800F800F800F8B0
:1019900000F800F800F800F800F800F800F800F887
:1019A00000F800F800F800F800F800F800F800F877
:1019B00000F800F800F800F800F800F800F800F867
:1019C00000F800F800F800F800F800F800F800F857
:1019D00000F800F800F800F800F800F800F800F847
:1019E00000F800F800F800F800F800F800F800F837
:1019F00000F800F800F800F800F8E0FF00F800F840
:101A000000F800F800F800F800F800F800F800F816
:101A100000F800F800F800F800F800F800F800F806
:101A200000F800F800F800F800F800F800F8E0FF0F
:101A3000E0FF1084100010000080008000F800F823
:101A400000F800F800F800F800F800F800F800F8D6
:101A500000F800F810841F001F001F001F001084F2
:101A6000108400F800F800F800F800F800F800F81A
:101A7000E0FF18C61F00100000F800F818C6108418
:101A80001F000000008000F810041F00108400F800
:101A900000F800F800F800F800F810040080E0FFFB
:101AA000E0FF00F800F800F800F800F8108418C60D
:101AB000100410041004008400F800F800F800F886
:101AC00018C61084E007100400800080E0FF00F8D2
:101AD00000F800F800F800F800F800F800F800F846
:101AE00000F800F800F800F800F800F800F800F836
:101AF00000F80084E007E007E007E007E007008067
:101B0000008000F800F800F800F800F800F800F88D
:101B100000F800F800F800F800F800F800F800F805
:101B200000F800F800F800F8E0FFE0FF00F800F827
:101B300000F800F800F800F800F800F800F800F8E5
:101B400000F800F800F800F800F800F800F800F8D5
:101B500000F800F800F800F800F800F800F800F8C5
:101B6000E0FFE0FF00F800F800F800F800F800F8E7
:101B700000F800F800F800F800F800F800F800F8A5
:101B800000F800F800F800F800F800F800F800F895
:101B900000F800F800F800F800F800F800F800F885
:101BA00000F800F800F800F800F800F800F800F875
:101BB00000F800F800F800F800F800F800F800F865
:101BC00000F800F800F800F800F800F800F800F855
:101BD00000F800F800F8E0FFE0FF00F800F800F877
:101BE00000F800F800F800F800F800F800F800F835
:101BF00000F800F800F800F800F800F800F800F825
:101C000000F800F800F800F800F800F8E0FF00F82D
:101C100000F800F800800080008000F800F800F86C
:101C200000F800F800F800F800F800F800F800F8F4
:101C300000F800F800F810841F001F001F001F00AC
:101C40001F001F00108400F800F800F800F800F8EA
:101C500000F810841F001F0018C610841F001F000A
:101C60000000008000F800F8008410041F001084B9
:101C700000F800F800F800F8108410040080E0FF7D
:101C8000E0FF00F800F800F8108418C610041004F3
:101C9000100410040084E0FF1084108400F818C6BB
:101CA0001084100410040080008000F8E0FF00F8A9
:101CB00000F800F800F800F800F800F800F800F864
:101CC00000F800F800F800F800F800F800F800F854
:101CD00000F800F81084E007E007E007E007008460
:101CE00000F800F800F800F800F800F800F800F834
:101CF00000F800F800F800F800F800F800F800F824
:101D000000F800F800F800F800F800F8E0FF00F82C
:101D100000F800F800F800F800F800F800F800F803
:101D200000F800F800F800F800F800F800F800F8F3
:101D300000F800F800F800F800F800F800F800F8E3
:101D400000F800F8E0FFE0FF00F800F800F800F805
:101D500000F800F800F800F800F800F800F800F8C3
:101D600000F800F800F800F800F800F800F800F8B3
:101D700000F800F800F800F800F800F800F800F8A3
:101D800000F800F800F800F800F800F800F800F893
:101D900000F800F800F800F800F800F800F800F883
:101DA00000F800F800F800F800F800F800F800F873
:101DB00000F800F8E0FFE0FF00F800F800F800F895
:101DC00000F800F800F800F800F800F800F800F853
:101DD00000F800F800F800F800F800F800F800F843
:101DE00000F800F800F800F800F8E0FF00F800F84C
:101DF00000F800F800F800F800F800F800F800F823
:101E000000F800F800F800F800F800F800F800F812
:101E1000E0FF00F800F800801000100010001F0024
:101E2000100010001004008000F800F800F800F81E
:101E300000F810841F001F001F001F00100000008A
:101E4000008000F800F800F8E0FF108010041F0088
:101E5000108400F800F800F810841F000080E0FFF4
:101E6000E0FF00F800F800F81084100410041000DF
:101E7000008000800080E0FF1084100410841004B3
:101E8000100410040004008000F800F8E0FFE0FFF8
:101E900000F800F800F800F800F800F800F800F882
:101EA00000F800F800F800F800F800F800F800F872
:101EB00000F818C6E00700040004000400040080D5
:101EC00000F800F800F8E0FF00F800F800F800F86B
:101ED00000F800F800F800F800F800F800F800F842
:101EE00000F800F800F800F800F800F800F8E0FF4B
:101EF00000F800F800F800F800F800F800F800F822
:101F000000F800F800F800F800F800F800F800F811
:101F100000F800F800F800F800F800F800F800F801
:101F200000F800F800F8E0FFE0FF00F800F800F823
:101F300000F800F800F800F800F800F800F800F8E1
:101F400000F800F800F800F800F800F800F800F8D1
:101F500000F800F800F800F800F800F800F800F8C1
:101F600000F800F800F800F800F800F800F800F8B1
:101F700000F800F800F800F800F800F800F800F8A1
:101F800000F800F800F800F800F800F800F800F891
:101F9000E0FFE0FF00F800F800F800F800F800F8B3
:101FA00000F800F800F800F800F800F800F800F871
:101FB00000F800F800F800F800F800F800F800F861
:101FC00000F800F800F8E0FFE0FF00F800F800F883
:101FD00000F800F800F800F800F800F800F800F841
:101FE00000F800F800F800F800F800F800F8E0FF4A
:101FF00000F800F800F800F800F800F80080008011
:10200000008000800080008000F800F800F800F8F0
:1020100000F810841F001F001F00100000800080C7
:1020200000F800F800F8E0FF00F800F80080100465
:102030001F001004108418C610841F000080E0FFE9
:1020400000F800F800F800F80080008000800080B0
:1020500000F800F800F8E0FF00F810841004100405
:1020600010040000008000F800F800F800F8E0FF1D
:1020700000F800F800F800F800F800F800F800F8A0
:1020800000F800F800F800F800F800F800F81084F4
:1020900018C6E00700040080008000F800F800F88F
:1020A00000F800F800F800F8E0FF00F800F800F889
:1020B00000F800F800F800F800F800F800F800F860
:1020C00000F800F800F800F800F800F800F800F850
:1020D000E0FF00F800F800F800F800F800F800F859
:1020E00000F800F800F800F800F800F800F800F830
:1020F00000F800F800F800F800F800F800F800F820
:1021000000F800F800F800F800F8E0FFE0FF00F841
:1021100000F800F800F800F800F800F800F800F8FF
:1021200000F800F800F800F800F800F800F800F8EF
:1021300000F800F800F800F800F800F800F800F8DF
:1021400000F800F800F800F800F800F800F800F8CF
:1021500000F800F800F800F800F800F800F800F8BF
:1021600000F800F800F800F800F800F8E0FFE0FFE1
:10217000E0FF00F800F800F800F800F800F800F8B8
:1021800000F800F800F800F800F800F800F800F88F
:1021900000F800F800F800F800F800F800F800F87F
:1021A00000F800F800F8E0FF00F800F800F800F888
:1021B00000F800F800F800F800F800F800F800F85F
:1021C00000F800F800F800F800F800F8E0FFE0FF81
:1021D00000F800F800F800F800F800F800F800F83F
:1021E00000F800F800F800F800F800F800F800F82F
:1021F00000F810841F00100000000080008000F82C
:1022000000F800F800F8E0FF00F800F800F800F827
:1022100010041F001F001F001F001F000080E0FFB0
:1022200000F800F800F800F800F800F800F800F8EE
:1022300000F800F800F8E0FF00F800801004100437
:102240001004008000F800F800F800F800F800F82A
:1022500000F800F800F800F800F800F800F800F8BE
:1022600000F800F800F800F800F818C618C6108446
:10227000E00700040080008000F800F800F800F893
:1022800000F800F800F800F800F8E0FF00F800F8A7
:1022900000F800F800F800F800F800F800F800F87E
:1022A00000F800F800F800F800F800F800F800F86E
:1022B00000F8E0FF00F800F800F800F800F800F877
:1022C00000F800F800F800F800F800F800F800F84E
:1022D00000F800F800F800F800F800F800F800F83E
:1022E00000F800F800F800F800F800F8E0FFE0FF60
:1022F000E0FF00F800F800F800F800F800F800F837
:1023000000F800F800F800F800F800F800F800F80D
:1023100000F800F800F800F800F800F800F800F8FD
:1023200000F800F800F800F800F800F800F800F8ED
:1023300000F800F800F800F800F800F800F800F8DD
:1023400000F800F800F800F800F8E0FFE0FF00F8FF
:1023500000F800F800F800F800F800F800F800F8BD
:1023600000F800F800F800F800F800F800F800F8AD
:1023700000F800F800F800F800F800F800F800F89D
:1023800000F800F8E0FF00F800F800F800F800F8A6
:1023900000F800F800F800F800F800F800F800F87D
:1023A00000F800F800F800F800F8E0FFE0FF00F89F
:1023B00000F800F800F800F800F800F800F800F85D
:1023C00000F800F800F800F800F800F800F800F84D
:1023D00000F800F800800080008000F800F800F8A5
:1023E00000F800F800F800F800F800F800F800F82D
:1023F00000F8108410041F001F001F0000840084D8
:1024000000F800F800F800F800F800F800F800F80C
:1024100000F800F800F8E0FF00F800F800F800000D
:10242000008000F800F800F800F800F800F800F864
:1024300000F800F800F800F800F800F800F800F8DC
:1024400000F800F8108418C618C610041004E0073D
:102450000080008000F800F800F800F800F800F8AC
:1024600000F800F800F800F800F8E0FFE0FF00F8DE
:1024700000F800F800F800F800F800F800F800F89C
:1024800000F800F800F800F800F800F800F800F88C
:1024900000F800F800F800F800F800F800F800F87C
:1024A00000F800F800F800F800F800F800F800F86C
:1024B00000F800F800F800F800F800F800F800F85C
:1024C00000F800F800F800F800F800F800F800F84C
:1024D000E0FFE0FF00F800F800F800F800F800F86E
:1024E00000F800F800F800F800F800F800F800F82C
:1024F00000F800F800F800F800F800F800F800F81C
:1025000000F800F800F800F800F800F800F800F80B
:1025100000F800F800F800F800F800F800F800F8FB
:1025200000F800F800F8E0FFE0FF00F800F800F81D
:1025300000F800F800F800F800F800F800F800F8DB
:1025400000F800F800F800F800F800F800F800F8CB
:1025500000F800F800F800F800F800F800F800F8BB
:1025600000F8E0FF00F800F800F800F800F800F8C4
:1025700000F800F800F800F800F800F800F800F89B
:1025800000F800F800F800F800F8E0FF00F800F8A4
:1025900000F800F800F800F800F800F800F800F87B
:1025A00000F800F800F800F800F800F800F800F86B
:1025B00000F800F800F800F800F800F800F800F85B
:1025C00000F800F800F800F800F800F800F800F84B
:1025D00000F800F800F8008010001000008000846F
:1025E00000F800F800F800F800F800F800F800F82B
:1025F00000F800F800F800F800F800F800F800F81B
:1026000000F800F800F800F800F800F800F800F80A
:1026100000F800F800F800F800F800F800F800F8FA
:1026200000F81084100410041004100410040004B6
:10263000008000F800F800F800F800F800F800F852
:1026400000F800F800F800F800F800F8E0FFE0FFFC
:1026500000F800F800F800F800F800F800F800F8BA
:1026600000F800F800F800F800F800F800F800F8AA
:1026700000F800F800F800F800F800F800F800F89A
:1026800000F800F800F800F800F800F800F800F88A
:1026900000F800F800F800F800F800F800F800F87A
:1026A00000F800F800F800F800F800F800F800F86A
:1026B00000F800F8E0FFE0FF00F800F800F800F88C
:1026C00000F800F800F800F800F800F800F800F84A
:1026D00000F800F800F800F800F800F800F800F83A
:1026E00000F800F800F800F800F800F800F800F82A
:1026F00000F800F800F800F800F800F800F800F81A
:1027000000F8E0FFE0FFE0FF00F800F800F800F854
:1027100000F800F800F800F800F800F800F800F8F9
:1027200000F800F800F800F800F800F800F800F8E9
:1027300000F800F800F800F800F800F800F800F8D9
:1027400000F800F800F800F800F800F800F800F8C9
:1027500000F800F800F800F800F800F800F800F8B9
:1027600000F800F800F800F8E0FF00F800F800F8C2
:1027700000F800F800F800F800F800F800F800F899
:1027800000F800F800F800F800F800F800F800F889
:1027900000F800F800F800F800F800F800F800F879
:1027A00000F800F800F800F800F800F800F800F869
:1027B00000F800F800F800F800F8008000F800F8D1
:1027C00000F800F800F800F800F800F800F800F849
:1027D00000F800F800F800F800F800F800F800F839
:1027E00000F800F800F800F800F800F800F800F829
:1027F00000F800F800F800F800F800F800F800F819
:1028000000F800F8008000800080008000800080D8
:1028100000F800F800F800F800F800F800F800F8F8
:1028200000F800F800F800F800F800F800F8E0FF01
:10283000E0FF00F800F800F800F800F800F800F8F1
:1028400000F800F800F800F800F800F800F800F8C8
:1028500000F800F800F800F800F800F800F800F8B8
:1028600000F800F800F800F800F800F800F800F8A8
:1028700000F800F800F800F800F800F800F800F898
:1028800000F800F800F800F800F800F800F800F888
:1028900000F800F800F8E0FFE0FF00F800F800F8AA
:1028A00000F800F800F800F800F800F800F800F868
:1028B00000F800F800F800F800F800F800F800F858
:1028C00000F800F800F800F800F800F800F800F848
:1028D00000F800F800F800F800F800F800F800F838
:1028E000E0FFE0FF00F800F800F800F800F800F85A
:1028F00000F800F800F800F800F800F800F800F818
:1029000000F800F800F800F800F800F800F800F807
:1029100000F800F800F800F800F800F800F800F8F7
:1029200000F800F800F800F800F800F800F800F8E7
:1029300000F800F800F800F800F800F800F800F8D7
:1029400000F800F800F8E0FFE0FF00F800F800F8F9
:1029500000F800F800F800F800F800F800F800F8B7
:1029600000F800F800F800F800F800F800F800F8A7
:1029700000F800F800F800F800F800F800F800F897
:1029800000F800F800F800F800F800F800F800F887
:1029900000F800F800F800F800F800F800F800F877
:1029A00000F800F800F800F800F800F800F800F867
:1029B00000F800F800F800F800F800F800F800F857
:1029C00000F800F800F800F800F800F800F800F847
:1029D00000F800F800F800F800F800F800F800F837
:1029E00000F800F800F800F800F800F800F8E0FF40
:1029F00000F800F800F800F800F800F800F800F817
:102A000000F800F800F800F800F800F800F800F806
:102A1000E0FF00F800F800F800F800F800F800F80F
:102A200000F800F800F800F800F800F800F800F8E6
:102A300000F800F800F800F800F800F800F800F8D6
:102A400000F800F800F800F800F800F800F800F8C6
:102A500000F800F800F800F800F800F800F800F8B6
:102A600000F800F800F800F800F800F800F800F8A6
:102A700000F800F800F800F800F8E0FFE0FF00F8C8
:102A800000F800F800F800F800F800F800F800F886
:102A900000F800F800F800F800F800F800F800F876
:102AA00000F800F800F800F800F800F800F800F866
:102AB00000F800F800F800F800F800F8E0FFE0FF88
:102AC00000F800F800F800F800F800F800F800F846
:102AD00000F800F800F800F800F800F800F800F836
:102AE00000F800F800F800F800F800F800F800F826
:102AF00000F800F800F800F800F800F800F800F816
:102B000000F800F800F800F800F800F800F800F805
:102B100000F800F800F800F800F800F800F800F8F5
:102B200000F800F8E0FFE0FF00F800F800F800F817
:102B300000F800F800F800F800F800F800F800F8D5
:102B400000F800F800F8E0FF00F800F800F800F8DE
:102B500000F800F800F800F800F800F800F800F8B5
:102B600000F800F800F800F800F800F800F800F8A5
:102B700000F800F800F800F800F800F800F800F895
:102B800000F800F800F800F800F800F800F800F885
:102B900000F800F800F800F800F800F800F800F875
:102BA00000F800F800F800F800F800F800F800F865
:102BB00000F800F800F800F800F800F800F800F855
:102BC00000F800F800F800F800F800F800F8E0FF5E
:102BD000E0FF00F800F800F800F800F800F800F84E
:102BE00000F800F800F800F800F800F800F800F825
:102BF00000F8E0FF00F800F800F800F800F800F82E
:102C000000F800F800F800F800F800F800F800F804
:102C100000F800F800F800F800F800F800F800F8F4
:102C200000F800F800F800F800F800F800F800F8E4
:102C300000F800F800F800F800F800F800F800F8D4
:102C400000F800F800F800F800F800F800F800F8C4
:102C500000F800F800F800F800F800F800F800F8B4
:102C600000F800F800F800F800F800F800F800F8A4
:102C700000F800F800F800F800F800F800F800F894
:102C800000F800F800F800F800F800F800F800F884
:102C900000F800F800F800F800F8E0FFE0FF00F8A6
:102CA00000F800F800F800F800F800F800F800F864
:102CB00000F800F800F800F800F800F800F800F854
:102CC00000F800F800F800F800F800F800F800F844
:102CD00000F800F800F800F800F800F800F800F834
:102CE00000F800F800F800F800F800F800F800F824
:102CF00000F800F800F800F800F800F800F800F814
:102D000000F800F8E0FF00F800F800F800F800F81C
:102D100000F800F800F800F800F800F800F800F8F3
:102D200000F800F800F8E0FF00F800F800F800F8FC
:102D300000F800F800F800F800F800F800F800F8D3
:102D400000F800F800F800F800F800F800F800F8C3
:102D500000F800F800F800F800F800F800F800F8B3
:102D600000F800F800F800F800F800F800F800F8A3
:102D700000F800F800F800F800F800F800F800F893
:102D800000F800F800F800F800F800F800F800F883
:102D900000F800F800F800F800F800F800F800F873
:102DA00000F800F800F800F800F800F800F800F863
:102DB000E0FF00F800F800F800F800F800F800F86C
:102DC00000F800F800F800F800F800F800F800F843
:102DD00000F8E0FFE0FF00F800F800F800F800F865
:102DE00000F800F800F800F800F800F800F800F823
:102DF00000F800F800F800F800F800F800F800F813
:102E0000E0FFE0FF00F800F800F800F800F800F834
:102E100000F800F800F800F800F800F800F800F8F2
:102E200000F800F800F800F800F800F800F800F8E2
:102E300000F800F800F800F800F800F800F800F8D2
:102E400000F800F800F800F800F800F800F800F8C2
:102E500000F800F800F800F800F800F800F800F8B2
:102E600000F800F800F800F800F800F800F800F8A2
:102E700000F800F800F800F8E0FF00F800F800F8AB
:102E800000F800F800F800F800F800F800F800F882
:102E900000F800F800F800F800F800F800F800F872
:102EA00000F800F800F800F800F800F800F800F862
:102EB00000F800F800F800F800F800F800F800F852
:102EC00000F800F800F800F800F800F800F800F842
:102ED00000F800F800F800F800F800F800F800F832
:102EE00000F8E0FF00F800F800F800F800F800F83B
:102EF00000F800F800F800F800F800F800F800F812
:102F000000F800F8E0FFE0FF00F800F800F800F833
:102F100000F800F800F800F800F800F800F800F8F1
:102F200000F800F800F800F800F800F800F800F8E1
:102F300000F800F800F800F800F800F800F800F8D1
:102F400000F800F800F800F800F800F800F800F8C1
:102F500000F800F800F800F800F800F800F800F8B1
:102F600000F800F800F800F800F800F800F800F8A1
:102F700000F800F800F800F800F800F800F800F891
:102F800000F800F800F800F800F800F800F800F881
:102F9000E0FFE0FF00F800F800F800F800F800F8A3
:102FA00000F800F800F800F800F800F800F800F861
:102FB00000F800F8E0FFE0FF00F800F800F800F883
:102FC00000F800F800F800F800F800F800F800F841
:102FD00000F800F800F800F800F800F800F800F831
:102FE00000F8E0FFE0FF00F800F800F800F800F853
:102FF00000F800F800F800F800F800F800F800F811
:1030000000F800F800F800F800F800F800F800F800
:1030100000F800F800F800F800F800F800F800F8F0
:1030200000F800F800F800F800F800F800F800F8E0
:1030300000F800F800F800F800F800F800F800F8D0
:1030400000F800F800F800F800F800F800F800F8C0
:1030500000F800F800F800F800F800F800F800F8B0
:1030600000F800F800F800F800F800F800F800F8A0
:1030700000F800F800F800F800F800F800F800F890
:1030800000F800F800F800F800F800F800F800F880
:1030900000F800F8E0FF00F800F800F800F800F889
:1030A00000F800F800F800F800F800F800F800F860
:1030B00000F800F800F800F800F800F800F800F850
:1030C000E0FFE0FF00F800F800F800F800F800F872
:1030D00000F800F800F800F800F800F800F800F830
:1030E00000F800F8E0FF00F800F800F800F800F839
:1030F00000F800F800F800F800F800F800F800F810
:1031000000F8E0FF00F800F800F800F800F800F818
:1031100000F800F800F800F800F800F800F800F8EF
:1031200000F800F800F800F800F800F800F800F8DF
:1031300000F800F800F800F800F800F800F800F8CF
:1031400000F800F800F800F800F800F800F800F8BF
:1031500000F800F8E0FF00F800F800F800F800F8C8
:1031600000F800F800F800F800F800F800F800F89F
:1031700000F8E0FF00F800F800F800F800F800F8A8
:1031800000F800F800F800F800F800F800F800F87F
:1031900000F800F800F8E0FF00F800F800F800F888
:1031A00000F800F800F800F800F800F800F800F85F
:1031B00000F800F800F800F800F800F800F800F84F
:1031C00000F800F8E0FFE0FF00F800F800F800F871
:1031D00000F800F800F800F800F800F800F800F82F
:1031E00000F800F800F800F800F800F800F800F81F
:1031F00000F800F800F800F800F800F800F800F80F
:1032000000F800F800F800F800F800F800F800F8FE
:1032100000F800F800F800F800F800F800F800F8EE
:1032200000F800F800F800F800F800F800F800F8DE
:1032300000F800F800F800F800F800F800F800F8CE
:1032400000F800F800F800F800F800F800F800F8BE
:1032500000F800F800F800F800F800F800F800F8AE
:1032600000F800F800F800F800F800F800F800F89E
:1032700000F8E0FF00F800F800F800F800F800F8A7
:1032800000F800F800F800F800F800F800F800F87E
:1032900000F800F800F800F800F800F800F8E0FF87
:1032A000E0FF00F800F800F800F800F800F800F877
:1032B00000F800F800F800F800F800F800F800F84E
:1032C00000F8E0FFE0FF00F800F800F800F800F870
:1032D00000F800F800F800F800F800F800F800F82E
:1032E00000F8E0FF00F800F800F800F800F800F837
:1032F00000F800F800F800F800F800F800F800F80E
:1033000000F800F800F800F800F800F800F800F8FD
:1033100000F800F800F800F800F800F800F800F8ED
:1033200000F800F800F800F800F800F800F800F8DD
:1033300000F800F8E0FF00F800F800F800F800F8E6
:1033400000F800F800F800F800F800F800F800F8BD
:1033500000F8E0FFE0FF00F800F800F800F800F8DF
:1033600000F800F800F800F800F800F800F800F89D
:1033700000F800F800F800F8E0FF00F800F800F8A6
:1033800000F800F800F800F800F800F800F800F87D
:1033900000F800F800F800F800F800F800F800F86D
:1033A00000F800F800F8E0FFE0FF00F800F800F88F
:1033B00000F800F800F800F800F800F800F800F84D
:1033C00000F800F800F800F800F800F800F800F83D
:1033D00000F800F800F800F800F800F800F800F82D
:1033E00000F800F800F800F800F800F800F800F81D
:1033F00000F800F800F800F800F800F800F800F80D
:1034000000F800F800F800F800F800F800F800F8FC
:1034100000F800F800F800F800F800F800F800F8EC
:1034200000F800F800F800F800F800F800F800F8DC
:1034300000F800F800F800F800F800F800F800F8CC
:1034400000F800F800F800F800F800F800F800F8BC
:10345000E0FF00F800F800F800F800F800F800F8C5
:1034600000F800F800F800F800F800F800F800F89C
:1034700000F800F800F800F800F800F800F8E0FFA5
:1034800000F800F800F800F800F800F800F800F87C
:1034900000F800F800F800F800F800F800F800F86C
:1034A00000F8E0FF00F800F800F800F800F800F875
:1034B00000F800F800F800F800F800F800F800F84C
:1034C000E0FF00F800F800F800F800F800F800F855
:1034D00000F800F800F800F800F800F800F800F82C
:1034E00000F800F800F800F800F800F800F800F81C
:1034F00000F800F800F800F8E0FF00F800F800F825
:1035000000F800F800F800F800F800F800F800F8FB
:1035100000F800F8E0FFE0FF00F800F800F800F81D
:1035200000F800F800F800F800F800F800F800F8DB
:1035300000F800F8E0FF00F800F800F800F800F8E4
:1035400000F800F800F800F800F800F800F800F8BB
:1035500000F800F800F800F800F800F800F800F8AB
:1035600000F800F800F800F800F800F800F800F89B
:1035700000F800F800F800F800F800F800F800F88B
:1035800000F800F800F800F800F8E0FF00F800F894
:1035900000F800F800F800F800F800F800F800F86B
:1035A00000F800F800F800F800F800F800F800F85B
:1035B00000F800F800F800F800F800F800F800F84B
:1035C00000F800F800F800F800F800F800F800F83B
:1035D00000F800F800F800F800F800F800F800F82B
:1035E00000F800F800F800F800F800F800F800F81B
:1035F00000F800F800F800F800F800F800F800F80B
:1036000000F800F800F800F800F800F800F800F8FA
:1036100000F800F800F800F800F800F800F800F8EA
:1036200000F800F800F800F800F800F8E0FFE0FF0C
:1036300000F800F800F800F800F800F800F800F8CA
:1036400000F800F800F800F800F800F800F800F8BA
:1036500000F800F800F800F800F800F8E0FF00F8C3
:1036600000F800F800F800F800F800F800F800F89A
:1036700000F800F800F800F800F800F800F800F88A
:10368000E0FFE0FF00F800F800F800F800F800F8AC
:1036900000F800F800F800F800F800F800F800F86A
:1036A000E0FF00F800F800F800F800F800F800F873
:1036B00000F800F800F800F800F800F8E0FF00F863
:1036C00000F800F800F800F800F800F800F800F83A
:1036D00000F800F800F800F8E0FF00F800F800F843
:1036E00000F800F800F800F800F800F800F800F81A
:1036F00000F800F800F8E0FF00F800F800F800F823
:1037000000F800F800F800F800F800F800F800F8F9
:1037100000F800F800F8E0FF00F800F800F800F802
:1037200000F800F800F800F800F800F800F800F8D9
:1037300000F800F800F800F800F800F800F800F8C9
:1037400000F800F800F800F800F800F800F800F8B9
:1037500000F800F800F800F800F800F800F800F8A9
:1037600000F800F800F800F800F800F8E0FFE0FFCB
:1037700000F800F800F800F800F800F800F800F889
:1037800000F800F800F800F800F800F800F800F879
:1037900000F800F800F800F800F800F800F800F869
:1037A00000F800F800F800F800F800F800F800F859
:1037B00000F800F800F800F800F800F800F800F849
:1037C00000F800F800F800F800F800F800F800F839
:1037D00000F800F800F800F800F800F800F800F829
:1037E00000F800F800F800F800F800F800F800F819
:1037F00000F800F800F800F800F800F800F800F809
:1038000000F800F800F800F800F8E0FFE0FF00F82A
:1038100000F800F800F800F800F800F800F800F8E8
:1038200000F800F800F800F800F800F800F800F8D8
:1038300000F800F800F800F800F800F800F800F8C8
:1038400000F800F800F800F800F800F800F800F8B8
:1038500000F800F800F800F800F800F800F800F8A8
:10386000E0FF00F800F800F800F800F800F800F8B1
:1038700000F800F800F800F800F800F800F800F888
:10388000E0FF00F800F800F800F800F800F800F891
:1038900000F800F800F800F800F800F8E0FF00F881
:1038A00000F800F800F800F800F800F800F800F858
:1038B00000F800F800F800F8E0FFE0FF00F800F87A
:1038C00000F800F800F800F800F800F800F800F838
:1038D00000F800F800F8E0FF00F800F800F800F841
:1038E00000F800F800F800F800F800F800F800F818
:1038F00000F800F800F8E0FF00F800F800F800F821
:1039000000F800F800F800F800F800F800F800F8F7
:1039100000F800F800F800F800F800F800F800F8E7
:1039200000F800F800F800F800F800F800F800F8D7
:1039300000F800F800F800F800F800F800F800F8C7
:1039400000F800F800F800F800F800F800F8E0FFD0
:1039500000F800F800F800F800F800F800F800F8A7
:1039600000F800F800F800F800F800F800F800F897
:1039700000F800F800F800F800F800F800F800F887
:1039800000F800F800F800F800F800F800F800F877
:1039900000F800F800F800F800F800F800F800F867
:1039A00000F800F800F800F800F800F800F800F857
:1039B00000F800F800F800F800F800F800F800F847
:1039C00000F800F800F800F800F800F800F800F837
:1039D00000F800F800F800F800F800F800F800F827
:1039E00000F800F800F800F8E0FFE0FF00F800F849
:1039F00000F800F800F800F800F800F800F800F807
:103A000000F800F800F800F800F800F800F800F8F6
:103A100000F800F800F800F800F800F800F800F8E6
:103A200000F800F800F800F800F800F800F800F8D6
:103A300000F800F800F800F800F800F800F8E0FFDF
:103A400000F800F800F800F800F800F800F800F8B6
:103A500000F800F800F800F800F800F800F8E0FFBF
:103A6000E0FF00F800F800F800F800F800F800F8AF
:103A700000F800F800F800F800F800F8E0FF00F89F
:103A800000F800F800F800F800F800F800F800F876
:103A900000F800F800F800F8E0FFE0FF00F800F898
:103AA00000F800F800F800F800F800F800F800F856
:103AB00000F800F800F8E0FFE0FF00F800F800F878
:103AC00000F800F800F800F800F800F800F800F836
:103AD00000F800F800F800F8E0FF00F800F800F83F
:103AE00000F800F800F800F800F800F800F800F816
:103AF00000F800F800F800F800F800F800F800F806
:103B000000F800F800F800F800F800F800F800F8F5
:103B100000F800F800F800F800F800F800F800F8E5
:103B200000F800F800F800F800F800F800F800F8D5
:103B3000E0FFE0FF00F800F800F800F800F800F8F7
:103B400000F800F800F800F800F800F800F800F8B5
:103B500000F800F800F800F800F800F800F800F8A5
:103B600000F800F800F800F800F800F800F800F895
:103B700000F800F800F800F800F800F800F800F885
:103B800000F800F800F800F800F800F800F800F875
:103B900000F800F800F800F800F800F800F800F865
:103BA00000F800F800F800F800F800F800F800F855
:103BB00000F800F800F800F800F800F800F800F845
:103BC00000F800F800F8E0FFE0FF00F800F800F867
:103BD00000F800F800F800F800F800F800F800F825
:103BE00000F800F800F800F800F800F800F800F815
:103BF00000F800F800F800F800F800F800F800F805
:103C000000F800F800F800F800F800F800F800F8F4
:103C100000F800F800F800F800F800F800F8E0FFFD
:103C200000F800F800F800F800F800F800F800F8D4
:103C300000F800F800F800F800F800F800F8E0FFDD
:103C400000F800F800F800F800F800F800F800F8B4
:103C500000F800F800F800F800F800F8E0FF00F8BD
:103C600000F800F800F800F800F800F800F800F894
:103C700000F800F800F800F800F8E0FF00F800F89D
:103C800000F800F800F800F800F800F800F800F874
:103C900000F800F800F800F8E0FF00F800F800F87D
:103CA00000F800F800F800F800F800F800F800F854
:103CB00000F800F800F800F8E0FF00F800F800F85D
:103CC00000F800F800F800F800F800F800F800F834
:103CD00000F800F800F800F800F800F800F800F824
:103CE00000F800F800F800F800F800F800F800F814
:103CF00000F800F800F800F800F800F800F800F804
:103D000000F800F800F800F800F800F800F800F8F3
:103D100000F8E0FFE0FF00F800F800F800F800F815
:103D200000F800F800F800F800F800F800F800F8D3
:103D300000F800F800F800F800F800F800F800F8C3
:103D400000F800F800F800F800F800F800F800F8B3
:103D500000F800F800F800F800F800F800F800F8A3
:103D600000F800F800F800F800F800F800F800F893
:103D700000F800F800F800F800F800F800F800F883
:103D800000F800F800F800F800F800F800F800F873
:103D900000F800F800F800F800F800F800F800F863
:103DA00000F800F8E0FFE0FF00F800F800F800F885
:103DB00000F800F800F800F800F800F800F800F843
:103DC00000F800F800F800F800F800F800F800F833
:103DD00000F800F800F800F800F800F800F800F823
:103DE00000F800F800F800F800F800F800F800F813
:103DF00000F800F800F800F800F800F8E0FF00F81C
:103E000000F800F800F800F800F800F800F800F8F2
:103E100000F800F800F800F800F800F800F8E0FFFB
:103E200000F800F800F800F800F800F800F800F8D2
:103E300000F800F800F800F800F800F8E0FF00F8DB
:103E400000F800F800F800F800F800F800F800F8B2
:103E500000F800F800F800F800F8E0FF00F800F8BB
:103E600000F800F800F800F800F800F800F800F892
:103E700000F800F800F800F8E0FF00F800F800F89B
:103E800000F800F800F800F800F800F800F800F872
:103E900000F800F800F800F800F8E0FF00F800F87B
:103EA00000F800F800F800F800F800F800F800F852
:103EB00000F800F800F800F800F800F800F800F842
:103EC00000F800F800F800F800F800F800F800F832
:103ED00000F800F800F800F800F800F800F800F822
:103EE00000F800F800F800F800F800F800F800F812
:103EF00000F800F8E0FFE0FF00F800F800F800F834
:103F000000F800F800F800F800F800F800F800F8F1
:103F100000F800F800F800F800F800F800F800F8E1
:103F200000F800F800F800F800F800F800F800F8D1
:103F300000F800F800F800F800F800F800F800F8C1
:103F400000F800F800F800F800F800F800F800F8B1
:103F500000F800F800F800F800F800F800F800F8A1
:103F600000F800F800F800F800F800F800F800F891
:103F700000F800F800F800F800F800F800F800F881
:103F800000F8E0FFE0FF00F800F800F800F800F8A3
:103F900000F800F800F800F800F800F800F800F861
:103FA00000F800F800F800F800F800F800F800F851
:103FB00000F800F800F800F800F800F800F800F841
:103FC00000F800F800F800F800F800F800F800F831
:103FD00000F800F800F800F800F800F8E0FF00F83A
:103FE00000F800F800F800F800F800F800F800F811
:103FF00000F800F800F800F800F800F8E0FFE0FF33
:1040000000F800F800F800F800F800F800F800F8F0
:1040100000F800F800F800F800F800F8E0FF00F8F9
:1040200000F800F800F800F800F800F800F800F8D0
:1040300000F800F800F800F800F8E0FF00F800F8D9
:1040400000F800F800F800F800F800F800F800F8B0
:1040500000F800F800F800F8E0FF00F800F800F8B9
:1040600000F800F800F800F800F800F800F800F890
:1040700000F800F800F800F800F8E0FF00F800F899
:1040800000F800F800F800F800F800F800F800F870
:1040900000F800F800F800F800F800F800F800F860
:1040A00000F800F800F800F800F800F800F800F850
:1040B00000F800F800F800F800F800F800F800F840
:1040C00000F800F800F800F800F800F800F800F830
:1040D00000F800F800F8E0FFE0FF00F800F800F852
:1040E00000F800F800F800F800F800F800F800F810
:1040F00000F800F800F800F800F800F800F800F800
:1041000000F800F800F800F800F800F800F800F8EF
:1041100000F800F800F800F800F800F800F800F8DF
:1041200000F800F800F800F800F800F800F800F8CF
:1041300000F800F800F800F800F800F800F800F8BF
:1041400000F800F800F800F800F800F800F800F8AF
:1041500000F800F800F800F800F800F800F800F89F
:10416000E0FF00F800F800F800F800F800F800F8A8
:1041700000F800F800F800F800F800F800F800F87F
:1041800000F800F800F800F800F800F800F800F86F
:1041900000F800F800F800F800F800F800F800F85F
:1041A00000F800F800F800F800F800F800F800F84F
:1041B00000F800F800F800F800F8E0FF00F800F858
:1041C00000F800F800F800F800F800F800F800F82F
:1041D00000F800F800F800F800F800F8E0FF00F838
:1041E00000F800F800F800F800F800F800F800F80F
:1041F00000F800F800F800F800F800F8E0FF00F818
:1042000000F800F800F800F800F800F800F800F8EE
:1042100000F800F800F800F800F8E0FF00F800F8F7
:1042200000F800F800F800F800F800F800F800F8CE
:1042300000F800F800F800F8E0FFE0FF00F800F8F0
:1042400000F800F800F800F800F800F800F800F8AE
:1042500000F800F800F800F800F800F8E0FF00F8B7
:1042600000F800F800F800F800F800F800F800F88E
:1042700000F800F800F800F800F800F800F800F87E
:1042800000F800F800F8E0FF00F800F800F800F887
:1042900000F800F800F800F800F800F800F800F85E
:1042A00000F800F800F800F800F800F800F800F84E
:1042B00000F800F800F800F8E0FFE0FF00F800F870
:1042C00000F800F800F800F800F800F800F800F82E
:1042D00000F800F800F800F800F800F800F800F81E
:1042E00000F800F800F800F800F800F800F800F80E
:1042F00000F800F800F800F800F800F800F800F8FE
:1043000000F800F800F800F800F800F800F800F8ED
:1043100000F800F800F800F800F800F800F800F8DD
:1043200000F800F800F800F800F800F800F800F8CD
:1043300000F800F800F800F800F800F800F8E0FFD6
:1043400000F800F800F800F800F800F800F800F8AD
:1043500000F800F800F800F800F800F800F800F89D
:1043600000F800F800F800F800F800F800F800F88D
:1043700000F800F800F800F800F800F800F800F87D
:1043800000F800F800F800F800F800F800F800F86D
:1043900000F800F800F800F800F8E0FF00F800F876
:1043A00000F800F800F800F800F800F800F800F84D
:1043B00000F800F800F800F800F800F8E0FF00F856
:1043C00000F800F800F800F800F800F800F800F82D
:1043D00000F800F800F800F800F800F8E0FF00F836
:1043E00000F800F800F800F800F800F800F800F80D
:1043F00000F800F800F800F800F8E0FF00F800F816
:1044000000F800F800F800F800F800F800F800F8EC
:1044100000F800F800F800F800F8E0FF00F800F8F5
:1044200000F800F800F800F800F800F800F800F8CC
:1044300000F800F800F800F800F800F800F800F8BC
:1044400000F800F800F800F800F800F800F800F8AC
:1044500000F800F800F800F800F800F800F800F89C
:1044600000F800F800F8E0FF00F800F800F800F8A5
:1044700000F800F800F800F800F800F800F800F87C
:1044800000F800F800F800F800F800F800F800F86C
:1044900000F800F800F800F800F800F8E0FF00F875
:1044A00000F800F800F800F800F800F800F800F84C
:1044B00000F800F800F800F800F800F800F800F83C
:1044C00000F800F800F800F800F800F800F800F82C
:1044D00000F800F800F800F800F800F800F800F81C
:1044E00000F800F800F800F800F800F800F800F80C
:1044F00000F800F800F800F800F800F800F800F8FC
:1045000000F800F800F800F800F800F800F800F8EB
:1045100000F800F800F800F800F800F8E0FF00F8F4
:1045200000F800F800F800F800F800F800F800F8CB
:1045300000F800F800F800F800F800F800F800F8BB
:1045400000F800F800F800F800F800F800F800F8AB
:1045500000F800F800F800F800F800F800F800F89B
:1045600000F800F800F800F800F800F800F800F88B
:1045700000F800F800F800F800F800F800F800F87B
:1045800000F800F800F800F800F800F800F800F86B
:1045900000F800F800F800F800F800F8E0FF00F874
:1045A00000F800F800F800F800F800F800F800F84B
:1045B00000F800F800F800F800F800F8E0FF00F854
:1045C00000F800F800F800F800F800F800F800F82B
:1045D00000F800F800F800F800F8E0FF00F800F834
:1045E00000F800F800F800F800F800F800F800F80B
:1045F00000F800F800F800F800F8E0FF00F800F814
:1046000000F800F800F800F800F800F800F800F8EA
:1046100000F800F800F800F800F800F800F800F8DA
:1046200000F800F800F800F800F800F800F800F8CA
:1046300000F800F800F800F800F800F800F800F8BA
:1046400000F800F800F800F8E0FF00F800F800F8C3
:1046500000F800F800F800F800F800F800F800F89A
:1046600000F800F800F800F800F800F800F800F88A
:1046700000F800F800F800F800F800F800F8E0FF93
:1046800000F800F800F800F800F800F800F800F86A
:1046900000F800F800F800F800F800F800F800F85A
:1046A00000F800F800F800F800F800F800F800F84A
:1046B00000F800F800F800F800F800F800F800F83A
:1046C00000F800F800F800F800F800F800F800F82A
:1046D00000F800F800F800F800F800F800F800F81A
:1046E00000F800F800F800F800F800F800F800F80A
:1046F00000F800F800F800F800F8E0FF00F800F813
:1047000000F800F800F800F800F800F800F800F8E9
:1047100000F800F800F800F800F800F800F800F8D9
:1047200000F800F800F800F800F800F800F800F8C9
:1047300000F800F800F800F800F800F800F800F8B9
:1047400000F800F800F800F800F800F800F800F8A9
:1047500000F800F800F800F800F800F800F800F899
:1047600000F800F800F800F800F800F800F800F889
:1047700000F800F800F800F800F800F8E0FF00F892
:1047800000F800F800F800F800F800F800F800F869
:1047900000F800F800F800F800F800F8E0FF00F872
:1047A00000F800F800F800F800F800F800F800F849
:1047B00000F800F800F800F800F8E0FF00F800F852
:1047C00000F800F800F800F800F800F800F800F829
:1047D00000F800F800F800F800F8E0FFE0FF00F84B
:1047E00000F800F800F800F800F800F800F800F809
:1047F00000F800F800F800F800F800F800F800F8F9
:1048000000F800F800F800F800F800F800F800F8E8
:1048100000F800F800F800F800F800F800F800F8D8
:1048200000F800F800F800F800F8E0FF00F800F8E1
:1048300000F800F800F800F800F800F800F800F8B8
:1048400000F800F800F800F800F800F800F800F8A8
:1048500000F800F800F800F800F800F800F800F898
:10486000E0FF00F800F800F800F800F800F800F8A1
:1048700000F800F800F800F800F800F800F800F878
:1048800000F800F800F800F800F800F800F800F868
:1048900000F800F800F800F8000000000000000038
:1048A0000000000000000000000000000000000008
:1048B00000000000000000000000000000000000F8
:1048C00000000000000000000000000000000000E8
:1048D00000000000000000000000000000000000D8
:1048E00000000000000000000000000000000000C8
:1048F00000000000000000000000000000000000B8
:1049000000000000000000000000000000000000A7
:104910000000000000000000000000000000000097
:104920000000000000000000000000000000000087
:104930000000000000000000000000000000000077
:104940000000000000000000000000000000000067
:104950000000000000000000000400040004000447
:1049600000040004000400040004000400840004A7
:10497000000400040004000400040000000000041F
:104980000084008400040004008400040004000487
:1049900000040004000400040004000400040004F7
:1049A00000040004000400040004000400040004E7
:1049B00000040004000400040004000400040004D7
:1049C00000040004000400040004000400040004C7
:1049D00000040004000400040084008400840084B7
:1049E00000840084008400840084008400840084A7
:1049F0000084008400840084008400840084008497
:104A00000084108410841084108410841084108416
:104A10001084108418C618C618C618C618C618C63A
:104A200018C618C618C618C618C618C618C618C696
:104A300018C618C618C618C618C618C6108410841A
:104A400010841084108410841084108410841084C6
:104A500010841084108410841084108410841084B6
:104A600010841084108410841084108410841084A6
:104A700010841084108410840000000000000000E6
:104A80000000000000000000000000000000000026
:104A90000000000000000000000000000000000016
:104AA0000000000000000000000000000000000006
:104AB00000000000000000000000000000000000F6
:104AC00000000000000000000000000000000000E6
:104AD00000000000000000000000000000000000D6
:104AE00000000000000000000000000000000000C6
:104AF00000000000000000000000000000000000B6
:104B000000000000000000000000000000000000A5
:104B10000000000000000000000000000000000095
:104B20000000000000000000000000000000000085
:104B30000000000000000000000400040004000465
:104B400000040084008400840084008400040004C5
:104B50000004000400040004000000000000000045
:104B60000000000400040004000400040004000429
:104B70000004000400040004000400040004000415
:104B80000004008400840084000400040004000485
:104B900000040004000400040004000400040004F5
:104BA00000040004000400040004000400040004E5
:104BB0000004000400040004000400840084008455
:104BC00000840084008400840084008400840084C5
:104BD00000840084008400840084008400840084B5
:104BE0000084108410841084108410841084108435
:104BF00010841084108418C618C618C618C618C6A3
:104C000018C618C618C618C618C618C618C618C6B4
:104C100018C618C618C618C618C618C61084108438
:104C200010841084108410841084108410841084E4
:104C300010841084108410841084108410841084D4
:104C400010841084108410841084108410841084C4
:104C50001084108410841084000000000000000004
:104C60000000000000000000000000000000000044
:104C70000000000000000000000000000000000034
:104C80000000000000000000000000000000000024
:104C90000000000000000000000000000000000014
:104CA0000000000000000000000000000000000004
:104CB00000000000000000000000000000000000F4
:104CC00000000000000000000000000000000000E4
:104CD00000000000000000000000000000000000D4
:104CE00000000000000000000000000000000000C4
:104CF00000000000000000000000000000000000B4
:104D000000000000000000000000000000000000A3
:104D10000000000000000000000400040004000483
:104D200000840084008400840084000400040004E3
:104D30000004000400040000000000000000000067
:104D4000000000000000000400040004000400044F
:104D500000040004000400040004000400040084B3
:104D600000840084108410841084108410840084D3
:104D70000004000400040004000400040004000413
:104D80000004000400040004000400040004000403
:104D900000040004000400040004000400840084F3
:104DA00000840084008400840084008400840084E3
:104DB00000840084008400840084008400840084D3
:104DC0000084108410841084108410841084108453
:104DD0001084108410841084108418C618C618C655
:104DE00018C618C618C618C618C618C618C618C6D3
:104DF00018C618C618C618C618C618C61084108457
:104E00001084108410841084108410841084108402
:104E100010841084108410841084108410841084F2
:104E200010841084108410841084108410841084E2
:104E30001084108410841084000000000000000022
:104E40000000000000000000000000000000000062
:104E50000000000000000000000000000000000052
:104E60000000000000000000000000000000000042
:104E70000000000000000000000000000000000032
:104E80000000000000000000000000000000000022
:104E90000000000000000000000000000000000012
:104EA0000000000000000000000000000000000002
:104EB00000000000000000000000000000000000F2
:104EC00000000000000000000000000000000000E2
:104ED00000000000000000000000000000000000D2
:104EE00000000000000000000000000000000000C2
:104EF0000000000000000000000400040004008422
:104F00000084008400840084000400040004000481
:104F10000004000400000000000000000000000089
:104F2000000000000000000000000000000400007D
:104F30000004000400040004000400040084008451
:104F400000841084108410841084108410841084D1
:104F500010840004000400040004000400040004A1
:104F60000004000400040004000400040004000421
:104F70000004000400040004000400040004008491
:104F80000084008400840084008400840084008401
:104F900000840084008400840084008400840084F1
:104FA0000084108410841084108410841084108471
:104FB000108410841084108410841084108418C607
:104FC00018C618C618C618C618C618C618C618C6F1
:104FD00018C618C618C618C618C6108410841084BF
:104FE0001084108410841084108410841084108421
:104FF0001084108410841084108410841084108411
:105000001084108410841084108410841084108400
:105010001084108410841084000000000000000040
:105020000000000000000000000000000000000080
:105030000000000000000000000000000000000070
:105040000000000000000000000000000000000060
:105050000000000000000000000000000000000050
:105060000000000000000000000000000000000040
:105070000000000000000000000000000000000030
:105080000000000000000000000000000000000020
:105090000000000000000000000000000000000010
:1050A0000000000000000000000000000000000000
:1050B00000000000000000000000000000000000F0
:1050C00000000000000000000000000000000000E0
:1050D000000000000000000400040004000400843C
:1050E00000840084000400040004000400040004A0
:1050F00000040000000000000000000000000000AC
:10510000000000000000000000000000000000009F
:1051100000000004000400840084008400840084F3
:1051200010841084108410841084108410841084DF
:10513000108410840004000400040004000400042F
:10514000000400040004000400040004000400043F
:10515000000400040004008400840004000400042F
:10516000000400840084008400840084008400849F
:10517000008400840084008400840084008400840F
:10518000008410841084108410841084108410848F
:10519000108410841084108410841084108410846F
:1051A000108418C618C618C618C618C618C618C659
:1051B00018C618C618C618C6108410841084108427
:1051C000108410841084108410841084108410843F
:1051D000108410841084108410841084108410842F
:1051E000108410841084108410841084108410841F
:1051F000108410841084108400000000000000005F
:10520000000000000000000000000000000000009E
:10521000000000000000000000000000000000008E
:10522000000000000000000000000000000000007E
:10523000000000000000000000000000000000006E
:10524000000000000000000000000000000000005E
:10525000000000000000000000000000000000004E
:10526000000000000000000000000000000000003E
:10527000000000000000000000000000000000002E
:10528000000000000000000000000000000000001E
:10529000000000000000000000000000000000000E
:1052A00000000000000000000000000000000000FE
:1052B00000000000000000000004000400040004DE
:1052C00000040004000400040004000400040004BE
:1052D00000040000000000000000000000000000CA
:1052E00000000000000000000000000000000000BE
:1052F0000000000400040084008400840084008412
:1053000010841084108410841084108410841084FD
:1053100010841084108400040004000400040004BD
:10532000000400040004000400040004000400045D
:10533000000400040004000400840084000400044D
:10534000000400040084008400840084008400843D
:10535000008400840084008400840084008400842D
:1053600000841084108410841084108410841084AD
:10537000108410841084108410841084108410848D
:10538000108418C618C618C618C618C618C618C677
:1053900018C618C618C618C6108410841084108445
:1053A000108410841084108410841084108410845D
:1053B000108410841084108410841084108410844D
:1053C000108410841084108410841084108410843D
:1053D000108410841084108400000000000000007D
:1053E00000000000000000000000000000000000BD
:1053F00000000000000000000000000000000000AD
:10540000000000000000000000000000000000009C
:10541000000000000000000000000000000000008C
:10542000000000000000000000000000000000007C
:10543000000000000000000000000000000000006C
:10544000000000000000000000000000000000005C
:10545000000000000000000000000000000000004C
:10546000000000000000000000000000000000003C
:10547000000000000000000000000000000000002C
:10548000000000000000000000000000000000001C
:1054900000000000000000000004000400040004FC
:1054A00000040004000400040004000400040004DC
:1054B00000040000000000000000000000000000E8
:1054C00000000000000000000000000000000004D8
:1054D000000400040004008400840084008410841C
:1054E000108410841084108410841084108410841C
:1054F00010841084108410841084000400040004BC
:10550000000400040004000400040004000400047B
:10551000000400040004000400040004000400046B
:10552000000400040004000400840084008400845B
:10553000008400840084008400840084008400844B
:1055400000841084108410841084108410841084CB
:1055500010841084108410841084108410841084AB
:105560001084108418C618C618C618C618C618C6DF
:1055700018C6108418C610841084108410841084F7
:10558000108410841084108410841084108410847B
:10559000108410841084108410841084108410846B
:1055A000108410841084108410841084108410845B
:1055B000108410841084108400000000000000009B
:1055C00000000000000000000000000000000000DB
:1055D00000000000000000000000000000000000CB
:1055E00000000000000000000000000000000000BB
:1055F00000000000000000000000000000000000AB
:10560000000000000000000000000000000000009A
:10561000000000000000000000000000000000008A
:10562000000000000000000000000000000000007A
:10563000000000000000000000000000000000006A
:10564000000000000000000000000000000000005A
:10565000000000000000000000000000000000004A
:10566000000000000000000000000000000000003A
:10567000000000000000000000040004000400041A
:10568000000400040084000400040004000400007E
:10569000000000000000000000000000000000000A
:1056A00000000000000000000000000000000004F6
:1056B000000400040004008400840084108410842A
:1056C000108410841084108410841084108410843A
:1056D000108410841084108410841084000400044A
:1056E000000400040004000400040004000400049A
:1056F000000400040004000400040004000400048A
:105700000004000400040004000400840084000479
:1057100000040084008400840084008400840084E9
:1057200000841084108410841084108410841084E9
:1057300010841084108410841084108410841084C9
:105740001084108418C618C618C618C618C618C6FD
:1057500010841084108410841084108410841084A9
:105760001084108410841084108410841084108499
:105770001084108410841084108410841084108489
:105780001084108410841084108410841084108479
:1057900010841084108410840000000000000000B9
:1057A00000000000000000000000000000000000F9
:1057B00000000000000000000000000000000000E9
:1057C00000000000000000000000000000000000D9
:1057D00000000000000000000000000000000000C9
:1057E00000000000000000000000000000000000B9
:1057F00000000000000000000000000000000000A9
:105800000000000000000000000000000000000098
:105810000000000000000000000000000000000088
:105820000000000000000000000000000000000078
:105830000000000000000000000000000000000068
:105840000000000000000000000000000000000058
:105850000000000000000000000400040004000438
:10586000000400040004000400040004000400001C
:105870000000000000000000000000000000000028
:105880000000000000000000000000000004000410
:1058900000040004000400040084008410841084C8
:1058A0001084108410841084108410841084108458
:1058B0001084108410841084108410840004000468
:1058C00000040004000400040004000400040004B8
:1058D00000040004000400040004000400040004A8
:1058E0000004000400040004000400040084000418
:1058F0000004000400840084008400840084008488
:105900000084108410841084108410841084108407
:10591000108410841084108410841084108418C69D
:1059200018C618C618C618C618C618C618C618C687
:1059300010841084108410841084108410841084C7
:1059400010841084108410841084108410841084B7
:1059500010841084108410841084108410841084A7
:105960001084108410841084108410841084108497
:1059700010841084108410840000000000000000D7
:105980000000000000000000000000000000000017
:105990000000000000000000000000000000000007
:1059A00000000000000000000000000000000000F7
:1059B00000000000000000000000000000000000E7
:1059C00000000000000000000000000000000000D7
:1059D00000000000000000000000000000000000C7
:1059E00000000000000000000000000000000000B7
:1059F00000000000000000000000000000000000A7
:105A00000000000000000000000000000000000096
:105A10000000000000000000000000000000000086
:105A20000000000000000000000000000000000076
:105A3000000000000000000000000004000400045A
:105A4000000400040004000400040004000000003E
:105A50000000000000000000000000000000000046
:105A60000000000000000000000000000000000432
:105A70000004000400040084008400841084108466
:105A80001084108410841084108410841084108476
:105A90001084108410841084108410841004000476
:105AA0001004108410041004100410041004108456
:105AB0001084008400840004000400040004000436
:105AC00000040004000400040004000400040004B6
:105AD00000040004000400040004000400840084A6
:105AE0000084108410841084108410841084108426
:105AF000108410841084108418C618C618C618C6DE
:105B000018C618C618C618C618C618C618C618C6A5
:105B100018C610841084108410841084108410849B
:105B200010841084108410841084108410841084D5
:105B300010841084108410841084108410841084C5
:105B400010841084108410841084108410841084B5
:105B500010841084108410840000000000000000F5
:105B60000000000000000000000000000000000035
:105B70000000000000000000000000000000000025
:105B80000000000000000000000000000000000015
:105B90000000000000000000000000000000000005
:105BA00000000000000000000000000000000000F5
:105BB00000000000000000000000000000000000E5
:105BC00000000000000000000000000000000000D5
:105BD00000000000000000000000000000000000C5
:105BE00000000000000000000000000000000000B5
:105BF00000000000000000000000000000000000A5
:105C00000000000000000000000000000000000094
:105C10000000000000000000000000040004000478
:105C20000004000400040004000000000000000064
:105C30000000000000000000000000000000000064
:105C40000000000000000000000000040004000448
:105C50000004000400840004000400840084108414
:105C60001084108410841084108410841084108494
:105C70001084108410841084108410841004100484
:105C800010841084108410841084108410841004F4
:105C900010841084000400040004000400040004C4
:105CA00000040004000400040004000400040004D4
:105CB00000040004000400840004000400040084C4
:105CC0000084008410841084108410841084108454
:105CD00010841084108418C618C618C618C618C6B2
:105CE00018C618C618C618C618C618C618C618C6C4
:105CF00018C618C618C61084108410841084108426
:105D000010841084108410841084108410841084F3
:105D100010841084108410841084108410841084E3
:105D200010841084108410841084108410841084D3
:105D30001084108410841084000000000000000013
:105D40000000000000000000000000000000000053
:105D50000000000000000000000000000000000043
:105D60000000000000000000000000000000000033
:105D70000000000000000000000000000000000023
:105D80000000000000000000000000000000000013
:105D90000000000000000000000000000000000003
:105DA00000000000000000000000000000000000F3
:105DB00000000000000000000000000000000000E3
:105DC00000000000000000000000000000000000D3
:105DD00000000000000000000000000000000000C3
:105DE00000000000000000000000000000000000B3
:105DF000000000000000000000000000000400049B
:105E00000004000400040000000000000000000086
:105E10000000000000000000000000000000000082
:105E2000000000000000000000000000000000046E
:105E300000000004000400040004008400840084C6
:105E400010841084108410841084108410841084B2
:105E50001084108410841084108410841084100422
:105E60001084108410841084108410841084108492
:105E70001084108400840004000400040004000462
:105E800000040004000400040004000400040004F2
:105E90000004000400040004000400040004008462
:105EA0000084008410841084108410841084108472
:105EB00010841084108418C618C618C618C618C6D0
:105EC00018C618C618C618C618C618C618C618C6E2
:105ED00018C618C61084108410841084108410848E
:105EE0001084108410841084108410841084108412
:105EF0001084108410841084108410841084108402
:105F000010841084108410841084108410841084F1
:105F10001084108410841084000000000000000031
:105F20000000000000000000000000000000000071
:105F30000000000000000000000000000004000459
:105F4000000400000000000000000000000000004D
:105F50000000000000000000000000000000000041
:105F60000000000000000000000000000000000031
:105F70000000000000000000000000000000000021
:105F80000000000000000000000000000000000011
:105F90000000000000000000000000000000000001
:105FA00000000000000000000000000000000000F1
:105FB00000000000000000000000000000000000E1
:105FC00000000000000000000000000000000000D1
:105FD00000000000000000000000000000000000C1
:105FE00000000000000000000000000000000000B1
:105FF00000000000000000000000000000000000A1
:106000000000000000000000000000000000000090
:106010000004000400040004000400040084008460
:1060200000841084108410841084108410841084E0
:1060300010841084108410841084108410841084C0
:1060400010841084108410841084108410841084B0
:106050001084108400840084000400040004000400
:106060000004000400040004000400040004000410
:106070000004000400040004000400040004000400
:106080000084008410841084108410841084108490
:106090001084108418C618C618C618C618C618C6A4
:1060A00018C618C618C618C618C618C618C618C600
:1060B00018C61084108410841084108410841084F6
:1060C0001084108410841084108410841084108430
:1060D0001084108410841084108410841084108420
:1060E0001084108410841084108410841084108410
:1060F0001084108410841084000000000000000050
:10610000000000000000000000000000000000008F
:106110000000000000000000000000000004000477
:10612000000400040004000400000000000000005F
:10613000000000000000000000000000000000005F
:10614000000000000000000000000000000000004F
:10615000000000000000000000000000000000003F
:10616000000000000000000000000000000000002F
:10617000000000000000000000000000000000001F
:10618000000000000000000000000000000000000F
:1061900000000000000000000000000000000000FF
:1061A00000000000000000000000000000000000EF
:1061B00000000000000000000000000000000000DF
:1061C00000000000000000000000000000000000CF
:1061D00000000000000000000000000000000000BF
:1061E0000000000000000000000000001004100487
:1061F0000000000400040004000400040004008403
:10620000008400840084108410841084108410841E
:1062100010841084108410841084108410841084DE
:1062200010841084108410841084108410841084CE
:1062300010840084008400040004000400040004AE
:10624000000400040004000400040004000400042E
:10625000000400040004000400040004000400041E
:1062600000840084108410841084108410841084AE
:1062700010841084108418C618C618C618C618C60C
:1062800018C618C618C618C618C618C618C618C61E
:10629000108410841084108410841084108410845E
:1062A000108410841084108410841084108410844E
:1062B000108410841084108410841084108410843E
:1062C000108410841084108410841084108410842E
:1062D000108410841084108400000000000000006E
:1062E00000000000000000000000000000000000AE
:1062F0000000000000000000000000000004000496
:106300000004000400040004000400040000000075
:10631000000000000000000000000000000000007D
:10632000000000000000000000000000000000006D
:10633000000000000000000000000000000000005D
:10634000000000000000000000000000000000004D
:10635000000000000000000000000000000000003D
:10636000000000000000000000000000000000002D
:10637000000000000000000000000000000000001D
:10638000000000000000000000000000000000000D
:1063900000000000000000000000000000000000FD
:1063A00000000000000000000000000000000000ED
:1063B00000000000000000000000000000000000DD
:1063C00000000000000000000000108418C618C67D
:1063D0001084000000040004000400040004000411
:1063E000000400040084008400841084108410845D
:1063F00010841084108410841084108410841084FD
:10640000108400840084008400840084008400845C
:10641000008400840004000400040004000400045C
:10642000000400040004000400040004000400044C
:10643000000400040004000400040004000400043C
:1064400000840084108410841084108410841084CC
:1064500010841084108418C618C618C618C618C62A
:1064600018C618C618C618C618C618C618C6108486
:10647000108410841084108410841084108410847C
:10648000108410841084108410841084108410846C
:10649000108410841084108410841084108410845C
:1064A000108410841084108410841084108410844C
:1064B000108410841084108400000000000000008C
:1064C00000000000000000000000000000000000CC
:1064D00000000000000000000000000000000004B8
:1064E0000004000400040004000400040004000090
:1064F000000000000000000000000000000000009C
:10650000000000000000000000000000000000008B
:10651000000000000000000000000000000000007B
:10652000000000000000000000000000000000006B
:10653000000000000000000000000000000000005B
:10654000000000000000000000000000000000004B
:10655000000000000000000000000000000000003B
:10656000000000000000000000000000000000002B
:10657000000000000000000000000000000000001B
:10658000000000000000000000000000000000000B
:1065900000000000000000000000000000000000FB
:1065A00000000000108418C61084FFFFFFFFFFFFEB
:1065B00018C6108400000004000400040004000455
:1065C00000040004000400040084008400840084AB
:1065D000108410841084108410841084108410841B
:1065E000008400840004000400040004000400048B
:1065F000000400040004000400040004000400047B
:10660000000400040004000400040004000400046A
:10661000000400040004000400040004000400045A
:10662000008400041084108410841084108410846A
:1066300010841084108418C618C618C618C618C648
:1066400018C618C618C618C618C618C610841084EE
:10665000108410841084108410841084108410849A
:10666000108410841084108410841084108410848A
:10667000108410841084108410841084108410847A
:10668000108410841084108410841084108410846A
:1066900010841084108410840000000000000000AA
:1066A00000000000000000000000000000000000EA
:1066B00000000000000000000000000000000004D6
:1066C00000040004000400040004000400040004AA
:1066D00000000000000000000000000000000000BA
:1066E00000000000000000000000000000000000AA
:1066F000000000000000000000000000000000009A
:106700000000000000000000000000000000000089
:106710000000000000000000000000000000000079
:106720000000000000000000000000000000000069
:106730000000000000000000000000000000000059
:106740000000000000000000000000000000000049
:106750000000000000000000000000000000000039
:106760000000000000000000000000000000000029
:106770000000000000000000000000040000000015
:10678000000418C6FFFFFFFFFFFF18C618C618C693
:1067900018C610840004000400040004000400046F
:1067A00000040004000400040004000400040004C9
:1067B00000840084008400840084008400840084B9
:1067C0000084000400040004000400040004000429
:1067D0000004000400040004000400040004000499
:1067E0000004000400040004000400040004000489
:1067F0000004000400040004000400040004000479
:106800000004000400840084108410841084108428
:10681000108410841084108418C618C618C618C6B0
:1068200018C618C618C618C618C610841084108456
:1068300010841084108410841084108410841084B8
:1068400010841084108410841084108410841084A8
:106850001084108410841084108410841084108498
:106860001084108410841084108410841084108488
:1068700010841084108410840000000000000000C8
:106880000000000000000000000000000000000008
:1068900000000000000000000000000000000000F8
:1068A00000040004000400040004000400040004C8
:1068B00000040000000000000000000000000000D4
:1068C00000000000000000000000000000000000C8
:1068D00000000000000000000000000000000000B8
:1068E00000000000000000000000000000000000A8
:1068F0000000000000000000000000000000000098
:106900000000000000000000000000000000000087
:106910000000000000000000000000000000000077
:106920000000000000000000000000000000000067
:106930000000000000000000000000000000000057
:106940000000000000000000000000000000000047
:1069500000000000000000000000000000001084A3
:1069600018C6FFFFFFFF18C618C618C618C618C6F7
:1069700018C618C6108400000004000400040004B7
:1069800000040004000400040004000400040004E7
:106990000004000400840004000400040004000457
:1069A00000040004000400040004000400040004C7
:1069B00000040004000400040004000400040004B7
:1069C00000040004000400040004000400040004A7
:1069D0000004000400040004000400040004000497
:1069E00000040004000400841084108410841084C7
:1069F0001084108410841084108418C618C618C619
:106A000018C618C618C61084108410841084108408
:106A100010841084108410841084108410841084D6
:106A200010841084108410841084108410841084C6
:106A300010841084108410841084108410841084B6
:106A400010841084108410841084108410841084A6
:106A500010841084108410840000000000000000E6
:106A60000000000000000000000000000000000026
:106A70000000000000000000000000000000000016
:106A800000000004000400040004000400040004EA
:106A900000040000000000000000000000000000F2
:106AA00000000000000000000000000000000000E6
:106AB00000000000000000000000000000000000D6
:106AC00000000000000000000000000000000000C6
:106AD00000000000000000000000000000000000B6
:106AE00000000000000000000000000000000000A6
:106AF0000000000000000000000000000000000096
:106B00000000000000000000000000000000000085
:106B10000000000000000000000000000000000075
:106B20000000000000000000000000000000000065
:106B30000000000000000000000000001084FFFFC3
:106B4000FFFF18C618C618C618C6FFFF18C618C615
:106B500018C618C6108400000000000400040004D9
:106B60000004000400040004000400040004000405
:106B700000040004000400040004000400040004F5
:106B800000040004000400040004000400040004E5
:106B900000040004000400040004000400040004D5
:106BA00000040004000400040004000400040004C5
:106BB00000040004000400040004000400040004B5
:106BC0000004000400040004008410841084108475
:106BD0001084108410841084108410841084108415
:106BE0001084108410841084108410841084108405
:106BF00010841084108410841084108410841084F5
:106C000010841084108410841084108410841084E4
:106C100010841084108410841084108410841084D4
:106C200010841084108410841084108410841084C4
:106C30001084108410841084000000000000000004
:106C40000000000000000000000000000000000044
:106C50000000000000000000000000000000000034
:106C60000000000400040004000400040004000408
:106C70000004000400040004000000000000000004
:106C80000000000000000000000000000000000004
:106C900000000000000000000000000000000000F4
:106CA00000000000000000000000000000000000E4
:106CB00000000000000000000000000000000000D4
:106CC00000000000000000000000000000000000C4
:106CD00000000000000000000000000000000000B4
:106CE00000000000000000000000000000000000A4
:106CF0000000000000000000000000000000000094
:106D00000000000000000000000000000000000083
:106D1000000000000000000000001004FFFFFFFF63
:106D200018C618C618C618C6FFFFFFFF18C618C633
:106D300018C618C618C600000004000400040004A9
:106D40000004000400040004000400040004000423
:106D50000004000400040004000400040004000413
:106D60000004000400040004000400040004000403
:106D700000040004000400040004000400040004F3
:106D800000040004000400040004000400040004E3
:106D900000040004000400040004000400040004D3
:106DA00000040004000400040084008410841084A3
:106DB0001084108410841084108410841084108433
:106DC0001084108410841084108410841084108423
:106DD0001084108410841084108410841084108413
:106DE0001084108410841084108410841084108403
:106DF00010841084108410841084108410841084F3
:106E000010841084108410841084108410841084E2
:106E10001084108410841084000000000000000022
:106E20000000000000000000000000000000000062
:106E30000000000000000000000000000000000052
:106E4000000000000004000400040004000400042A
:106E50000004000400040004000000000000000022
:106E60000000000000000000000000000000000022
:106E70000000000000000000000000000000000012
:106E80000000000000000000000000000000000002
:106E900000000000000000000000000000000000F2
:106EA00000000000000000000000000000000000E2
:106EB00000000000000000000000000000000000D2
:106EC00000000000000000000000000000000000C2
:106ED00000000000000000000000000000000000B2
:106EE00000000000000000000000000000000000A2
:106EF00000000000000000000000FFFFFFFF18C6B8
:106F000018C618C618C6FFFFFFFF18C618C618C651
:106F100018C618C618C600000000000400040004CB
:106F20000004000400040004000400040004000441
:106F30000004000400040004000400040004000431
:106F40000004000400040004000400040004000421
:106F50000004000400000000000400040004000419
:106F60000004000400040004000400040004000401
:106F700000040004000400040004000400040004F1
:106F800000040004000400040004000400841084D1
:106F90001084108410841084108410841084108451
:106FA0001084108410841084108410841084108441
:106FB0001084108410841084108410841084108431
:106FC0001084108410841084108410841084108421
:106FD0001084108410841084108410841084108411
:106FE0001084108410841084108410841084108401
:106FF0001084108410841084000000000000000041
:107000000000000000000000000000000000000080
:107010000000000000000000000000000000000070
:10702000000000000000000400040004000400044C
:107030000004000400040004000000000000000040
:107040000000000000000000000000000000000040
:107050000000000000000000000000000000000030
:107060000000000000000000000000000000000020
:107070000000000000000000000000000000000010
:107080000000000000000000000000000000000000
:1070900000000000000000000000000000000000F0
:1070A00000000000000000000000000000000000E0
:1070B00000000000000000000000000000000000D0
:1070C00000000000000000000000000000000000C0
:1070D0000000000000001084FFFFFFFF18C618C664
:1070E00018C618C6FFFFFFFF18C618C618C618C670
:1070F00018C618C618C600040000000400040004E6
:10710000000400040004000400040004000400045F
:10711000000400040004000400040004000400044F
:10712000000000000000000000000000000000005F
:10713000000000000000000000040004000400043F
:10714000000400040004000400040004000400041F
:10715000000400040004000400040004000400040F
:10716000000400040004000400040004000400847F
:10717000108410841084108410841084108410846F
:10718000108410841084108410841084108410845F
:10719000108410841084108410841084108410844F
:1071A000108410841084108410841084108410843F
:1071B000108410841084108410841084108410842F
:1071C000108410841084108410841084108410841F
:1071D000108410841084108400000000000000005F
:1071E000000000000000000000000000000000009F
:1071F000000000000000000000000000000000008F
:10720000000000000000000000040004000400046E
:10721000000400040004000400040000000000005A
:10722000000000000000000000000000000000005E
:10723000000000000000000000000000000000004E
:10724000000000000000000000000000000000003E
:10725000000000000000000000000000000000002E
:10726000000000000000000000000000000000001E
:10727000000000000000000000000000000000000E
:1072800000000000000000000000000000000000FE
:1072900000000000000000000000000000000000EE
:1072A00000000000000000000000000000000000DE
:1072B000000000001084FFFFFFFF18C618C618C6A4
:1072C00018C6FFFFFFFF18C618C618C618C618C68E
:1072D00018C618C618C61084000000040004000474
:1072E000000400040004000400040004000400047E
:1072F000000400040004000400040004000400046E
:10730000000000000000000000000000000000007D
:10731000000000000000000000040004000400045D
:10732000000400040004000400040004000400043D
:10733000000400040004000400040004000400042D
:10734000000400040004000400040004000400041D
:1073500000840084108410841084108410841084AD
:10736000108410841084108410841084108410847D
:10737000108410841084108410841084108410846D
:10738000108410841084108410841084108410845D
:10739000108410841084108410841084108410844D
:1073A000108410841084108410841084108410843D
:1073B000108410841084108400000000000000007D
:1073C00000000000000000000000000000000000BD
:1073D00000000000000000000000000000000000AD
:1073E0000000000000000000000000040004000491
:1073F0000004000400040004000400000000000079
:10740000000000000000000000000000000000007C
:10741000000000000000000000000000000000006C
:10742000000000000000000000000000000000005C
:10743000000000000000000000000000000000004C
:10744000000000000000000000000000000000003C
:10745000000000000000000000000000000000002C
:10746000000000000000000000000000000000001C
:10747000000000000000000000000000000000000C
:1074800000000000000000000000000000000000FC
:107490000000108418C6FFFF18C618C618C618C604
:1074A00018C6FFFFFFFFFFFF18C618C618C618C68C
:1074B00018C618C618C6108400040004000400048E
:1074C000000400040004000400040004000400049C
:1074D000000400040004000400040004000400048C
:1074E000000000000000000000000000000000009C
:1074F000000000000000000000040004000400047C
:10750000000400040004000400040004000400045B
:10751000000400040004000400040004000400044B
:10752000000400040004000400040004000400043B
:1075300000040004008400841084108410841084EB
:10754000108410841084108410841084108410849B
:10755000108410841084108410841084108410848B
:10756000108410841084108410841084108410847B
:10757000108410841084108410841084108410846B
:10758000108410841084108410841084108410845B
:10759000108410841084108400000000000000009B
:1075A00000000000000000000000000000000000DB
:1075B00000000000000000000000000000000000CB
:1075C00000000000000000000000000000040004B3
:1075D0000004000400040004000400000000000097
:1075E000000000000000000000000000000000009B
:1075F000000000000000000000000000000000008B
:10760000000000000000000000000000000000007A
:10761000000000000000000000000000000000006A
:10762000000000000000000000000000000000005A
:107630000000000000000000000000000004000442
:10764000000000000000000000000000000000003A
:10765000000000000000000000000000000000002A
:10766000000000000000000000000000000000001A
:107670001084FFFFFFFF18C618C618C618C618C624
:1076800018C6FFFFFFFF18C618C618C618C618C6CA
:1076900018C618C618C610840000000400040004B0
:1076A00000040004000400040004000400040004BA
:1076B00000040004000400040004000400000000B2
:1076C00000000000000000000000000000000000BA
:1076D000000000000000000000040004000400049A
:1076E000000400040004000400040004000400047A
:1076F000000400040004000400040004000400046A
:107700000004000400040004000400040004000459
:1077100000040004000400840084008400841084B9
:1077200010841084108410841084108410840084C9
:1077300000841084108410841084108410841084B9
:107740001084108410841084108410841084108499
:107750001084108410841084108410841084108489
:107760001084108410841084108410841084108479
:1077700010841084108410840000000000000000B9
:1077800000000000000000000000000000000000F9
:1077900000000000000000000000000000000000E9
:1077A00000000000000000000000000000000004D5
:1077B00000040004000400040000000000000000B9
:1077C00000000000000000000000000000000000B9
:1077D00000000000000000000000000000000000A9
:1077E0000000000000000000000000000000000099
:1077F0000000000000000000000000000000000089
:107800000000000000000000000000000000000078
:10781000000000000000000000000004000400045C
:107820000000000000000000000000000000000058
:107830000000000000000000000000000000000048
:107840000000000000000000000000000000100424
:1078500018C6FFFF18C618C618C618C618C618C618
:10786000FFFFFFFFFFFF18C618C618C618C618C6C8
:1078700018C618C618C610840000000400040004CE
:1078800000040004000400040004000400040004D8
:1078900000040004000400040004000400000004CC
:1078A00000000000000000000000000000000000D8
:1078B00000000000000000000000000400040004BC
:1078C0000004000400040004000400040004000498
:1078D0000004000400040004000400000000000490
:1078E0000004000400040004000400040004000478
:1078F00000040004000400040004000400040084E8
:107900000084008400840084008400840084008457
:1079100000841084108410841084108410841084D7
:1079200010841084108410841084108410841084B7
:1079300010841084108410841084108410841084A7
:107940001084108410841084108410841084108497
:1079500010841084108410840000000000000000D7
:107960000000000000000000000000000000000017
:107970000000000000000000000000000000000007
:1079800000000000000000000000000000000000F7
:1079900000040004000400040000000000000000D7
:1079A00000000000000000000000000000000000D7
:1079B00000000000000000000000000000000000C7
:1079C00000000000000000000000000000000000B7
:1079D00000000000000000000000000000000000A7
:1079E0000000000000000000000000000000000097
:1079F0000000000000000000000400040004000477
:107A00000004000000000000000000000000000072
:107A10000000000000000000000000000000000066
:107A2000000000000000000000000000000018C678
:107A3000FFFF18C618C618C618C618C618C6FFFF16
:107A4000FFFFFFFFFFFF18C618C618C618C618C6E6
:107A500018C618C618C618C600040004000400049E
:107A600000040004000400040004000400040004F6
:107A700000040004000400040004000400000004EA
:107A800000000000000000000000000000000000F6
:107A900000000000000000000000000000040004DE
:107AA00000040004000400040004000400040004B6
:107AB00000040004000400040000000000000000B6
:107AC000000000040004000400040004000400049A
:107AD0000004000400040004000400040004000486
:107AE0000084008400840084008400840084008476
:107AF00000841084108410841084108410841084F6
:107B000010841084108410841084108410841084D5
:107B100010841084108410841084108410841084C5
:107B200010841084108410841084108410841084B5
:107B300010841084108410840000000000000000F5
:107B40000000000000000000000000000000000035
:107B50000000000000000000000000000000000025
:107B60000000000000000000000000000000000015
:107B700000000000000400040000000000000000FD
:107B800000000000000000000000000000000000F5
:107B900000000000000000000000000000000000E5
:107BA00000000000000000000000000000000000D5
:107BB00000000000000000000000000000000000C5
:107BC00000000000000000000000000000000000B5
:107BD0000000000000000000000400040004000495
:107BE000000400040000000000000000000000008D
:107BF0000000000000000000000000000000000085
:107C00000000000000000000000000001084FFFFE2
:107C100018C618C618C618C618C618C618C6FFFF54
:107C2000FFFFFFFFFFFF18C618C618C618C618C604
:107C300018C618C618C618C610840004000400042C
:107C40000004000400040004000400040004000414
:107C5000000400040004000400040004000000000C
:107C60000000000000000000000000000000000014
:107C70000000000000000000000000000000000400
:107C800000040004000400040004000400040000D8
:107C900000000000000000000000000000000000E4
:107CA00000000000000400040000000400040004C0
:107CB00000040004000400040004000400040004A4
:107CC0000004008400840084008400840084008414
:107CD0001084108410841084108410841084108404
:107CE00010841084108410841084108410841084F4
:107CF00010841084108410841084108410841084E4
:107D000010841084108410841084108410841084D3
:107D10001084108410841084000000000000000013
:107D20000000000000000000000000000000000053
:107D30000000000000000000000000000000000043
:107D40000000000000000000000000000000000033
:107D50000000000000000000000000000000000023
:107D60000000000000000000000000000000000013
:107D70000000000000000000000000000000000003
:107D800000000000000000000000000000000000F3
:107D900000000000000000000000000000000000E3
:107DA00000000000000000000000000000000000D3
:107DB00000000000000400000004000400040004AF
:107DC00000040000000000000000000000000000AF
:107DD00000000000000000000000000000000000A3
:107DE00000000000000000000000000018C6FFFFB7
:107DF00018C618C618C618C618C618C6FFFFFFFF53
:107E0000FFFFFFFFFFFF18C618C618C618C618C622
:107E100018C618C618C618C610840000000400044E
:107E20000004000400040004000400040004000432
:107E3000000400040004000400040004000000002A
:107E40000000000000000000000000000000000032
:107E5000000000000000000000000000000000041E
:107E600000040004000400040004000400000000FA
:107E70000000000000000000000000000000000002
:107E800000000000000000000000000000000000F2
:107E900000040004000400040004000400040004C2
:107EA00000840084008400840084008400840084B2
:107EB0000084108410841084108410841084108432
:107EC0001084108410841084108410841084108412
:107ED0001084108410841084108410841084108402
:107EE00010841084108410841084108410841084F2
:107EF0001084108410841084000000000000000032
:107F00000000000000000000000000000000000071
:107F10000000000000000000000000000000000061
:107F20000000000000000000000000000000000051
:107F30000000000000000000000000000000000041
:107F40000000000000000000000000000000000031
:107F50000000000000000000000000000000000021
:107F60000000000000000000000000000000000011
:107F70000000000000000000000000000000000001
:107F800000000000000000000000000000000000F1
:107F900000000000000000000004000400040004D1
:107FA00000040000000400040000000000000000C5
:107FB00000000000000000000000000000000000C1
:107FC000000000000000000000001084FFFF18C641
:107FD00018C618C618C618C618C618C6FFFFFFFF71
:107FE000FFFFFFFFFFFF18C618C618C618C618C641
:107FF00018C618C618C618C6108400000000000471
:108000000004000000040004000400040004000454
:108010000004000400040004000400040000000048
:108020000000000000000000000000000000000050
:108030000000000000000000000000000000000040
:108040000000000000000000000000000000000030
:108050000000000000000000000000000000000020
:108060000000000000000000000000000000000010
:1080700000000000000400040004000400040004E8
:1080800000840084008400840084008400840084D0
:108090000084008410841084108410841084108460
:1080A0001084108410841084108410841084108430
:1080B0001084108410841084108410841084108420
:1080C0001084108410841084108410841084108410
:1080D0001084108410841084000000000000000050
:1080E0000000000000000000000000000000000090
:1080F0000000000000000000000000000000000080
:10810000000000000000000000000000000000006F
:10811000000000000000000000000000000000005F
:10812000000000000000000000000000000000004F
:10813000000000000000000000000000000000003F
:10814000000000000000000000000000000000002F
:10815000000000000000000000000000000000001F
:10816000000000000000000000000000000000000F
:1081700000000000000000000000000400040004F3
:1081800000040004000400000004000000000000DF
:1081900000000004000000000000000000000000DB
:1081A0000000000000000000000018C6FFFF18C615
:1081B00018C618C618C618C618C6FFFFFFFFFFFF6F
:1081C000FFFFFFFF18C618C618C618C618C618C67F
:1081D00018C618C618C618C610840000000000048F
:1081E0000000000400000004000400040004000477
:1081F0000004000400040004000400040000000067
:10820000000000000000000000000000000000006E
:10821000000000000000000000000000000000005E
:10822000000000000000000000000000000000004E
:10823000000000000000000000000000000000003E
:10824000000000000000000000000000000000002E
:108250000000000400040004000400040004000402
:1082600000040004008400840084008400840084EE
:10827000008410841084108410841084108410846E
:10828000108410841084108410841084108410844E
:10829000108410841084108410841084108410843E
:1082A000108410841084108410841084108410842E
:1082B000108410841084108400000000000000006E
:1082C00000000000000000000000000000000000AE
:1082D000000000000000000000000000000000009E
:1082E000000000000000000000000000000000008E
:1082F000000000000000000000000000000000007E
:10830000000000000000000000000000000000006D
:10831000000000000000000000000000000000005D
:10832000000000000000000000000000000000004D
:10833000000000000000000000000000000000003D
:10834000000000000000000000000000000000002D
:108350000000000400040004000400040004000401
:1083600000040004000000040004000400040004F1
:1083700000040004000000000000000000000000F5
:1083800000000000000000000000FFFF18C618C633
:1083900018C618C618C618C618C6FFFFFFFFFFFF8D
:1083A000FFFFFFFF18C618C618C618C618C618C69D
:1083B00018C618C618C618C618C600000000000067
:1083C0000000000400000004000400040004000495
:1083D0000004000400040004000400040000000085
:1083E0000000000400000000000000000000000089
:1083F000000000000000000000000000000000007D
:10840000000000000000000000000000000000006C
:10841000000000000000000000000000000000005C
:10842000000000000000000000000000000000004C
:10843000000000000000000000040004000400042C
:10844000000400040004008400840084008400848C
:10845000008410841084108410841084108410848C
:10846000108410841084108410841084108410846C
:10847000108410841084108410841084108410845C
:10848000108410841084108410841084108410844C
:10849000108410841084108400000000000000008C
:1084A00000000000000000000000000000000000CC
:1084B00000000000000000000000000000000000BC
:1084C00000000000000000000000000000000000AC
:1084D000000000000000000000000000000000009C
:1084E000000000000000000000000000000000008C
:1084F000000000000000000000000000000000007C
:10850000000000000000000000000000000000006B
:10851000000000000000000000000000000000005B
:10852000000000000000000000000000000000004B
:10853000000400040004000400040004000400041B
:10854000000400040004000400040004000400040B
:108550000004000400000000000000000000000013
:1085600000000000000000001084FFFF18C618C6BD
:1085700018C618C618C618C618C6FFFFFFFFFFFFAB
:10858000FFFF18C618C618C618C618C618C618C6DB
:1085900018C618C618C618C618C600000000000085
:1085A00000000004000000040004000400040004B3
:1085B00000040004000000000004000000000000AF
:1085C0000000000000040004000400040004000493
:1085D000000400040004000400000000000000008B
:1085E000000000000000000000000000000000008B
:1085F000000000000000000000000000000000007B
:10860000000000000000000000000000000000006A
:10861000000000000000000000000004000400044E
:10862000000400040004000400840084008400842A
:1086300000841084108410841084108410841084AA
:10864000108410841084108410841084108410848A
:10865000108410841084108410841084108410847A
:10866000108410841084108410841084108410846A
:1086700010841084108410840000000000000000AA
:1086800000000000000000000000000000000000EA
:1086900000000000000000000000000000000000DA
:1086A00000000000000000000000000000000000CA
:1086B00000000000000000000000000000000000BA
:1086C00000000000000000000000000000000000AA
:1086D000000000000000000000000000000000009A
:1086E000000000000000000000000000000000008A
:1086F000000000000000000000000000000000007A
:108700000000000000000000000000000000000465
:108710000004000400040004000400040004000439
:108720000000000000040004000400040004000431
:108730000004000400040004000000000004000421
:1087400000000000000400001084FFFF18C618C6D7
:1087500018C618C618C618C6FFFFFFFFFFFFFFFFA9
:10876000FFFF18C618C618C618C618C618C618C6F9
:1087700018C618C618C618C618C6000000000000A3
:1087800000000000000000040004000000000000E1
:1087900000000004000400040000000000000000CD
:1087A00000040004000400040004000400040004A9
:1087B00000040004000400000000000000000000AD
:1087C00000000000000000000000000000000000A9
:1087D0000000000000000000000000000000000099
:1087E0000000000000000000000000000000000089
:1087F0000000000000000000000400040004000469
:108800000004000400040004008400040084000448
:1088100010841084108410841084108410841084B8
:1088200010840084108410841084108410841084B8
:108830001084108410841084108410841084108498
:108840001084108410841084108410841084108488
:1088500010841084108410840000000000000000C8
:108860000000000000000000000000000000000008
:1088700000000000000000000000000000000000F8
:1088800000000000000000000000000000000000E8
:1088900000000000000000000000000000000000D8
:1088A00000000000000000000000000000000000C8
:1088B00000000000000000000000000000000000B8
:1088C00000000000000000000000000000000000A8
:1088D0000000000000000000000000000000000098
:1088E000000000000000000000000004000400047C
:1088F0000004000400040004000400040004000458
:10890000000400000000000400040004000400044F
:108910000004000400040004000400040004000437
:10892000000400000000100418C6FFFF18C618C697
:1089300018C618C618C6FFFFFFFFFFFFFFFFFFFFA7
:10894000FFFF18C618C618C618C618C618C618C617
:1089500018C618C618C618C618C6000000000000C1
:108960000000000000000004000000000000000003
:1089700000000000000000000000000000000000F7
:1089800000040004000400040004000400040004C7
:1089900000040004000400040000000000000000C7
:1089A00000000000000000000000000000000000C7
:1089B00000000000000000000000000000000000B7
:1089C00000000000000000000000000000000000A7
:1089D000000000000000000000000000000400048F
:1089E0000004000400040084000410841084108437
:1089F00018C610841084108410841084108410848D
:108A000000840084108410841084108410841084E6
:108A100010841084108410841084108410841084B6
:108A200010841084108410841084108410841084A6
:108A300010841084108410840000000000000000E6
:108A40000000000000000000000000000000000026
:108A50000000000000000000000000000000000016
:108A60000000000000000000000000000000000006
:108A700000000000000000000000000000000000F6
:108A800000000000000000000000000000000000E6
:108A900000000000000000000000000000000000D6
:108AA00000000000000000000000000000000000C6
:108AB00000000000000000000000000000000000B6
:108AC000000000000000000000000004000400049A
:108AD00000040004000400040084000400040004F6
:108AE0000004000400040004000400040004000466
:108AF0000004000400040004000400040004000456
:108B0000000400040004108418C6FFFF18C618C62D
:108B100018C618C618C6FFFFFFFFFFFFFFFFFFFFC5
:108B2000FFFF18C618C618C618C618C618C618C635
:108B300018C618C618C618C618C6000000000000DF
:108B40000000000000000000000000000000000025
:108B50000000000000000000000000000000000015
:108B600000040004000400040004000400040004E5
:108B700000040004000400040000000000000000E5
:108B800000000000000000000000000000000000E5
:108B900000000000000000000000000000000000D5
:108BA00000000000000000000000000000000000C5
:108BB00000000000000000000000000000000004B1
:108BC0000004000400040004008418C618C618C677
:108BD00018C618C618C610840004108410841084A7
:108BE0000084008400840084008400841084108445
:108BF00010841084108410841084108410841084D5
:108C000010841084108410841084108410841084C4
:108C10001084108410841084000000000000000004
:108C20000000000000000000000000000000000044
:108C30000000000000000000000000000000000034
:108C40000000000000000000000000000000000024
:108C50000000000000000000000000000000000014
:108C60000000000000000000000000000000000004
:108C700000000000000000000000000000000000F4
:108C800000000000000000000000000000000000E4
:108C900000000000000000000000000000000000D4
:108CA00000000000000000000004000400040004B4
:108CB0000004008400840004008400840004000494
:108CC0000004000400040004000400040004000484
:108CD0000004000400040004000400040004000474
:108CE00000040004000018C6FFFF18C6FFFF18C6E6
:108CF00018C618C6FFFFFFFFFFFFFFFFFFFFFFFFC4
:108D0000FFFF18C618C618C618C618C618C618C653
:108D100018C618C618C618C618C6000400000000F9
:108D20000000000000000000000000000000000043
:108D30000000000000000000000000000000000033
:108D40000004000400040004000400040004000403
:108D50000004000400040004000000000000000003
:108D60000000000000000000000000000000000003
:108D700000000000000000000000000000000000F3
:108D800000000000000000000000000000000000E3
:108D900000000000000000000000000000000004CF
:108DA000000400040000008418C6FFFFFFFFFFFF5F
:108DB000FFFF18C618C61084108418C610840084DB
:108DC0000084008400840084008400840084108473
:108DD00010841084108410841084108410841084F3
:108DE00010841084108410841084108410841084E3
:108DF0001084108410841084000000000000000023
:108E00000000000000000000000000000000000062
:108E10000000000000000000000000000000000052
:108E20000000000000000000000000000000000042
:108E30000000000000000000000000000000000032
:108E40000000000000000000000000000000000022
:108E50000000000000000000000000000000000012
:108E60000000000000000000000000000000000002
:108E700000000000000000000000000000000000F2
:108E800000000000000000000004000400040004D2
:108E900000040004000400041004108410841084F2
:108EA00010841084000400040004000400041084F2
:108EB0001084108410841084000400040004000452
:108EC000000400041084FFFFFFFF18C618C618C670
:108ED00018C618C6FFFFFFFFFFFFFFFFFFFFFFFFE2
:108EE000FFFF18C618C618C618C618C618C618C672
:108EF00018C618C618C618C618C600040000000018
:108F00000000000000000000000000000000000061
:108F10000000000400040004000400040004000435
:108F20000004000400040004000400040004000421
:108F30000004000400040004000000000000000021
:108F40000000000000000000000000000000000021
:108F50000000000000000000000000000000000011
:108F60000000000000000000000000000000000001
:108F700000000000000000000000000000040004E9
:108F800000000000108418C6FFFFFFFFFFFFFFFF77
:108F9000FFFF18C6FFFF18C6FFFF18C61084108415
:108FA0001084008400840084008400840084008491
:108FB0001084108410841084108410841084108411
:108FC0001084108410841084108410841084108401
:108FD0001084108410841084000000000000000041
:108FE0000000000000000000000000000000000081
:108FF0000000000000000000000000000000000071
:109000000000000000000000000000000000000060
:109010000000000000000000000000000000000050
:109020000000000000000000000000000000000040
:109030000000000000000000000000000000000030
:109040000000000000000000000000000000000020
:109050000000000000000000000000000000000010
:1090600000000000000000040004000400040004EC
:1090700000041084100410841004108410841084E0
:109080001084108400840004000400041084108400
:1090900010841084108410840084008410841004D0
:1090A000100400001084FFFF18C618C618C618C6A2
:1090B00018C618C6FFFFFFFFFFFFFFFFFFFFFFFF00
:1090C00018C618C618C618C618C618C618C618C6B0
:1090D00018C618C618C618C618C600040000000036
:1090E0000000000000000000000000040004000474
:1090F0000004000400040004000400040004000450
:10910000000400040004000400040004000400043F
:109110000004000400040000000000000000000043
:10912000000000000000000000000000000000003F
:10913000000000000000000000000000000000002F
:10914000000000000000000000000000000000001F
:109150000000000000000000000000040004000007
:10916000000418C6FFFFFFFFFFFFFFFFFFFFFFFF29
:10917000FFFFFFFFFFFFFFFF18C618C618C618C67F
:10918000108410840084008400840084008400849F
:10919000008410841084108410841084108410843F
:1091A000108410841084108410841084108410841F
:1091B000108410841084108400000000000000005F
:1091C000000000000000000000000000000000009F
:1091D000000000000000000000000000000000008F
:1091E000000000000000000000000000000000007F
:1091F000000000000000000000000000000000006F
:10920000000000000000000000000000000000005E
:10921000000000000000000000000000000000004E
:10922000000000000000000000000000000000003E
:10923000000000000000000000000000000000002E
:10924000000000000000000000000000000010040A
:1092500000041004100410841084108410841084FE
:10926000108410840004000400040004000410842E
:1092700010841084108410840084000400041004FE
:109280001004000418C6FFFF18C618C618C618C672
:1092900018C6FFFFFFFFFFFFFFFFFFFFFFFFFFFFFE
:1092A00018C618C618C618C618C618C618C618C6CE
:1092B00018C618C618C618C618C600000000000058
:1092C0000000000000000000000400000004000492
:1092D000000400040004000400040004000400046E
:1092E000000400040004000400040004000400045E
:1092F0000004000400000000000000000000000066
:10930000000000000000000000000000000000005D
:10931000000000000000000000000000000000004D
:10932000000000000000000000000000000000003D
:109330000000000000000000000000000000108499
:10934000FFFFFFFFFFFFFFFFFFFFFFFFFFFFFFFF2D
:10935000FFFF18C618C618C618C618C618C618C6FD
:1093600018C6108400840084008400840084008473
:10937000008410841084108410841084108410845D
:10938000108410841084108410841084108410843D
:10939000108410841084108400000000000000007D
:1093A00000000000000000000000000000000000BD
:1093B00000000000000000000000000000000000AD
:1093C000000000000000000000000000000000009D
:1093D000000000000000000000000000000000008D
:1093E000000000000000000000000000000000007D
:1093F000000000000000000000000000000000006D
:10940000000000000000000000000000000000005C
:1094100000000000000000000000000010001084A8
:1094200018C6FFFFFFFFFFFF18C618C618C6108436
:10943000108410041004100410841084108400049C
:1094400000040084008400040004000400040004FC
:1094500010841084108410840004000400040004AC
:109460000004000418C6FFFF18C618C618C6FFFF80
:10947000FFFFFFFFFFFFFFFFFFFFFFFFFFFF18C61C
:1094800018C618C618C618C618C618C618C618C6EC
:1094900018C618C618C618C618C600000000000076
:1094A00000000000000000000004000000040004B0
:1094B000000400040004000400040004000400048C
:1094C000000400040004000400040004000400047C
:1094D0000004000400040000000000000000000080
:1094E000000000000000000000000000000000007C
:1094F000000000000000000000000000000000006C
:10950000000000000000000000000000000000005B
:1095100000000004000000000000000418C6FFFF67
:10952000FFFFFFFFFFFFFFFFFFFFFFFFFFFFFFFF4B
:1095300018C618C618C618C618C618C618C6108485
:1095400000040004008400840084008400840084FB
:10955000008410841084108410841084108410847B
:10956000108410841084108410841084108410845B
:10957000108410841084108400000000000000009B
:1095800000000000000000000000000000000000DB
:1095900000000000000000000000000000000000CB
:1095A00000000000000000000000000000000000BB
:1095B00000000000000000000000000000000000AB
:1095C000000000000000000000000000000000009B
:1095D000000000000000000000000000000000008B
:1095E000000000000000000000000000000000007B
:1095F0000000000000000000000018C6FFFFFFFF91
:10960000FFFFFFFFFFFFFFFFFFFFFFFFFFFFFFFF6A
:10961000FFFF18C618C610841004000400041004CC
:10962000100410040084000400040004000400047A
:10963000000400040004000400040004000400040A
:109640000004108418C6FFFFFFFF18C618C6FFFFEE
:10965000FFFFFFFFFFFFFFFFFFFFFFFFFFFF18C63A
:1096600018C618C618C618C618C618C618C618C60A
:1096700018C618C618C618C618C600000000000094
:1096800000000000000000000000000400040004CE
:1096900000040004000400040004000400040004AA
:1096A000000400040004000400040004000400049A
:1096B000000400040004000000000000000000009E
:1096C000000000000000000000000000000000009A
:1096D000000000000000000000000000000000008A
:1096E000000000000000000000000000000000007A
:1096F00000000000000000041084FFFFFFFFFFFFD8
:10970000FFFFFFFFFFFFFFFFFFFFFFFFFFFFFFFF69
:1097100018C618C618C618C618C610841084108437
:109720000004000400840084008400840084008419
:1097300000840084108410841084108410841084A9
:109740001084108410841084108410841084108479
:1097500010841084108410840000000000000000B9
:1097600000000000000000000000000000000000F9
:1097700000000000000000000000000000000000E9
:1097800000000000000000000000000000000000D9
:1097900000000000000000000000000000000000C9
:1097A00000000000000000000000000000000000B9
:1097B00000000000000000000000000000000000A9
:1097C0000000000000000000000000000000000099
:1097D0000000000000000000000018C6FFFFFFFFAF
:1097E000FFFFFFFFFFFFFFFFFFFFFFFFFFFFFFFF89
:1097F000FFFFFFFFFFFFFFFF18C610841084100457
:1098000010041004100410040004000400040004F8
:109810000004000400040004000400040004000428
:109820000004108418C6FFFF18C618C6FFFFFFFF0C
:10983000FFFFFFFFFFFFFFFFFFFFFFFFFFFF18C658
:1098400018C618C618C618C618C618C618C618C628
:1098500018C618C618C618C618C6000000000000B2
:1098600000000000000000000000000400040004EC
:1098700000040004000400040084008410840084B8
:1098800000840084000400040004000400040004B8
:1098900000040004000400000004000000000000B8
:1098A00000000000000000000000000000000000B8
:1098B00000000000000000000000000000000000A8
:1098C0000000000000000000000000000000000098
:1098D00000000000108418C6FFFFFFFFFFFFFFFF1E
:1098E000FFFFFFFFFFFFFFFFFFFFFFFFFFFF18C6A8
:1098F00018C618C618C618C618C610841084108456
:1099000000840004000400040084008400840084B7
:1099100000840084008410841084108410841084D7
:109920001084108410841084108410841084108497
:1099300010841084108410840000000000000000D7
:109940000000000000000000000000000000000017
:109950000000000000000000000000000000000007
:1099600000000000000000000000000000000000F7
:1099700000000000000000000000000000000000E7
:1099800000000000000000000000000000000000D7
:1099900000000000000000000000000000000000C7
:1099A00000000000000000000000000000000000B7
:1099B000000000000000000000000000108410847F
:1099C00018C6FFFFFFFFFFFFFFFFFFFFFFFFFFFFC7
:1099D000FFFFFFFFFFFFFFFFFFFFFFFFFFFF18C6B7
:1099E000108410040000100410041084000400040B
:1099F0000004000400040004000400040004000447
:109A000000001084FFFFFFFF18C6FFFFFFFFFFFFEE
:109A1000FFFFFFFFFFFFFFFFFFFFFFFFFFFF18C676
:109A200018C618C618C618C618C618C618C618C646
:109A300018C618C618C618C610840000000000001A
:109A4000000000000000000000000004000400040A
:109A50000004000400040084008400841084108446
:109A600000840084000400040004000400040004D6
:109A700000040004000400040004000000040004CA
:109A800000000000000000000000000400000004CE
:109A900000040004000400040000000000000000B6
:109AA00000000000000000000000000000000000B6
:109AB00000001084FFFFFFFFFFFFFFFFFFFFFFFF1E
:109AC000FFFFFFFFFFFFFFFFFFFFFFFF18C618C6E6
:109AD00018C618C618C618C618C610841084008484
:109AE00000040004000400040004000400040084D6
:109AF0000084008400840084108410841084108406
:109B000010841084108410841084108410841084B5
:109B100010841084108410840000000000000000F5
:109B20000000000000000000000000000000000035
:109B30000000000000000000000000000000000025
:109B40000000000000000000000000000000000015
:109B50000000000000000000000000000000000005
:109B600000000000000000000000000000000000F5
:109B700000000000000000000000000000000000E5
:109B80000000000000000000000000001000108431
:109B9000108418C618C618C6108410841084108447
:109BA00010841084FFFFFFFFFFFFFFFFFFFFFFFF99
:109BB000FFFFFFFFFFFFFFFFFFFFFFFFFFFFFFFFB5
:109BC000FFFF18C6108410040000000410040004F5
:109BD000000000040004000400040004000400006D
:109BE000000418C6FFFFFFFF18C6FFFFFFFFFFFFBF
:109BF000FFFFFFFFFFFFFFFFFFFFFFFFFFFF18C695
:109C000018C618C618C618C618C618C618C618C664
:109C100018C618C618C618C6108400000000000038
:109C20000000000000000000000000040004000428
:109C30000004000400040084008410841084108454
:109C400010841084108410841004000400040000A8
:109C50000000000000000000000000000000000004
:109C600000000004000400040004000400040004D8
:109C700000040004000400040004000400040000C8
:109C800000000000000000000000000000000004D0
:109C90001084FFFFFFFFFFFFFFFFFFFFFFFFFFFF3E
:109CA000FFFFFFFFFFFFFFFFFFFF18C618C618C624
:109CB00018C618C618C618C610841084108400046C
:109CC00000040004000400040004000400040084F4
:109CD0000084008400840084108410841084108424
:109CE00010841084108410841084108410841084D4
:109CF0001084108410841084000000000000000014
:109D00000000000000000000000000000000000053
:109D10000000000000000000000000000000000043
:109D20000000000000000000000000000000000033
:109D30000000000000000000000000000000000023
:109D40000000000000000000000000000000000013
:109D50000000000000000000000000000000000003
:109D600000000000000000000000108418C6FFFF83
:109D7000FFFFFFFFFFFFFFFFFFFFFFFFFFFFFFFFF3
:109D800018C618C618C6FFFFFFFFFFFFFFFFFFFF43
:109D9000FFFFFFFFFFFFFFFFFFFFFFFFFFFFFFFFD3
:109DA000FFFFFFFFFFFF18C6108400000000000443
:109DB000000400040000000400040004000000048B
:109DC000000018C6FFFFFFFFFFFFFFFFFFFFFFFFC1
:109DD000FFFFFFFFFFFFFFFFFFFFFFFFFFFF18C6B3
:109DE00018C618C618C618C618C618C618C618C683
:109DF00018C618C618C618C60004000000000000E7
:109E00000000000000000000000000040004000446
:109E100000040004008400841084108410841084E2
:109E2000108410841084000400000000000010045E
:109E30001004108410841084108410841084100482
:109E400000000000000000040004000400040004FE
:109E500000041004100410041004000400040004A2
:109E6000000400000000000000000000008418C68C
:109E7000FFFFFFFFFFFFFFFFFFFFFFFFFFFFFFFFF2
:109E8000FFFFFFFFFFFFFFFF18C618C618C618C662
:109E900018C618C618C610841084108410840004D4
:109EA0000004000400040004000400040004000492
:109EB00000040084008400840084108410841084D2
:109EC00010841084108410841084108410841084F2
:109ED0001084108410841084000000000000000032
:109EE0000000000000000000000000000000000072
:109EF0000000000000000000000000000000000062
:109F00000000000000000000000000000000000051
:109F10000000000000000000000000000000000041
:109F20000000000000000000000000000000000031
:109F30000000000000000000000000000000000021
:109F40000000000000000000100018C6FFFFFFFF27
:109F5000FFFFFFFFFFFFFFFFFFFFFFFFFFFFFFFF11
:109F6000FFFFFFFFFFFF18C6FFFFFFFFFFFFFFFF21
:109F7000FFFFFFFFFFFFFFFFFFFFFFFFFFFFFFFFF1
:109F8000FFFFFFFFFFFFFFFFFFFF18C61084000069
:109F900000000004000400000000000000000004B5
:109FA000000018C6FFFFFFFFFFFFFFFFFFFFFFFFDF
:109FB000FFFFFFFFFFFFFFFFFFFFFFFF18C618C6F1
:109FC00018C618C618C618C618C618C618C618C6A1
:109FD00018C618C618C61084000000000000000053
:109FE0000000000000000000000000040004000465
:109FF0000004000400840084008410841084008421
:10A000000004000000041084108418C618C618C686
:10A01000FFFFFFFFFFFFFFFFFFFFFFFFFFFF18C670
:10A0200018C600000004000400040004000400043A
:10A030001004100410841084108410841004100480
:10A0400000040004000000040000108418C6FFFF94
:10A05000FFFFFFFFFFFFFFFFFFFFFFFFFFFFFFFF10
:10A06000FFFFFFFFFFFF18C618C618C618C618C6A0
:10A0700018C618C618C610841084108410840004F2
:10A0800000040004000400040004000400040004B0
:10A090000004000400840084008410841084108470
:10A0A0001084108410841084108410841084108410
:10A0B0001084108410841084000000000000000050
:10A0C0000000000000000000000000000000000090
:10A0D0000000000000000000000000000000000080
:10A0E0000000000000000000000000000000000070
:10A0F0000000000000000000000000000000000060
:10A10000000000000000000000000000000000004F
:10A11000000000000000000000000000000000003F
:10A1200000000000000000000000108418C6FFFFBF
:10A13000FFFFFFFFFFFFFFFFFFFFFFFFFFFFFFFF2F
:10A14000FFFFFFFFFFFFFFFFFFFF18C6FFFFFFFF3F
:10A15000FFFFFFFFFFFFFFFFFFFFFFFFFFFFFFFF0F
:10A16000FFFFFFFFFFFFFFFFFFFFFFFFFFFF18C61F
:10A170001084000000000004000000000000000443
:10A18000000018C6FFFFFFFFFFFFFFFFFFFFFFFFFD
:10A19000FFFFFFFFFFFFFFFFFFFFFFFF18C618C60F
:10A1A00018C618C618C618C618C618C618C618C6BF
:10A1B00018C618C618C610040000000000000000F1
:10A1C0000000000000000004000000000004000483
:10A1D0001084000410041084108410040000100483
:10A1E000108418C618C6FFFFFFFFFFFFFFFFFFFF29
:10A1F000FFFFFFFFFFFFFFFFFFFF18C618C618C6CF
:10A2000018C6108400000004000400040004008448
:10A21000108410841084108410041084108410841E
:10A220001004100400040000108418C6FFFFFFFF94
:10A23000FFFFFFFFFFFFFFFFFFFFFFFFFFFFFFFF2E
:10A24000FFFFFFFFFFFF18C618C618C618C618C6BE
:10A2500018C618C61084108410841084108400005E
:10A2600000040004000400040004000400040004CE
:10A27000000400040084008400841084108410848E
:10A28000108410841084108410841084108410842E
:10A29000108410841084108400000000000000006E
:10A2A00000000000000000000000000000000000AE
:10A2B000000000000000000000000000000000009E
:10A2C000000000000000000000000000000000008E
:10A2D000000000000000000000000000000000007E
:10A2E000000000000000000000000000000000006E
:10A2F000000000000000000000000000000000005E
:10A300000000000000000000000000001004FFFF3B
:10A31000FFFFFFFFFFFF18C6FFFFFFFFFFFFFFFF6D
:10A32000FFFFFFFFFFFFFFFFFFFFFFFFFFFFFFFF3D
:10A33000FFFFFFFFFFFFFFFFFFFFFFFFFFFFFFFF2D
:10A34000FFFFFFFFFFFFFFFFFFFFFFFFFFFFFFFF1D
:10A35000FFFF108400000000000000040000000067
:10A36000000018C6FFFFFFFFFFFFFFFFFFFFFFFF1B
:10A37000FFFFFFFFFFFFFFFFFFFFFFFF18C618C62D
:10A3800018C618C618C618C618C618C618C618C6DD
:10A3900018C618C618C60000000000000000000023
:10A3A0000000000000000000000000000004100495
:10A3B00000041084000400000000108418C6FFFF91
:10A3C000FFFFFFFFFFFFFFFFFFFFFFFFFFFFFFFF9D
:10A3D000FFFFFFFFFFFF18C618C618C618C618C62D
:10A3E00018C61084000010040004000400840084D7
:10A3F00010841084108410841084108410841084BD
:10A400001084108400041084FFFFFFFFFFFFFFFF94
:10A41000FFFFFFFFFFFFFFFFFFFFFFFFFFFFFFFF4C
:10A42000FFFFFFFF18C618C618C618C618C618C6FC
:10A4300018C618C61084108410841084000400000C
:10A4400000040004000400040004000400040004EC
:10A4500000040004008400840084108410841084AC
:10A46000108410841084108410841084108410844C
:10A47000108410841084108400000000000000008C
:10A4800000000000000000000000000000000000CC
:10A4900000000000000000000000000000000000BC
:10A4A00000000000000000000000000000000000AC
:10A4B000000000000000000000000000000000009C
:10A4C000000000000000000000000000000000008C
:10A4D000000000000000000000000000000000007C
:10A4E000000000000000000000000000000000006C
:10A4F00018C6FFFFFFFFFFFFFFFFFFFFFFFFFFFF8C
:10A50000FFFFFFFFFFFFFFFFFFFFFFFFFFFFFFFF5B
:10A51000FFFFFFFFFFFFFFFFFFFFFFFFFFFFFFFF4B
:10A52000FFFFFFFFFFFFFFFFFFFFFFFFFFFFFFFF3B
:10A53000FFFFFFFFFFFF1084000000000004000485
:10A54000000018C6FFFFFFFFFFFFFFFFFFFFFFFF39
:10A55000FFFFFFFFFFFFFFFFFFFFFFFF18C618C64B
:10A5600018C618C618C618C618C618C618C618C6FB
:10A5700018C618C61084000000000000000000008B
:10A5800000000000000000000004000400040000BF
:10A590000000000000001084FFFFFFFFFFFFFFFF2F
:10A5A000FFFFFFFFFFFFFFFFFFFFFFFFFFFFFFFFBB
:10A5B000FFFF18C618C618C618C618C618C618C68B
:10A5C00018C61084000010040004000400841084E5
:10A5D00010841084108410841084108410841084DB
:10A5E00010840004108418C6FFFFFFFFFFFFFFFF69
:10A5F000FFFFFFFFFFFFFFFFFFFFFFFFFFFFFFFF6B
:10A60000FFFF18C618C618C618C618C618C618C63A
:10A6100018C6108410841084108410840000000078
:10A62000000400000004000400040004000400040E
:10A63000000400840084008400841084108410844A
:10A64000108410841084108410841084108410846A
:10A6500010841084108410840000000000000000AA
:10A6600000000000000000000000000000000000EA
:10A6700000000000000000000000000000000000DA
:10A6800000000000000000000000000000000000CA
:10A6900000000000000000000000000000000000BA
:10A6A00000000000000000000000000000000000AA
:10A6B000000000000000000000000000000000009A
:10A6C000000000000000000000000000000000008A
:10A6D000000018C6FFFFFFFFFFFFFFFFFFFFFFFFA8
:10A6E000FFFFFFFFFFFFFFFFFFFFFFFFFFFFFFFF7A
:10A6F000FFFFFFFFFFFFFFFFFFFFFFFFFFFFFFFF6A
:10A70000FFFFFFFFFFFFFFFFFFFFFFFFFFFFFFFF59
:10A71000FFFFFFFFFFFFFFFFFFFF108400000000AF
:10A7200000001084FFFFFFFFFFFFFFFFFFFFFFFFA1
:10A73000FFFFFFFFFFFFFFFFFFFF18C618C618C689
:10A7400018C618C618C618C618C618C618C618C619
:10A7500018C618C60000000000000000000000003D
:10A7600000000000000400000000000000000000E5
:10A77000108418C6FFFFFFFFFFFFFFFFFFFFFFFF73
:10A78000FFFFFFFFFFFFFFFFFFFFFFFFFFFFFFFFD9
:10A7900018C618C618C618C618C618C618C618C6C9
:10A7A00018C610840004000400040004008410840F
:10A7B00010841084108410841084108410841084F9
:10A7C0000004108418C6FFFFFFFFFFFFFFFFFFFF1D
:10A7D000FFFFFFFFFFFFFFFFFFFFFFFFFFFFFFFF89
:10A7E00018C618C618C618C618C618C618C618C679
:10A7F00018C6108410841084108410840000000097
:10A80000000400000004000400040004000400042C
:10A8100000840084008400840084108410841084E8
:10A820001084108410841084108410841084108488
:10A8300010841084108410840000000000000000C8
:10A840000000000000000000000000000000000008
:10A8500000000000000000000000000000000000F8
:10A8600000000000000000000000000000000000E8
:10A8700000000000000000000000000000000000D8
:10A8800000000000000000000000000000000000C8
:10A8900000000000000000000000000000000000B8
:10A8A00000000000000000000000000000000000A8
:10A8B0000000000018C6FFFFFFFFFFFFFFFFFFFFC4
:10A8C000FFFFFFFFFFFFFFFFFFFFFFFFFFFFFFFF98
:10A8D000FFFFFFFFFFFFFFFFFFFFFFFFFFFFFFFF88
:10A8E000FFFFFFFFFFFFFFFFFFFFFFFFFFFFFFFF78
:10A8F000FFFFFFFFFFFFFFFFFFFFFFFF18C6100472
:10A9000000001084FFFFFFFFFFFFFFFFFFFFFFFFBF
:10A91000FFFFFFFFFFFFFFFF18C618C618C618C6C7
:10A9200018C618C618C618C618C618C618C618C637
:10A9300018C6000000000000000000000000000039
:10A9400000000000000000000000108418C6FFFF97
:10A95000FFFFFFFFFFFFFFFFFFFFFFFFFFFFFFFF07
:10A96000FFFFFFFFFFFFFFFFFFFFFFFF18C618C637
:10A9700018C618C618C618C618C618C618C618C6E7
:10A9800018C600040004000400040004000410843D
:10A990001084108410841084108410841084108417
:10A9A000108418C6FFFFFFFFFFFFFFFFFFFFFFFF41
:10A9B000FFFFFFFFFFFFFFFFFFFFFFFFFFFFFFFFA7
:10A9C00018C618C618C618C618C618C618C618C697
:10A9D00010841084108410841084108400000000FF
:10A9E00000000000000000000004000400040084D7
:10A9F0000084008400840084008400841084108417
:10AA000010841084108410841084108410841084A6
:10AA100010841084108410840000000000000000E6
:10AA20000000000000000000000000000000000026
:10AA30000000000000000000000000000000000016
:10AA40000000000000000000000000000000000006
:10AA500000000000000000000000000000000000F6
:10AA600000000000000000000000000000000000E6
:10AA700000000000000000000000000000000000D6
:10AA800000000000000000000000000000000000C6
:10AA900000000000108418C618C6FFFFFFFFFFFF6C
:10AAA000FFFFFFFFFFFFFFFFFFFFFFFFFFFFFFFFB6
:10AAB000FFFFFFFFFFFFFFFFFFFFFFFFFFFFFFFFA6
:10AAC000FFFFFFFFFFFFFFFFFFFFFFFFFFFFFFFF96
:10AAD000FFFFFFFFFFFFFFFFFFFFFFFFFFFF18C6A6
:10AAE00010841084FFFFFFFFFFFFFFFFFFFFFFFF4A
:10AAF000FFFFFFFFFFFFFFFF18C618C618C618C6E6
:10AB000018C618C618C618C618C618C618C618C655
:10AB1000108400000000000000000004000000009D
:10AB200000000000100418C6FFFFFFFFFFFFFFFF3B
:10AB3000FFFFFFFFFFFFFFFFFFFFFFFFFFFFFFFF25
:10AB4000FFFFFFFFFFFFFFFFFFFF18C618C618C675
:10AB500018C618C618C618C618C618C618C618C605
:10AB600010840000000400040004000400841004A9
:10AB70001084108410841084108410841084108435
:10AB800018C6FFFFFFFFFFFFFFFFFFFFFFFFFFFFF5
:10AB9000FFFFFFFFFFFFFFFFFFFFFFFFFFFF18C6E5
:10ABA00018C618C618C618C618C618C618C618C6B5
:10ABB000108410841084108410841084000000001D
:10ABC0000000000000000000000000040084008479
:10ABD0000084008400840084008410841084108425
:10ABE00010841084108410841084108410841084C5
:10ABF0001084108410841084000000000000000005
:10AC00000000000000000000000000000000000044
:10AC10000000000000000000000000000000000034
:10AC20000000000000000000000000000000000024
:10AC30000000000000000000000000000000000014
:10AC40000000000000000000000000000000000004
:10AC500000000000000000000000000000000000F4
:10AC600000000000000000000000000000000000E4
:10AC7000000000000000108418C6FFFFFFFFFFFF68
:10AC8000FFFFFFFFFFFFFFFFFFFFFFFFFFFFFFFFD4
:10AC9000FFFFFFFFFFFFFFFFFFFFFFFFFFFFFFFFC4
:10ACA000FFFFFFFFFFFFFFFFFFFFFFFFFFFFFFFFB4
:10ACB000FFFFFFFFFFFFFFFFFFFFFFFFFFFFFFFFA4
:10ACC000FFFF108418C6FFFFFFFFFFFFFFFFFFFF1E
:10ACD000FFFFFFFFFFFFFFFF18C618C618C618C604
:10ACE00018C618C618C618C618C618C618C618C674
:10ACF0000000000000000000000000000000000054
:10AD0000108418C6FFFFFFFFFFFFFFFFFFFFFFFFDD
:10AD1000FFFFFFFFFFFFFFFFFFFFFFFFFFFFFFFF43
:10AD2000FFFFFFFFFFFFFFFF18C618C618C618C6B3
:10AD300018C618C618C618C618C618C618C618C623
:10AD40000000000400040004000400040004108457
:10AD5000108410841084108410841084108418C609
:10AD6000FFFFFFFFFFFFFFFFFFFFFFFFFFFFFFFFF3
:10AD7000FFFFFFFFFFFFFFFFFFFFFFFF18C618C623
:10AD800018C618C618C618C618C618C618C610841D
:10AD900010841084108410841084000400000000CB
:10ADA0000000000000000000000000040084008497
:10ADB0000084008400840084008410841084108443
:10ADC00010841084108410841084108410841084E3
:10ADD0001084108410841084000000000000000023
:10ADE0000000000000000000000000000000000063
:10ADF0000000000000000000000000000000000053
:10AE00000000000000000000000000000000000042
:10AE10000000000000000000000000000000000032
:10AE20000000000000000000000000000000000022
:10AE30000000000000000000000000000000000012
:10AE40000000000000000000000000000000000002
:10AE500000001004108418C6FFFFFFFFFFFFFFFF74
:10AE6000FFFFFFFFFFFFFFFFFFFFFFFFFFFFFFFFF2
:10AE7000FFFFFFFFFFFFFFFFFFFFFFFFFFFFFFFFE2
:10AE8000FFFFFFFFFFFFFFFFFFFFFFFFFFFFFFFFD2
:10AE9000FFFFFFFFFFFFFFFFFFFFFFFFFFFFFFFFC2
:10AEA000FFFFFFFFFFFFFFFFFFFFFFFFFFFFFFFFB2
:10AEB000FFFFFFFFFFFFFFFF18C618C618C618C622
:10AEC00018C618C618C618C618C618C618C600046C
:10AED000000000040000000000000000000418C68C
:10AEE000FFFFFFFFFFFFFFFFFFFFFFFFFFFFFFFF72
:10AEF000FFFFFFFFFFFFFFFFFFFFFFFFFFFFFFFF62
:10AF0000FFFFFFFFFFFF18C618C618C618C618C6F1
:10AF100018C618C618C618C618C618C618C610848B
:10AF20000004000400040004000400040004108471
:10AF30001084108410840084008410841084FFFF27
:10AF4000FFFFFFFFFFFFFFFFFFFFFFFFFFFFFFFF11
:10AF5000FFFFFFFFFFFFFFFFFFFF18C618C618C661
:10AF600018C618C618C618C618C618C618C610843B
:10AF700010841084108410841084000000000000ED
:10AF800000000000000000000000000400840084B5
:10AF90000084008400840084108410841084108451
:10AFA0001084108410841084108410841084108401
:10AFB0001084108410841084000000000000000041
:10AFC0000000000000000000000000000000000081
:10AFD0000000000000000000000000000000000071
:10AFE0000000000000000000000000000000000061
:10AFF0000000000000000000000000000000000051
:10B000000000000000000000000000000000000040
:10B010000000000000000000000000000000000030
:10B020000000000000000000000000000000000020
:10B03000108418C6FFFFFFFFFFFFFFFFFFFFFFFFAA
:10B04000FFFFFFFFFFFFFFFFFFFFFFFFFFFFFFFF10
:10B05000FFFFFFFFFFFFFFFFFFFFFFFFFFFFFFFF00
:10B06000FFFFFFFFFFFFFFFFFFFFFFFFFFFFFFFFF0
:10B07000FFFFFFFFFFFFFFFFFFFFFFFFFFFFFFFFE0
:10B08000FFFFFFFFFFFFFFFFFFFFFFFFFFFFFFFFD0
:10B09000FFFFFFFFFFFFFFFFFFFF18C618C618C620
:10B0A00018C618C618C618C618C618C610840000D8
:10B0B00000000000000000000000108418C6FFFF20
:10B0C000FFFFFFFFFFFFFFFFFFFFFFFFFFFFFFFF90
:10B0D000FFFFFFFFFFFFFFFFFFFFFFFFFFFFFFFF80
:10B0E000FFFF18C618C618C618C618C618C618C650
:10B0F00018C618C618C618C618C618C61084000088
:10B10000000400040004000400040004000400041F
:10B11000000400040004008400841084FFFFFFFF8B
:10B12000FFFFFFFFFFFFFFFFFFFFFFFFFFFFFFFF2F
:10B13000FFFFFFFFFFFFFFFF18C618C618C618C69F
:10B1400018C618C618C618C618C618C610841084A3
:10B15000108410841084108410840000000000000B
:10B160000000000000000000000000840084008453
:10B17000008400840084108410841084108410845F
:10B18000108410841084108410841084108410841F
:10B1900010841084108418C6000000000000000015
:10B1A000000000000000000000000000000000009F
:10B1B000000000000000000000000000000000008F
:10B1C000000000000000000000000000000000007F
:10B1D000000000000000000000000000000000006F
:10B1E000000000000000000000000000000000005F
:10B1F000000000000000000000000000000000004F
:10B20000000000000004000000000000108418C6C8
:10B21000FFFFFFFFFFFFFFFFFFFFFFFFFFFFFFFF3E
:10B22000FFFFFFFFFFFFFFFFFFFFFFFFFFFFFFFF2E
:10B23000FFFFFFFFFFFFFFFFFFFFFFFFFFFFFFFF1E
:10B24000FFFFFFFFFFFFFFFFFFFFFFFFFFFFFFFF0E
:10B25000FFFFFFFFFFFFFFFFFFFFFFFFFFFFFFFFFE
:10B26000FFFFFFFFFFFFFFFFFFFFFFFFFFFFFFFFEE
:10B27000FFFFFFFFFFFFFFFFFFFF18C618C618C63E
:10B2800018C618C618C618C6FFFF18C60004000066
:10B2900000000000000000001084FFFFFFFFFFFF20
:10B2A000FFFFFFFFFFFFFFFFFFFFFFFFFFFFFFFFAE
:10B2B000FFFFFFFFFFFFFFFFFFFFFFFFFFFFFFFF9E
:10B2C00018C618C618C618C618C618C618C618C68E
:10B2D00018C618C618C618C618C61084000410046C
:10B2E00010840004000400040004000400040004AE
:10B2F0000084000400840004108418C6FFFFFFFFD0
:10B30000FFFFFFFFFFFFFFFFFFFFFFFFFFFFFFFF4D
:10B31000FFFFFFFFFFFF18C618C618C618C618C6DD
:10B3200018C618C618C618C618C618C610841084C1
:10B3300010841084108410841004000000000000A9
:10B340000000000000000000000000840084008471
:10B35000008400840084008410841084108410848D
:10B36000108410841084108410841084108410843D
:10B3700010841084108418C6000000000000000033
:10B3800000000000000000000000000000000000BD
:10B3900000000000000000000000000000000000AD
:10B3A000000000000000000000000000000000009D
:10B3B000000000000000000000000000000000008D
:10B3C000000000000000000000000000000000007D
:10B3D000000000000000000000000000000000006D
:10B3E000000000000004000400001084FFFFFFFFC5
:10B3F000FFFFFFFFFFFFFFFFFFFFFFFFFFFFFFFF5D
:10B40000FFFFFFFFFFFFFFFFFFFFFFFFFFFFFFFF4C
:10B41000FFFFFFFFFFFFFFFFFFFFFFFFFFFFFFFF3C
:10B42000FFFFFFFFFFFFFFFFFFFFFFFFFFFFFFFF2C
:10B43000FFFFFFFFFFFFFFFFFFFFFFFFFFFFFFFF1C
:10B44000FFFFFFFFFFFFFFFFFFFFFFFFFFFFFFFF0C
:10B45000FFFFFFFFFFFFFFFFFFFF18C618C618C65C
:10B4600018C618C618C618C618C600840000000002
:10B4700000040000000018C6FFFFFFFFFFFFFFFFF2
:10B48000FFFFFFFFFFFFFFFFFFFFFFFFFFFFFFFFCC
:10B49000FFFFFFFFFFFFFFFFFFFFFFFFFFFF18C6DC
:10B4A00018C618C618C618C618C618C618C618C6AC
:10B4B00018C618C618C618C61084000400041084E4
:10B4C000108400840004000400040004000400044C
:10B4D000008400040004008418C6FFFFFFFFFFFF84
:10B4E000FFFFFFFFFFFFFFFFFFFFFFFFFFFFFFFF6C
:10B4F000FFFFFFFF18C618C618C618C618C618C61C
:10B5000018C618C618C618C618C610841084108429
:10B5100010841084108410840000000000000000DB
:10B52000000000000000000000000084008400848F
:10B53000008400840084108410841084108410849B
:10B54000108410841084108410841084108410845B
:10B5500010841084108418C6000000000000000051
:10B5600000000000000000000000000000000000DB
:10B5700000000000000000000000000000000000CB
:10B5800000000000000000000000000000000000BB
:10B5900000000000000000000000000000000000AB
:10B5A000000000000000000000000000000000009B
:10B5B000000000000000000000000000000000008B
:10B5C0000000000400040000100418C6FFFFFFFF85
:10B5D000FFFFFFFFFFFFFFFFFFFFFFFFFFFFFFFF7B
:10B5E000FFFFFFFFFFFFFFFFFFFFFFFFFFFFFFFF6B
:10B5F000FFFFFFFFFFFFFFFFFFFFFFFFFFFFFFFF5B
:10B60000FFFFFFFFFFFFFFFFFFFFFFFFFFFFFFFF4A
:10B61000FFFFFFFFFFFFFFFFFFFFFFFFFFFFFFFF3A
:10B62000FFFFFFFFFFFFFFFFFFFFFFFFFFFFFFFF2A
:10B63000FFFFFFFFFFFFFFFFFFFF18C618C618C67A
:10B6400018C618C618C618C61084000000040004E6
:10B650000000000418C6FFFFFFFFFFFFFFFFFFFF12
:10B66000FFFFFFFFFFFFFFFFFFFFFFFFFFFFFFFFEA
:10B67000FFFFFFFFFFFFFFFFFFFFFFFF18C618C61A
:10B6800018C618C618C618C618C618C618C618C6CA
:10B6900018C618C618C6108400040004108410844C
:10B6A00000841084008410840084000400040004DA
:10B6B0000004000400041084FFFFFFFFFFFFFFFFF2
:10B6C000FFFFFFFFFFFFFFFFFFFFFFFFFFFFFFFF8A
:10B6D000FFFFFFFF18C618C618C618C618C618C63A
:10B6E00018C618C618C618C618C610841084108448
:10B6F00010841084108410840000000000000000FA
:10B7000000000000000000000000008400840084AD
:10B7100000840084108410841084108410841084A9
:10B720001084108410841084108410841084108479
:10B730001084108418C618C6000000000000000025
:10B7400000000000000000000000000000000000F9
:10B7500000000000000000000000000000000000E9
:10B7600000000000000000000000000000000000D9
:10B7700000000000000000000000000000000000C9
:10B7800000000000000000000000000000000000B9
:10B7900000000000000000000000000000000000A9
:10B7A000000000001004000018C6FFFFFFFFFFFFAD
:10B7B000FFFFFFFFFFFFFFFFFFFFFFFFFFFFFFFF99
:10B7C000FFFFFFFFFFFFFFFFFFFFFFFFFFFFFFFF89
:10B7D000FFFFFFFFFFFFFFFFFFFFFFFFFFFFFFFF79
:10B7E000FFFFFFFFFFFFFFFFFFFFFFFFFFFFFFFF69
:10B7F000FFFFFFFFFFFFFFFFFFFFFFFFFFFFFFFF59
:10B80000FFFFFFFFFFFFFFFFFFFFFFFFFFFFFFFF48
:10B81000FFFFFFFFFFFFFFFFFFFF18C618C618C698
:10B8200018C618C618C618C6108400040004000004
:10B830000004FFFFFFFFFFFFFFFFFFFFFFFFFFFF12
:10B84000FFFFFFFFFFFFFFFFFFFFFFFFFFFFFFFF08
:10B85000FFFFFFFFFFFFFFFFFFFF18C618C618C658
:10B8600018C618C618C618C618C618C618C618C6E8
:10B8700018C610841004000410041084108400847E
:10B880000084008410840084008400040004000408
:10B8900000040004108418C6FFFFFFFFFFFFFFFF36
:10B8A000FFFFFFFFFFFFFFFFFFFFFFFFFFFF18C6C8
:10B8B000FFFF18C618C618C618C618C618C618C678
:10B8C00018C618C618C618C61084108410841084B0
:10B8D0001084108410841084000000000000000018
:10B8E0000000000000000000000000000084008450
:10B8F00000840084108410841084108410841084C8
:10B900001084108410841084108410841084108497
:10B910001084108418C618C6000000000000000043
:10B920000000000000000000000000000000000017
:10B930000000000000000000000000000000000007
:10B9400000000000000000000000000000000000F7
:10B9500000000000000000000000000000000000E7
:10B9600000000000000000000000000000000000D7
:10B9700000000000000000000000000000000000C7
:10B9800000001000000018C6FFFFFFFFFFFFFFFFD1
:10B99000FFFFFFFFFFFFFFFFFFFFFFFFFFFFFFFFB7
:10B9A000FFFFFFFFFFFFFFFFFFFFFFFFFFFFFFFFA7
:10B9B000FFFFFFFFFFFFFFFFFFFFFFFFFFFFFFFF97
:10B9C000FFFFFFFFFFFFFFFFFFFFFFFFFFFFFFFF87
:10B9D000FFFFFFFFFFFFFFFFFFFFFFFFFFFFFFFF77
:10B9E000FFFFFFFFFFFFFFFFFFFFFFFFFFFFFFFF67
:10B9F000FFFFFFFFFFFFFFFFFFFF18C618C618C6B7
:10BA000018C618C618C618C6108400040000108492
:10BA1000FFFFFFFFFFFFFFFFFFFFFFFFFFFFFFFF36
:10BA2000FFFFFFFFFFFFFFFFFFFFFFFFFFFFFFFF26
:10BA3000FFFFFFFF18C618C618C618C618C618C6D6
:10BA400018C618C618C618C618C618C618C6108450
:10BA500000000000000410841084108410841084FE
:10BA60001084108400840084008400040004008496
:10BA70000004008418C6FFFFFFFFFFFFFFFFFFFF6A
:10BA8000FFFFFFFFFFFFFFFFFFFFFFFFFFFF18C6E6
:10BA900018C618C618C618C618C618C618C618C6B6
:10BAA00018C618C618C618C61084108410841084CE
:10BAB00010841084108400040000000000000000C6
:10BAC000000000000000000000000000008400846E
:10BAD00000840084008410841084108410841084F6
:10BAE00010841084108410841084108410841084B6
:10BAF00010841084108418C60000000000000000AC
:10BB00000000000000000000000000000000000035
:10BB10000000000000000000000000000000000025
:10BB20000000000000000000000000000000000015
:10BB30000000000000000000000000000000000005
:10BB400000000000000000000000000000000000F5
:10BB500000000000000000000000000000000000E5
:10BB6000000000001084FFFFFFFFFFFFFFFFFFFF4B
:10BB7000FFFFFFFFFFFFFFFFFFFFFFFFFFFFFFFFD5
:10BB8000FFFFFFFFFFFFFFFFFFFFFFFFFFFFFFFFC5
:10BB9000FFFFFFFFFFFFFFFFFFFFFFFFFFFFFFFFB5
:10BBA000FFFFFFFFFFFFFFFFFFFFFFFFFFFFFFFFA5
:10BBB000FFFFFFFFFFFFFFFFFFFFFFFFFFFFFFFF95
:10BBC000FFFFFFFFFFFFFFFFFFFFFFFFFFFFFFFF85
:10BBD000FFFFFFFFFFFFFFFF18C618C618C618C6F5
:10BBE00018C618C618C618C6108400001084FFFFB7
:10BBF000FFFFFFFFFFFFFFFFFFFFFFFFFFFFFFFF55
:10BC0000FFFFFFFFFFFFFFFFFFFFFFFFFFFFFFFF44
:10BC100018C618C618C618C618C618C618C618C634
:10BC200018C618C618C618C618C610841004000016
:10BC300000041084108410841084108410841084F4
:10BC40001084008410841084008400840084000424
:10BC500000041084FFFFFFFFFFFFFFFFFFFFFFFF58
:10BC6000FFFFFFFFFFFFFFFFFFFFFFFFFFFF18C604
:10BC700018C618C618C618C618C618C618C618C6D4
:10BC800018C618C618C618C61084108410841084EC
:10BC900010841084108400000000000000000000E8
:10BCA000000000000000000000000000008400848C
:10BCB0000084008400841084108410841084108414
:10BCC00010841084108410841084108410841084D4
:10BCD00010841084108418C60000000000000000CA
:10BCE0000000000000000000000000000000000054
:10BCF0000000000000000000000000000000000044
:10BD00000000000000000000000000000000000033
:10BD10000000000000000000000000000000000023
:10BD20000000000000000000000000000000000013
:10BD30000000000000000000000000000000000003
:10BD400000001084FFFFFFFFFFFF18C6FFFFFFFF8B
:10BD5000FFFFFFFFFFFFFFFFFFFFFFFFFFFFFFFFF3
:10BD6000FFFFFFFFFFFFFFFFFFFFFFFFFFFFFFFFE3
:10BD7000FFFFFFFFFFFFFFFFFFFFFFFFFFFFFFFFD3
:10BD8000FFFFFFFFFFFFFFFFFFFFFFFFFFFFFFFFC3
:10BD9000FFFFFFFFFFFFFFFFFFFFFFFFFFFFFFFFB3
:10BDA000FFFFFFFFFFFFFFFFFFFFFFFF18C6FFFFC3
:10BDB00018C618C6FFFF18C618C618C618C618C673
:10BDC00018C618C618C618C61084108418C6FFFFF7
:10BDD000FFFFFFFFFFFFFFFFFFFFFFFFFFFFFFFF73
:10BDE000FFFFFFFFFFFFFFFFFFFFFFFF18C618C6A3
:10BDF00018C618C618C618C618C618C618C618C653
:10BE000018C618C618C618C610840000000410040E
:10BE100000040004008400841084108410841084C2
:10BE200010841084108410840084008400840084B2
:10BE3000108418C6FFFFFFFFFFFFFFFFFFFFFFFF9C
:10BE4000FFFFFFFFFFFFFFFFFFFF18C618C618C662
:10BE500018C618C618C618C618C618C618C618C6F2
:10BE600018C618C618C61084108410841084108454
:10BE70001084108410840000000000000000000006
:10BE8000000000000000000000000000000400842A
:10BE90000084008400840084008410841084108452
:10BEA00010841084108410841084108410841084F2
:10BEB0001084108410841084000000000000000032
:10BEC0000000000000000000000000000000000072
:10BED0000000000000000000000000000000000062
:10BEE0000000000000000000000000000000000052
:10BEF0000000000000000000000000000000000042
:10BF00000000000000000000000000000000000031
:10BF10000000000000000000000000000000000021
:10BF2000000018C6FFFF18C6FFFFFFFF18C6FFFF7F
:10BF300018C6FFFFFFFFFFFFFFFFFFFFFFFFFFFF31
:10BF4000FFFF18C618C6FFFFFFFFFFFFFFFFFFFF41
:10BF5000FFFFFFFFFFFFFFFFFFFFFFFFFFFFFFFFF1
:10BF6000FFFFFFFFFFFFFFFFFFFFFFFFFFFFFFFFE1
:10BF7000FFFFFFFFFFFFFFFFFFFFFFFFFFFFFFFFD1
:10BF8000FFFFFFFFFFFFFFFFFFFFFFFF18C6FFFFE1
:10BF900018C618C618C618C618C618C618C618C6B1
:10BFA00018C618C618C618C618C618C6FFFFFFFF61
:10BFB000FFFFFFFFFFFFFFFFFFFFFFFFFFFFFFFF91
:10BFC000FFFFFFFFFFFFFFFFFFFF18C618C618C6E1
:10BFD00018C618C618C618C618C618C618C618C671
:10BFE00018C618C6108410040000000400040004E1
:10BFF0000004008400841084108410841084108451
:10C000001084108410841084008400840004008450
:10C0100018C6FFFFFFFFFFFFFFFFFFFFFFFFFFFF50
:10C02000FFFFFFFFFFFFFFFFFFFF18C618C618C680
:10C0300018C618C618C618C618C618C618C618C610
:10C0400018C618C6108410841084108410841084BC
:10C0500010841084000000000000000000000000B8
:10C0600000000000000000000000000000040004C8
:10C0700000840084008400840084008400840084A0
:10C080001084108410841084108410841084108410
:10C090001084108410841084000000000000000050
:10C0A0000000000000000000000000000000000090
:10C0B0000000000000000000000000000000000080
:10C0C0000000000000000000000000000000000070
:10C0D0000000000000000000000000000000000060
:10C0E0000000000000000000000000000000000050
:10C0F0000000000000000000000000000000000040
:10C10000100418C618C618C618C618C618C6108453
:10C11000108410841084108410841084108410847F
:10C120001084108418C6FFFFFFFFFFFFFFFFFFFF13
:10C13000FFFFFFFFFFFFFFFFFFFFFFFFFFFFFFFF0F
:10C14000FFFFFFFFFFFFFFFFFFFFFFFFFFFFFFFFFF
:10C15000FFFFFFFFFFFFFFFFFFFFFFFFFFFFFFFFEF
:10C16000FFFFFFFFFFFFFFFFFFFFFFFF18C618C61F
:10C1700018C618C618C618C618C618C618C618C6CF
:10C1800018C618C618C6FFFFFFFFFFFFFFFFFFFF1F
:10C19000FFFFFFFFFFFFFFFFFFFFFFFFFFFFFFFFAF
:10C1A000FFFFFFFFFFFF18C618C618C618C618C63F
:10C1B00018C618C618C618C618C618C618C618C68F
:10C1C00018C61084000400000004000400040004E9
:10C1D00000040004008400841084108410841084FF
:10C1E000108410841084108400840084000410845F
:10C1F00018C6FFFFFFFFFFFFFFFFFFFFFFFFFFFF6F
:10C20000FFFFFFFFFFFFFFFF18C618C618C618C6BE
:10C2100018C618C618C618C618C618C618C618C62E
:10C2200018C618C618C61084108410841084108490
:10C2300010841084000000000000000000000000D6
:10C2400000000000000000000000000000000004EA
:10C25000000400840084008400840084008400843E
:10C26000008400840084108410841084108410845E
:10C27000108410841084108400000000000000006E
:10C2800000000000000000000000000000000000AE
:10C29000000000000000000000000000000000009E
:10C2A000000000000000000000000000000000008E
:10C2B000000000000000000000000000000000007E
:10C2C000000000000000000000000000000000006E
:10C2D000000000000000000000000000000010004E
:10C2E000100418C618C610841084008400000000D2
:10C2F000000000000000000000000000000000003E
:10C30000108418C6FFFFFFFFFFFFFFFFFFFFFFFFC7
:10C31000FFFFFFFFFFFFFFFFFFFFFFFFFFFFFFFF2D
:10C32000FFFFFFFFFFFFFFFFFFFFFFFFFFFFFFFF1D
:10C33000FFFFFFFFFFFFFFFFFFFFFFFFFFFFFFFF0D
:10C34000FFFFFFFFFFFFFFFFFFFFFFFFFFFF18C61D
:10C3500018C618C618C618C618C618C618C618C6ED
:10C36000FFFFFFFFFFFFFFFFFFFFFFFFFFFFFFFFDD
:10C37000FFFFFFFFFFFFFFFFFFFFFFFFFFFFFFFFCD
:10C38000FFFF18C618C618C618C618C618C618C69D
:10C3900018C618C618C618C618C618C618C61084F7
:10C3A0001004000000040004000400040004000461
:10C3B000000400040004008410841084108410849D
:10C3C000108410841084108400840084008418C6B3
:10C3D000FFFFFFFFFFFFFFFFFFFFFFFFFFFFFFFF6D
:10C3E000FFFFFFFFFFFF18C618C618C618C618C6FD
:10C3F00018C618C618C618C618C618C618C618C64D
:10C4000018C618C6108410841084108410841084F8
:10C410001084000400000000000000000000000084
:10C420000000000000000000000000000000000408
:10C43000000400040004008400840084008400845C
:10C44000008400840084008410841084108410848C
:10C45000108410841084108400000000000000008C
:10C4600000000000000400000000000000000000C8
:10C4700000000000000000000000000000000000BC
:10C4800000000000000000000000000000000000AC
:10C49000000000000000000000000000000000009C
:10C4A000000000000000000000000000000000008C
:10C4B000000000000000000000000000000000007C
:10C4C0000000000400040000000000000000000064
:10C4D0000000000000000000000000001084FFFFCA
:10C4E000FFFFFFFFFFFFFFFFFFFFFFFFFFFFFFFF5C
:10C4F000FFFFFFFFFFFFFFFFFFFFFFFFFFFFFFFF4C
:10C50000FFFFFFFFFFFFFFFFFFFFFFFFFFFFFFFF3B
:10C51000FFFFFFFFFFFFFFFFFFFFFFFFFFFFFFFF2B
:10C52000FFFFFFFFFFFFFFFFFFFFFFFFFFFFFFFF1B
:10C53000FFFFFFFFFFFFFFFFFFFFFFFFFFFFFFFF0B
:10C54000FFFFFFFFFFFFFFFFFFFFFFFFFFFFFFFFFB
:10C55000FFFFFFFFFFFFFFFFFFFFFFFFFFFFFFFFEB
:10C5600018C618C618C618C618C618C618C618C6DB
:10C5700018C618C618C618C618C6108410040004B9
:10C58000000400040004000400040004000400048B
:10C5900000040004000410841084108410841084AB
:10C5A000108410841084108400840084108418C6C1
:10C5B000FFFFFFFFFFFFFFFFFFFFFFFFFFFFFFFF8B
:10C5C000FFFFFFFF18C618C618C618C618C618C63B
:10C5D00018C618C618C618C618C618C618C618C66B
:10C5E00018C618C610841084108418C610841084CD
:10C5F00010840000000000000000000000000000A7
:10C600000000000000000000000000000000000426
:10C61000000400040004000000000000000000000E
:10C6200000840084008400840084108410841084BA
:10C63000108410841084108400040004000400049A
:10C6400000040004000400040004000400000000D2
:10C6500000000000000000000000000000000000DA
:10C6600000000000000000000000000000000000CA
:10C6700000000000000000000000000000000000BA
:10C6800000000000000000000000000000000000AA
:10C69000000000000000000000000000000000009A
:10C6A000000000000000000000000000000000008A
:10C6B000000000000000000000001084FFFFFFFFEA
:10C6C000FFFFFFFFFFFFFFFFFFFFFFFFFFFFFFFF7A
:10C6D000FFFFFFFFFFFFFFFFFFFFFFFFFFFFFFFF6A
:10C6E000FFFFFFFF18C618C618C618C618C6FFFFFA
:10C6F000FFFFFFFFFFFFFFFFFFFFFFFFFFFFFFFF4A
:10C70000FFFFFFFFFFFFFFFFFFFFFFFFFFFFFFFF39
:10C71000FFFFFFFFFFFFFFFFFFFFFFFFFFFFFFFF29
:10C72000FFFFFFFFFFFFFFFFFFFFFFFFFFFFFFFF19
:10C73000FFFFFFFFFFFFFFFFFFFF18C618C618C669
:10C7400018C618C618C618C618C618C618C618C6F9
:10C7500018C618C618C618C618C61004000000046B
:10C7600000040004000400040004000400000000B1
:10C77000000000040004100410841084108410844D
:10C78000108410841084108400840084108418C6DF
:10C79000FFFFFFFFFFFFFFFFFFFFFFFFFFFFFFFFA9
:10C7A000FFFF18C618C618C618C618C618C618C679
:10C7B00018C618C618C618C618C618C618C618C689
:10C7C00018C6108410841084108418C61084108435
:10C7D00010840000000000000000000000000000C5
:10C7E0000000000000000000000000000000000445
:10C7F0000000000400040000000000000000000031
:10C8000000040004008400840084008400841084F8
:10C8100010841084108410840004000400040004B8
:10C8200000040004000400040004000400040004E8
:10C8300000000000000000000000000000000000F8
:10C8400000000000000000000000000000000000E8
:10C8500000000000000000000000000000000000D8
:10C8600000000000000000000000000000000000C8
:10C8700000000000000000000000000000000000B8
:10C8800000000000000000000000000000000000A8
:10C8900000000000000000001084FFFFFFFFFFFF0A
:10C8A000FFFFFFFFFFFFFFFFFFFFFFFFFFFFFFFF98
:10C8B000FFFFFFFFFFFFFFFF18C618C618C618C608
:10C8C00018C618C618C618C618C618C618C618C678
:10C8D00018C618C618C618C618C618C618C6FFFF48
:10C8E000FFFFFFFFFFFFFFFFFFFFFFFFFFFFFFFF58
:10C8F000FFFFFFFFFFFFFFFFFFFFFFFFFFFFFFFF48
:10C90000FFFFFFFFFFFFFFFFFFFFFFFFFFFFFFFF37
:10C91000FFFFFFFFFFFFFFFFFFFFFFFF18C618C667
:10C9200018C618C618C618C618C618C618C618C617
:10C9300018C618C6FFFFFFFFFFFFFFFF10840000AF
:10C9400010041004000400040004000000000000B3
:10C9500000000000000400041004108410841084FF
:10C9600000841084108400840084008418C618C6D3
:10C97000FFFFFFFFFFFFFFFFFFFFFFFF18C6FFFFE7
:10C9800018C618C618C618C618C618C618C618C6B7
:10C9900018C618C618C618C618C618C618C618C6A7
:10C9A000108410841084108418C618C61084108453
:10C9B00010840000000000000000000000000000E3
:10C9C0000000000000000000000000000000000067
:10C9D0000004000400040004000400040004000437
:10C9E0000004000400040004000400040004000427
:10C9F0001004108410841084000400040004000457
:10CA00000004000400040004000400040004000406
:10CA10000004000000000000000000000000000012
:10CA20000000000000000000000000000000000006
:10CA300000000000000000000000000000000000F6
:10CA400000000000000000000000000000000000E6
:10CA500000000000000000000000000000000000D6
:10CA600000000000000000000000000000000000C6
:10CA70000000000000001084FFFFFFFFFFFFFFFF2A
:10CA8000FFFFFFFFFFFFFFFFFFFFFFFFFFFFFFFFB6
:10CA900018C618C618C618C618C618C618C618C6A6
:10CAA00018C618C618C618C618C618C618C618C696
:10CAB00018C618C618C618C618C618C618C618C686
:10CAC000FFFFFFFFFFFFFFFFFFFFFFFFFFFFFFFF76
:10CAD000FFFFFFFFFFFFFFFFFFFFFFFFFFFFFFFF66
:10CAE000FFFFFFFFFFFFFFFFFFFFFFFFFFFFFFFF56
:10CAF000FFFFFFFFFFFFFFFFFFFFFFFFFFFFFFFF46
:10CB000018C618C618C618C618C618C618C618C635
:10CB100018C618C618C618C618C618C6FFFF10844F
:10CB200000000000000400040004000000000000F9
:10CB300000000000000400041004108410840004AD
:10CB400000840084008400840084008418C618C611
:10CB5000FFFF18C6FFFFFFFFFFFFFFFF18C618C645
:10CB600018C618C618C618C618C618C618C618C6D5
:10CB700018C618C618C618C618C6108410841084A3
:10CB80001084108418C618C618C610841084108427
:10CB90000004000000000000000000000000000091
:10CBA0000000000000000000000000000000000481
:10CBB0000000000400040004000400040004000459
:10CBC0000004000400040004000400040004000445
:10CBD0000004000400040004000400040004000435
:10CBE0000004000400040004000400040004000425
:10CBF0000004000400040004000400000000000021
:10CC00000004000000000000000000000000000020
:10CC10000000000000000000000000000000000014
:10CC20000000000000000000000000000000000004
:10CC300000000000000000000000000000000000F4
:10CC400000000000000000000000000000000000E4
:10CC50000000000000001084FFFFFFFFFFFFFFFF48
:10CC6000FFFFFFFFFFFFFFFFFFFFFFFF18C618C614
:10CC700018C618C618C618C618C618C618C618C6C4
:10CC800018C618C618C618C618C618C618C618C6B4
:10CC900018C618C618C618C618C618C618C618C6A4
:10CCA00018C618C618C618C618C618C618C6FFFF74
:10CCB000FFFFFFFFFFFFFFFFFFFFFFFFFFFFFFFF84
:10CCC000FFFFFFFFFFFFFFFFFFFFFFFFFFFFFFFF74
:10CCD000FFFFFFFFFFFFFFFFFFFFFFFFFFFFFFFF64
:10CCE000FFFF18C618C618C618C618C618C618C634
:10CCF00018C618C618C618C618C618C618C6FFFF24
:10CD000018C61084000000040000000000000000AD
:10CD10000000000000000004000400000004000403
:10CD200000040004008400840004108418C618C69F
:10CD300018C618C618C618C618C618C618C618C603
:10CD400018C618C618C618C618C618C618C618C6F3
:10CD500018C618C618C618C610841084108410840B
:10CD60001084108418C618C610841084108410848F
:10CD700000000000000400000004000400040000A3
:10CD8000000000000000000000000000000400009F
:10CD90000004000400040004000400040004000473
:10CDA0000004000400040004000400040004000463
:10CDB0000004000400040004000400040004000453
:10CDC0000004000400040004000400040004000443
:10CDD0000004000400040004000400040004000433
:10CDE0000004000400040004000400040004000027
:10CDF0000000000000000000000000000000000033
:10CE00000000000000000000000000000000000022
:10CE10000000000000000000000000000000000012
:10CE20000000000000000000000000000000000002
:10CE300000000000000018C6FFFFFFFFFFFFFFFF1C
:10CE4000FFFFFFFFFFFFFFFF18C618C618C618C672
:10CE500018C618C618C618C618C618C618C618C6E2
:10CE600018C618C618C618C618C618C618C618C6D2
:10CE700018C618C618C618C618C618C618C618C6C2
:10CE800018C618C618C618C618C618C618C618C6B2
:10CE9000FFFFFFFFFFFFFFFFFFFFFFFFFFFFFFFFA2
:10CEA000FFFFFFFFFFFFFFFFFFFFFFFFFFFFFFFF92
:10CEB000FFFFFFFFFFFFFFFFFFFFFFFFFFFFFFFF82
:10CEC000FFFFFFFFFFFF18C618C618C618C618C612
:10CED00018C618C618C618C618C618C618C618C662
:10CEE00018C618C6108400000000000000000000F2
:10CEF000000000000000000000000000000000042E
:10CF000000040004000400040004108418C618C6BD
:10CF100018C618C6FFFFFFFF18C618C618C618C6E1
:10CF200018C618C618C618C618C618C618C618C611
:10CF300018C618C618C618C618C6108410841084DF
:10CF400010841084108410841084108410840004D1
:10CF500000040004000400040004000400040004B1
:10CF600000040004000000000000000000000004B5
:10CF70000004000400040004000400040004000491
:10CF80000004000400040004000400040004000481
:10CF90000004000400040004000400040004000471
:10CFA0000004000400040004000400040004000461
:10CFB0000004000400040004000400040004000451
:10CFC0000004000400040004000400040004000441
:10CFD0000000000000000000000000000000000051
:10CFE0000000000000000000000000000000000041
:10CFF0000000000000000000000000000000000031
:10D000000000000000000000000000000000000020
:10D010000000100018C6FFFFFFFFFFFFFFFFFFFF2C
:10D02000FFFF18C618C618C618C618C618C618C6F0
:10D0300018C618C618C618C618C618C618C618C600
:10D0400018C618C618C618C618C618C618C618C6F0
:10D0500018C618C618C618C618C618C618C618C6E0
:10D0600018C618C618C618C618C618C618C618C6D0
:10D0700018C618C6FFFFFFFFFFFFFFFFFFFFFFFF00
:10D08000FFFFFFFFFFFFFFFFFFFFFFFFFFFFFFFFB0
:10D09000FFFFFFFFFFFFFFFFFFFFFFFFFFFFFFFFA0
:10D0A000FFFFFFFFFFFFFFFF18C618C618C618C610
:10D0B00018C618C618C618C618C618C618C618C680
:10D0C00018C618C618C610040000000000000000B2
:10D0D000000000000000000000000000000000044C
:10D0E00000040004000400040004108418C618C6DC
:10D0F00018C618C618C618C618C618C618C618C640
:10D1000018C618C618C618C618C618C618C618C62F
:10D1100018C618C618C618C618C618C610841084B3
:10D1200010841084108410841084108400840004FF
:10D1300000040004000400040004000400040004CF
:10D1400000040004000000000000000000040004CF
:10D1500000040004000400040004000400040004AF
:10D16000000400040004000400040004000400049F
:10D17000000400040004000400040004000400048F
:10D1800000040004000400840004000400040004FF
:10D19000000400040004000400040004000400046F
:10D1A000000400040004000400040004000400045F
:10D1B000000400000000000000000000000000006B
:10D1C000000000000000000000000000000000005F
:10D1D000000000000000000000000000000000004F
:10D1E000000000000000000000000000000000003F
:10D1F0001084FFFFFFFFFFFFFFFFFFFFFFFFFFFFA9
:10D20000FFFF18C618C618C618C618C618C618C60E
:10D2100018C618C618C618C618C618C618C618C61E
:10D2200018C618C618C618C618C618C618C618C60E
:10D2300018C618C618C618C618C618C618C618C6FE
:10D2400018C618C618C618C618C618C618C618C6EE
:10D2500018C618C618C6FFFFFFFFFFFFFFFFFFFF3E
:10D26000FFFFFFFFFFFFFFFFFFFFFFFFFFFFFFFFCE
:10D27000FFFFFFFFFFFFFFFFFFFFFFFFFFFFFFFFBE
:10D28000FFFFFFFFFFFFFFFFFFFF18C618C618C60E
:10D2900018C618C618C618C618C618C618C618C69E
:10D2A00018C618C618C6108410040000000000003C
:10D2B000000000000000000000000000000000006E
:10D2C00000040004000400040004108418C618C6FA
:10D2D00018C618C618C618C618C618C618C618C65E
:10D2E00018C618C618C618C618C618C618C618C64E
:10D2F00018C618C618C618C6108410841084108466
:10D30000108410841084108410841084000400049D
:10D3100000040004000400040004000400040004ED
:10D3200000040004000400000000000000000004ED
:10D3300000040004000400040004000400040004CD
:10D3400000040004000400040004000400040004BD
:10D3500000040004000400040004000400040004AD
:10D36000000400040004008400840084000400041D
:10D37000000400040004000400040004000400048D
:10D38000000400040004000400040004000400047D
:10D390000004000400000000000000000000000085
:10D3A000000000000000000000000000000000007D
:10D3B000000000000000000000000000000000006D
:10D3C000000000000000000000000000100418C66B
:10D3D000FFFFFFFFFFFFFFFFFFFFFFFFFFFF18C67D
:10D3E00018C618C618C618C618C618C618C618C64D
:10D3F00018C618C618C618C618C618C618C618C63D
:10D4000018C618C618C618C618C618C618C618C62C
:10D4100018C618C618C618C618C618C618C618C61C
:10D4200018C618C618C618C618C618C610841084A0
:10D4300010841084108418C618C6FFFFFFFFFFFF7A
:10D44000FFFFFFFFFFFFFFFFFFFFFFFFFFFFFFFFEC
:10D45000FFFFFFFFFFFFFFFFFFFFFFFFFFFFFFFFDC
:10D46000FFFFFFFFFFFFFFFFFFFFFFFF18C6108456
:10D47000108418C618C618C618C618C618C618C606
:10D4800018C618C618C618C6108400000000000090
:10D49000000000000000000000000000000000008C
:10D4A00000040004000400040004108418C618C618
:10D4B00018C618C618C618C618C618C618C618C67C
:10D4C00018C618C618C618C618C618C618C618C66C
:10D4D00018C618C618C618C6108410841084108484
:10D4E00010841084108410841084008400040004CC
:10D4F000000400040004000400040004000400040C
:10D500000004000400040004000400000000000403
:10D5100000040004000400040004000400040004EB
:10D5200000040004000400040004000400040004DB
:10D5300000040004000400040004000400040004CB
:10D5400000040004000400040084008400040004BB
:10D5500000040004000400040004000400040004AB
:10D56000008400040004000400040004000400041B
:10D5700000040004000000000000000000000000A3
:10D58000000000000000000000000000000000009B
:10D59000000000000000000000000000000000008B
:10D5A0000000000000001004108418C618C6FFFF19
:10D5B000FFFFFFFFFFFF18C618C618C618C618C61B
:10D5C00018C618C618C618C618C618C618C618C66B
:10D5D00018C618C618C618C618C618C618C618C65B
:10D5E00018C618C618C618C618C618C618C618C64B
:10D5F00018C618C618C618C618C618C618C618C63B
:10D6000018C618C618C618C618C618C618C6108474
:10D6100010841084108418C618C618C6FFFFFFFFB8
:10D62000FFFFFFFFFFFFFFFFFFFFFFFFFFFFFFFF0A
:10D63000FFFFFFFFFFFFFFFFFFFFFFFFFFFFFFFFFA
:10D64000FFFFFFFFFFFFFFFFFFFFFFFFFFFF108454
:10D6500010041084108418C618C618C618C618C638
:10D6600018C618C618C618C610841000000000009E
:10D6700000000000000000000000000000000004A6
:10D6800000040004000400040004008418C618C646
:10D6900018C618C618C618C618C618C618C618C69A
:10D6A00018C618C618C618C618C618C618C618C68A
:10D6B00018C618C618C610841084108410841084EC
:10D6C000108410841084108410840004000400046A
:10D6D000000400040004000400040004000400042A
:10D6E0000004000400040004000400000000000422
:10D6F000000400040004000400040004000400040A
:10D7000000040004000400040004000400040004F9
:10D7100000040004000400040004000400040004E9
:10D7200000040004000400040004000400040004D9
:10D7300000040004000400040004000400040004C9
:10D7400000040004000400040004000400040004B9
:10D7500000040004000000000000000000000000C1
:10D7600000000000000000000000000000000000B9
:10D7700000000000000000000000000000000000A9
:10D78000000010041084FFFFFFFFFFFFFFFFFFFFFB
:10D79000FFFFFFFFFFFFFFFF18C618C618C618C619
:10D7A00018C618C618C618C618C618C618C618C689
:10D7B00018C618C618C618C618C618C618C618C679
:10D7C00018C618C618C618C618C618C618C618C669
:10D7D00018C618C618C618C618C618C618C618C659
:10D7E00018C618C618C618C618C618C618C618C649
:10D7F00018C618C618C618C618C618C618C618C639
:10D80000FFFFFFFFFFFFFFFFFFFFFFFFFFFFFFFF28
:10D81000FFFFFFFFFFFFFFFFFFFFFFFFFFFFFFFF18
:10D82000FFFFFFFFFFFFFFFFFFFFFFFFFFFF18C628
:10D8300010840000100410841084108418C618C6C8
:10D8400018C618C618C618C618C61004100000005E
:10D8500000000000000000000000000000000004C4
:10D86000000400040004000400040084108418C6AE
:10D8700018C618C618C618C618C618C618C618C6B8
:10D8800018C618C618C618C618C618C618C618C6A8
:10D8900018C618C610841084108410841084108454
:10D8A0001084108410841084008400040004000498
:10D8B0000004000400040004000400040004000448
:10D8C000000400040004000000000000000000004C
:10D8D000000000040004000400040004000400042C
:10D8E0000004000400040004000400000000000024
:10D8F0000000000000000000000400040004000418
:10D9000000040004000400040004000400040004F7
:10D9100000040004000400040004000400040004E7
:10D920000004008400840084000400040004000457
:10D9300000040004000000000000000000000000DF
:10D9400000000000000000000000000000000000D7
:10D9500000000000000000000000000000000000C7
:10D960001084FFFFFFFFFFFFFFFFFFFFFFFFFFFF31
:10D97000FFFFFFFFFFFFFFFF18C618C618C618C637
:10D9800018C618C618C618C618C618C618C618C6A7
:10D9900018C618C618C618C618C618C618C618C697
:10D9A00018C618C618C618C618C618C618C618C687
:10D9B00018C618C618C618C618C618C618C618C677
:10D9C00018C618C618C618C618C618C618C618C667
:10D9D00018C618C618C618C618C618C618C618C657
:10D9E00018C6FFFFFFFFFFFFFFFFFFFFFFFFFFFF67
:10D9F000FFFFFFFFFFFFFFFFFFFFFFFFFFFFFFFF37
:10DA0000FFFFFFFFFFFFFFFFFFFFFFFFFFFFFFFF26
:10DA100018C61084000000000000108410841084D8
:10DA200018C618C618C618C618C6108410000000FC
:10DA300000000000000000000000000000000000E6
:10DA4000000400041004000400040004108418C63C
:10DA500018C618C618C618C618C618C618C618C6D6
:10DA600018C610841084108418C618C618C618C6A4
:10DA70001084108410841084108410841084108406
:10DA8000108410841084108400040000000400043A
:10DA90000004000400040004000400040004000466
:10DAA000000400040004000000000000000000006A
:10DAB0000000000000040000000400040004000452
:10DAC000000400040000000000000000000000004E
:10DAD0000000000000000000000400040004000436
:10DAE0000004000400040004000400040004000416
:10DAF0000004000400040004000400040004000406
:10DB000000040004000400040004000400040004F5
:10DB100000040004000000000000000000000000FD
:10DB200000000000000000000000000000000000F5
:10DB30000000000000000000000000001084FFFF53
:10DB4000FFFFFFFFFFFFFFFFFFFFFFFFFFFFFFFFE5
:10DB5000FFFF18C618C618C618C618C618C618C6B5
:10DB600018C618C618C618C618C618C618C618C6C5
:10DB700018C618C618C618C618C618C618C618C6B5
:10DB800018C618C618C618C618C618C618C618C6A5
:10DB900018C618C618C618C618C618C618C618C695
:10DBA00018C618C618C618C618C618C618C618C685
:10DBB00018C618C618C618C618C618C618C618C675
:10DBC00018C618C6FFFFFFFFFFFFFFFFFFFFFFFFA5
:10DBD000FFFFFFFFFFFFFFFFFFFFFFFFFFFFFFFF55
:10DBE000FFFFFFFFFFFFFFFFFFFFFFFFFFFFFFFF45
:10DBF000FFFFFFFF18C6108400040000000410049B
:10DC0000108418C618C618C618C610840000000074
:10DC10000000000000000000000000000000000004
:10DC2000000400040004000400840084008418C67A
:10DC300018C618C618C618C618C618C618C610843E
:10DC400010841084108410841084108418C618C6A0
:10DC50001084108410841084108410841084108424
:10DC60001084108410840084000400040004000464
:10DC70000004000400040004000400040004000484
:10DC80000004000400040000000000000000000088
:10DC90000000000400000000000400040004000470
:10DCA000000400040000000000000000000000006C
:10DCB0000000000000000000000400040004000454
:10DCC0000004000400040004000400040004000434
:10DCD0000004000400040004000400040004000424
:10DCE0000004000400040004000400040004000414
:10DCF0000004000000000000000000000000000020
:10DD00000000000000000000000000000000000013
:10DD1000000000000000000000001084FFFFFFFF73
:10DD2000FFFFFFFFFFFFFFFF18C6FFFF18C618C663
:10DD300018C618C618C618C618C618C618C618C6F3
:10DD400018C618C618C618C618C618C618C618C6E3
:10DD500018C618C618C618C618C618C618C618C6D3
:10DD600018C618C618C618C6FFFFFFFFFFFF18C663
:10DD700018C618C618C618C618C618C618C618C6B3
:10DD800018C618C618C618C618C618C618C618C6A3
:10DD900018C618C618C618C618C618C618C618C693
:10DDA00018C618C618C6FFFFFFFFFFFFFFFFFFFFE3
:10DDB000FFFFFFFFFFFFFFFFFFFFFFFFFFFFFFFF73
:10DDC000FFFFFFFFFFFFFFFFFFFFFFFFFFFFFFFF63
:10DDD000FFFF18C6FFFFFFFF18C610040000000079
:10DDE0000000108418C618C618C610840004000469
:10DDF000000400040000000000000000000000001B
:10DE0000000000040004000400040004108418C68C
:10DE100018C618C618C618C610841084108410843A
:10DE20001084108410841084108410841084108452
:10DE30001084108410841084108410841084108442
:10DE40001084108400840004000000040004000416
:10DE500000040004000400040004000400040004A2
:10DE600000040004000000000000000000000000AA
:10DE7000000000000004000400040004000400048A
:10DE8000000400040000000000000000000000008A
:10DE90000000000000000000000400040004000472
:10DEA0000004000400040004000400040004000452
:10DEB0000004000400040004000400040004000442
:10DEC0000004000400040004000400040004000432
:10DED000000400040000000000000000000000003A
:10DEE0000000000000000000000000000000000032
:10DEF000000000000000000018C6FFFFFFFFFFFF4A
:10DF0000FFFFFFFF18C618C618C618C618C618C6E1
:10DF100018C618C618C618C618C618C618C618C611
:10DF200018C618C618C618C618C618C618C618C601
:10DF300018C618C618C618C618C618C618C618C6F1
:10DF400018C6FFFFFFFFFFFFFFFF18C618C618C661
:10DF500018C618C618C618C618C618C618C618C6D1
:10DF600018C618C618C618C618C618C618C6FFFFA1
:10DF7000FFFFFFFFFFFFFFFFFFFFFFFF18C618C6F1
:10DF800018C618C618C618C618C6FFFFFFFFFFFF41
:10DF9000FFFFFFFFFFFFFFFFFFFFFFFFFFFFFFFF91
:10DFA000FFFFFFFFFFFFFFFFFFFFFFFFFFFFFFFF81
:10DFB000FFFFFFFF18C618C6FFFFFFFFFFFF10841B
:10DFC000100000001084108418C61084000400049F
:10DFD0000004000400040000000000000000000035
:10DFE000000000040004000400840084108418C6AB
:10DFF00018C618C618C618C6108418C6108410840F
:10E000001084108410841084108410841084108470
:10E010001084108410841084108410841084108460
:10E0200010840084000000000004000000000004D0
:10E0300000040004000400040004000400040004C0
:10E0400000040004000000000000000000000000C8
:10E0500000040004000400040004000400040004A0
:10E0600000040000000400000000000000000000A8
:10E070000000000000000000000400040004000490
:10E080000004000400040004000400040004000470
:10E090000004000400040004000400040004000460
:10E0A0000004000400040004000400040004000450
:10E0B0000000000000000000000000000000000060
:10E0C0000000000000000000000000000000000050
:10E0D0000000000000001084FFFFFFFFFFFF18C6D4
:10E0E00018C618C618C618C618C618C618C618C640
:10E0F00018C618C618C618C618C618C618C618C630
:10E1000018C618C618C618C618C618C618C618C61F
:10E1100018C618C618C618C618C618C618C618C60F
:10E12000FFFFFFFFFFFFFFFF18C618C618C618C67F
:10E1300018C618C618C618C618C618C618C618C6EF
:10E1400018C618C618C618C618C618C6FFFFFFFF9F
:10E15000FFFFFFFFFFFFFFFFFFFFFFFF18C618C60F
:10E1600018C618C618C618C618C618C6FFFFFFFF7F
:10E17000FFFFFFFFFFFFFFFFFFFFFFFFFFFFFFFFAF
:10E18000FFFFFFFFFFFFFFFFFFFFFFFFFFFFFFFF9F
:10E19000FFFF18C618C618C618C618C6FFFFFFFF2F
:10E1A00018C61004000418C618C610840004000421
:10E1B0000004000400000000000000000000000453
:10E1C000000400040004000400840084108418C6C5
:10E1D00018C618C618C618C618C618C610841084E3
:10E1E000108410841084108410841084108410848F
:10E1F000108410841084108410841084108410847F
:10E20000008400040000000000000004000000047E
:10E2100000040004000400040004000400040004DE
:10E2200000040004000000000000000000000000E6
:10E2300000000000000400040004000400040004C6
:10E2400000000000000000000000000000000000CE
:10E2500000000000000000000004000400040004AE
:10E26000000400040004000400040004000400048E
:10E27000000400040004000400040004000400047E
:10E28000000400040004000400040004000400046E
:10E29000000000000000000000000000000000007E
:10E2A000000000000000000000000000000000006E
:10E2B00000000000000018C6FFFFFFFF18C618C6C8
:10E2C00018C618C618C618C618C618C618C618C65E
:10E2D00018C618C618C618C618C618C618C618C64E
:10E2E00018C618C618C618C618C618C618C618C63E
:10E2F00018C618C618C618C618C618C618C6FFFF0E
:10E30000FFFFFFFFFFFF18C618C618C618C618C6BD
:10E3100018C618C618C618C618C618C618C618C60D
:10E3200018C618C618C618C618C6FFFFFFFFFFFF9D
:10E33000FFFFFFFFFFFFFFFFFFFFFFFF18C618C62D
:10E3400018C618C618C618C618C618C618C618C6DD
:10E35000FFFFFFFFFFFFFFFFFFFFFFFFFFFFFFFFCD
:10E36000FFFFFFFFFFFFFFFFFFFFFFFFFFFFFFFFBD
:10E37000FFFF18C618C618C618C618C618C618C68D
:10E38000FFFF18C6108410841084100410040004C9
:10E390000004000400000000000000000000000471
:10E3A00000040004000410840000108418C618C67D
:10E3B00018C618C618C618C618C618C61084108401
:10E3C00010841084108410841084108410841084AD
:10E3D00010841084108410841084108410840084AD
:10E3E000000000000000000000000000000000002D
:10E3F00000040004000400040004000400040004FD
:10E400000004000000000000000000000000000008
:10E4100000040004000400040004000400040004DC
:10E4200000040004000000000000000000000000E4
:10E4300000000000000000000004000400040004CC
:10E4400000040004000400040004000400040004AC
:10E45000000400040004000400040004000400049C
:10E46000000400040004000400040004000400048C
:10E47000000000000000000000000000000000009C
:10E48000000000000000000000000000000000008C
:10E49000000000001084FFFFFFFFFFFFFFFF18C612
:10E4A00018C618C618C618C618C618C618C618C67C
:10E4B00018C618C618C618C618C618C618C618C66C
:10E4C00018C618C618C618C618C618C618C618C65C
:10E4D00018C618C618C618C618C618C6FFFFFFFF0C
:10E4E000FFFFFFFF18C618C618C618C618C618C6FC
:10E4F00018C618C618C618C618C618C618C618C62C
:10E5000018C618C618C618C6FFFFFFFFFFFFFFFF9B
:10E51000FFFFFFFFFFFFFFFFFFFFFFFFFFFF18C62B
:10E5200018C618C618C618C618C618C618C618C6FB
:10E5300018C618C6FFFFFFFFFFFFFFFFFFFFFFFF2B
:10E54000FFFFFFFFFFFFFFFFFFFFFFFFFFFFFFFFDB
:10E55000FFFF18C618C618C618C618C618C618C6AB
:10E5600018C618C6FFFF18C61004100410040004D3
:10E57000000400040000000000000000000400048B
:10E580000004000400040004108418C618C618C64D
:10E5900018C618C618C618C618C610841084108469
:10E5A00010841084108410841084108410841084CB
:10E5B000108410840084008400841084008400008F
:10E5C000000000000000000000000004000400043F
:10E5D000000400040004000400040004000400041B
:10E5E000000000000000000000000000000000002B
:10E5F00000000004000400040004000400040004FF
:10E600000004000400000000000000000000000002
:10E6100000000000000000040004000400040004E6
:10E6200000040004000400040004000400040004CA
:10E6300000040004000400040004000400040004BA
:10E6400000040004000400040004000400000000B2
:10E6500000000000000000000000000000000000BA
:10E6600000000000000000000000000000000000AA
:10E6700000000000108418C6FFFFFFFFFFFFFFFF30
:10E68000FFFFFFFFFFFFFFFFFFFFFFFF18C618C6DA
:10E6900018C618C618C618C618C618C618C618C68A
:10E6A00018C618C618C618C618C618C618C618C67A
:10E6B00018C618C618C618C618C6FFFFFFFFFFFF0A
:10E6C00018C6FFFF18C618C618C618C618C618C63A
:10E6D00018C618C618C618C618C618C618C618C64A
:10E6E00018C618C618C618C6FFFFFFFFFFFFFFFFBA
:10E6F000FFFFFFFFFFFFFFFFFFFFFFFFFFFFFFFF2A
:10E7000018C618C618C618C618C618C618C618C619
:10E7100018C618C618C618C6FFFFFFFFFFFFFFFF89
:10E72000FFFFFFFFFFFFFFFFFFFFFFFFFFFFFFFFF9
:10E73000FFFF18C618C618C618C618C618C618C6C9
:10E7400018C618C618C6FFFF18C6108400000000BF
:10E7500000040004000400040000000000040004A1
:10E760000004000400040004108418C618C618C66B
:10E7700018C618C618C618C618C610841084108487
:10E7800010841084108410841084108410841084E9
:10E790000084008400840084008400840000000061
:10E7A0000000000000000000000400040004000459
:10E7B0000004000400040004000000000000000049
:10E7C0000000000000000000000000000000000049
:10E7D0000004000400040004000400040004000419
:10E7E0000004000400040004000000000000000019
:10E7F0000000000000040004000400040004000401
:10E8000000040004000400040004000400040004E8
:10E8100000040004000400040004000400040004D8
:10E8200000040004000400040004000000000000D4
:10E8300000000000000000000000000000000004D4
:10E8400000040004000400000000000000000000BC
:10E8500000000000000018C6FFFFFFFFFFFFFFFFE2
:10E86000FFFFFFFFFFFFFFFFFFFFFFFF18C618C6F8
:10E8700018C618C618C618C618C618C618C618C6A8
:10E8800018C618C618C618C618C618C618C618C698
:10E8900018C618C618C618C6FFFFFFFFFFFFFFFF08
:10E8A00018C618C618C618C618C618C618C618C678
:10E8B00018C618C618C618C618C618C618C618C668
:10E8C00018C618C618C6FFFFFFFFFFFFFFFFFFFFB8
:10E8D000FFFFFFFFFFFFFFFFFFFFFFFFFFFFFFFF48
:10E8E000FFFF18C618C618C618C618C618C618C618
:10E8F00018C618C618C618C618C618C618C6FFFF08
:10E90000FFFFFFFFFFFFFFFFFFFFFFFFFFFFFFFF17
:10E91000FFFFFFFF18C618C618C618C618C618C6C7
:10E9200018C618C618C618C6FFFF18C610840000FF
:10E9300000000004000400040000000000040004C3
:10E94000000400040004108418C618C618C618C6AF
:10E9500018C618C618C618C61084108410841084EF
:10E960001084108410841084108410841084108407
:10E970001084108400840084000000000000000067
:10E98000000000000004000400040004000400046F
:10E99000000400040004000000000000000000006B
:10E9A0000000000000000000000000000000000067
:10E9B0000004000400040004000400040004000437
:10E9C000000400040004000400040000000000042F
:10E9D0000004000400040004000400040004000417
:10E9E000000400040004000400040004000400000B
:10E9F0000000000000000000000400040004000407
:10EA000000040004000400000000000000000000FA
:10EA100000000000000000000004000400040004E6
:10EA200000040004000400040000000000000000D6
:10EA30000000000000001084FFFFFFFFFFFFFFFF4A
:10EA4000FFFF18C618C618C618C618C618C618C6B6
:10EA500018C618C618C618C618C618C618C618C6C6
:10EA600018C618C618C618C618C618C618C618C6B6
:10EA700018C618C618C6FFFFFFFFFFFFFFFFFFFF06
:10EA800018C618C618C618C618C618C618C618C696
:10EA900018C618C618C618C618C6108418C618C6D0
:10EAA00018C618C618C6FFFFFFFFFFFFFFFFFFFFD6
:10EAB000FFFFFFFFFFFFFFFFFFFFFFFFFFFFFFFF66
:10EAC000FFFF18C618C618C618C618C618C618C636
:10EAD00018C618C618C618C618C618C618C618C646
:10EAE000FFFFFFFFFFFFFFFFFFFFFFFFFFFFFFFF36
:10EAF000FFFFFFFFFFFF18C618C618C618C618C6C6
:10EB000018C618C618C618C618C6FFFFFFFF10841F
:10EB100000000000000400040004000400000000E5
:10EB200000840084108418C618C618C618C618C6F3
:10EB300018C618C618C618C618C6108410841084C3
:10EB40001084108410841084008400840084008465
:10EB500000840084000000000000000000000000AD
:10EB60000004000400040004000400040004000485
:10EB7000000400040004000400040004000000007D
:10EB80000000000000000000000000000000000085
:10EB90000000000400040004000400040004000459
:10EBA0000004000400040004000400040004000445
:10EBB0000004000400040004000400040004000039
:10EBC0000004000000000000000000000000000041
:10EBD0000000000000000004000400040004000421
:10EBE0000004000400040000000000000000000019
:10EBF0000000000000000000000400040004000405
:10EC000000040004000400040004000000000000F0
:10EC1000000400000000108418C6108410841084C2
:10EC200018C618C618C618C618C618C618C618C6F4
:10EC300018C618C618C618C618C618C618C618C6E4
:10EC400018C618C618C618C618C618C618C618C6D4
:10EC500018C618C618C6FFFFFFFFFFFFFFFFFFFF24
:10EC600018C618C618C618C618C618C618C618C6B4
:10EC700018C618C618C618C618C618C618C61084EE
:10EC800018C618C618C6FFFFFFFFFFFFFFFFFFFFF4
:10EC9000FFFFFFFFFFFFFFFFFFFFFFFFFFFFFFFF84
:10ECA000FFFFFFFF18C618C618C618C618C618C634
:10ECB00018C618C618C618C618C618C618C618C664
:10ECC00018C618C618C6FFFFFFFFFFFFFFFFFFFFB4
:10ECD00018C618C618C6FFFFFFFF18C618C618C604
:10ECE00018C618C618C618C618C618C618C6FFFF14
:10ECF00018C60004000000040004000000000084A6
:10ED000010841084108418C618C618C618C618C6F1
:10ED100018C618C618C61084108410841084108475
:10ED2000108410841084108400840084000000008B
:10ED300000000000000000000000000000000000D3
:10ED400000040004000400040004000400040004A3
:10ED5000000400040004000400040004000000009B
:10ED600000000000000000000000000000000000A3
:10ED70000000000400040004000400040004000477
:10ED80000004000400040004000400040004000463
:10ED90000000000400040004000000000000000067
:10EDA0000000000000000000000000000000000063
:10EDB000000000000000000000040000000000004F
:10EDC0000000000000000000000000000000000043
:10EDD000000000000004000400040004000400041B
:10EDE000000400040004000400040004000000000B
:10EDF000000400000000108418C610840000000009
:10EE00000000000010841084108418C618C618C6AC
:10EE100018C618C618C618C618C618C618C618C602
:10EE200018C618C618C618C618C618C618C618C6F2
:10EE3000108418C6FFFF18C6FFFFFFFFFFFF18C6AC
:10EE400018C618C618C618C618C618C618C618C6D2
:10EE500018C618C618C618C618C618C618C618C6C2
:10EE600018C618C618C6FFFFFFFFFFFFFFFFFFFF12
:10EE7000FFFFFFFFFFFFFFFFFFFFFFFFFFFFFFFFA2
:10EE8000FFFFFFFFFFFF18C618C618C618C618C632
:10EE900018C618C618C618C618C618C618C618C682
:10EEA00018C618C618C618C618C6FFFFFFFFFFFF12
:10EEB00018C618C618C618C618C6FFFFFFFF18C622
:10EEC00018C618C618C618C618C618C618C618C652
:10EED000FFFF108400000000000000040084108484
:10EEE00010840084108418C618C618C618C618C620
:10EEF00018C618C618C61084108410841084108494
:10EF000000840084108400840004000000000000DD
:10EF100000000000000000000000000000000004ED
:10EF20000004000400040084008400840004000441
:10EF300000040004000400040004000400040004B1
:10EF400000040000000000000000000000000000BD
:10EF50000000000400040004000400040004000495
:10EF60000004000400040004000400040004000085
:10EF70000000000000000000000000000000000091
:10EF80000000000000000000000000000000000081
:10EF90000000000000000000000000000000000071
:10EFA0000000000000000000000000000000000061
:10EFB000000000000000000400040004000400043D
:10EFC0000004000400040004000400040004000025
:10EFD0000000000000000000000000000000000031
:10EFE00000000000000000000000000010841084F9
:10EFF0001084008410841084108410841084108481
:10F0000010841084000400000000000000000000D4
:10F01000000018C6FFFFFFFFFFFFFFFFFFFF18C63E
:10F0200018C618C618C618C618C618C618C618C6F0
:10F0300018C618C618C618C618C618C618C618C6E0
:10F0400018C618C618C6FFFFFFFFFFFFFFFFFFFF30
:10F05000FFFFFFFFFFFFFFFFFFFFFFFFFFFFFFFFC0
:10F06000FFFFFFFFFFFF18C618C618C618C618C650
:10F0700018C618C618C618C618C618C618C618C6A0
:10F0800018C618C618C618C618C618C618C618C690
:10F0900018C618C618C618C618C618C6FFFFFFFF40
:10F0A00018C618C618C618C618C618C618C618C670
:10F0B00018C6FFFF108400000004008418C60084F6
:10F0C0000084108418C618C618C618C618C618C6F4
:10F0D00018C618C61084108410841084108400840C
:10F0E0000084008400840004000000000000000090
:10F0F0000000000000000000000000040004000404
:10F10000008410841084108410841084108410846F
:10F11000108410041084108400040004000400040F
:10F1200000040004000000000000000000000000D7
:10F1300000040004000400040004000400040004AF
:10F1400000040004000400040004000000000000AB
:10F1500000000000000000000000000000000000AF
:10F16000000000000000000000000000000000009F
:10F17000000000000000000000000000000000008F
:10F18000000000000000000000000000000000007F
:10F190000000000400040004000400040004000453
:10F1A0000004000400040004000400040000000047
:10F1B000000000000000000000000000000000004F
:10F1C000000000000000000000000000000000003F
:10F1D000000000000000000000000000000000002F
:10F1E000000000000000000000000000000000001F
:10F1F00018C6FFFFFFFFFFFFFFFFFFFF18C618C67F
:10F2000018C618C618C618C618C618C618C618C60E
:10F2100018C618C618C618C618C618C618C618C6FE
:10F2200018C618C618C6FFFFFFFFFFFFFFFFFFFF4E
:10F23000FFFFFFFFFFFFFFFFFFFFFFFFFFFFFFFFDE
:10F24000FFFFFFFFFFFF18C618C618C618C618C66E
:10F25000108418C618C618C618C618C618C618C608
:10F2600018C618C618C618C618C618C618C618C6AE
:10F2700018C618C618C618C618C618C618C6FFFF7E
:10F28000FFFFFFFF18C618C618C618C618C618C64E
:10F2900018C618C6FFFF18C61084108400840084A6
:10F2A000008418C618C618C618C618C618C618C6C8
:10F2B00018C61084108410840084008400840084A4
:10F2C0000084008400000000000000000000000036
:10F2D000000000000000000000040004000400041E
:10F2E000108410841084108410841084108410847E
:10F2F00010841084108410841084108410840004FE
:10F3000000040004000400040000000000000000ED
:10F3100000040004000400040004000400040004CD
:10F3200000040004000000000000000000000000D5
:10F3300000000000000000000000000000000000CD
:10F3400000000000000000000000000000000000BD
:10F3500000000000000000000000000000000000AD
:10F36000000000000000000000000000000000009D
:10F370000000000400040004000400040004000471
:10F380000004000400040004000400040000000065
:10F39000000000000000000000000000000000006D
:10F3A000000000000000000000000000000000005D
:10F3B000000000000000000000000000000000004D
:10F3C00000000000000000000000000000001084A9
:10F3D000FFFFFFFFFFFFFFFFFFFF18C618C618C69D
:10F3E00018C618C618C618C618C618C618C618C62D
:10F3F00018C618C618C618C618C618C618C618C61D
:10F4000018C618C618C6FFFFFFFFFFFFFFFFFFFF6C
:10F41000FFFFFFFFFFFFFFFFFFFFFFFFFFFFFFFFFC
:10F42000FFFFFFFFFFFFFFFF18C618C618C618C66C
:10F4300018C618C618C618C618C618C618C618C6DC
:10F4400018C618C618C618C618C618C618C618C6CC
:10F4500018C618C618C618C618C618C618C6FFFF9C
:10F46000FFFFFFFFFFFF18C618C618C618C618C64C
:10F4700018C618C618C618C618C6008400840084AA
:10F48000108418C618C618C618C618C618C618C6D6
:10F49000108410840084008400840084008400842C
:10F4A00000840004000000000000000000000000D4
:10F4B000000000000000000000040004008410842C
:10F4C000108410841084108410841084108410849C
:10F4D000108410841084108410841084108410848C
:10F4E0000004000400040004000400000000000008
:10F4F00000000000000400040004000400040004F4
:10F5000000040000000000000000000000000000F7
:10F5100000000000000000000000000000000000EB
:10F5200000000000000000000000000000000000DB
:10F5300000000000000000000000000000000000CB
:10F5400000000000000000000000000000000000BB
:10F55000000000040004000400040004000400048F
:10F56000000400040004000400040004000400007F
:10F57000000000000000000000000000000000008B
:10F58000000000000000000000000000000000007B
:10F59000000000000000000000000000000000006B
:10F5A00000000000000000000000000000001084C7
:10F5B000FFFFFFFFFFFFFFFFFFFF18C618C618C6BB
:10F5C00018C618C618C618C618C618C618C618C64B
:10F5D00018C618C618C618C618C618C618C618C63B
:10F5E00018C618C618C6FFFFFFFFFFFFFFFFFFFF8B
:10F5F000FFFFFFFFFFFFFFFFFFFFFFFFFFFFFFFF1B
:10F60000FFFFFFFFFFFFFFFF18C618C618C618C68A
:10F6100018C618C618C618C618C618C618C618C6FA
:10F6200018C618C618C618C618C618C618C618C6EA
:10F6300018C618C618C618C618C618C618C618C6DA
:10F6400018C6FFFFFFFFFFFF18C618C618C618C66A
:10F6500018C618C618C618C618C6108400841084A8
:10F6600018C618C618C618C618C618C618C61084F4
:10F67000008400840084008400840084008400846A
:10F6800000840084108410840084000000000000C6
:10F6900000000000000000040004008410841084B6
:10F6A00010841084108410841084108410841084BA
:10F6B00010841084108410841084108410841084AA
:10F6C0001084108400040004000400000000000006
:10F6D0000000000000000004000400000000000022
:10F6E000000000000000000000000000000000001A
:10F6F000000000000000000000000000000000000A
:10F7000000000000000000000000000000000000F9
:10F7100000000000000000000000000000000000E9
:10F7200000000000000000000000000000000000D9
:10F7300000000004000400040004000400040004AD
:10F74000000400040004000400040004000400009D
:10F7500000000000000000000000000000000000A9
:10F760000000000000000000000000000000000099
:10F770000000000000000000000000000000000089
:10F780000000000000000000000000000004FFFF77
:10F79000FFFFFFFF18C6FFFF18C618C618C618C619
:10F7A00018C618C618C618C618C618C618C618C669
:10F7B00018C618C618C618C618C618C618C618C659
:10F7C00018C618C618C618C6FFFFFFFFFFFFFFFFC9
:10F7D000FFFFFFFFFFFFFFFFFFFFFFFFFFFFFFFF39
:10F7E000FFFFFFFFFFFFFFFFFFFF18C618C618C689
:10F7F00018C618C618C618C618C618C618C618C619
:10F8000018C618C618C618C618C618C618C618C608
:10F8100018C618C618C618C618C618C618C618C6F8
:10F8200018C618C618C6FFFFFFFF18C618C618C6A8
:10F8300018C618C618C618C618C618C6108410846C
:10F8400018C618C618C618C618C6108400840084C6
:10F850000084008400840084008400840084008488
:10F860000084008400840084000400000000000084
:10F8700000000000000000040004008410841084D4
:10F8800010841084108410841084108410841084D8
:10F8900010841084108410841084108410841084C8
:10F8A0001084108400040004000400000000000024
:10F8B000000000000000000400040000000400003C
:10F8C0000000000000000000000000000000000038
:10F8D0000000000000000000000000000000000028
:10F8E0000000000000000000000000000000000018
:10F8F0000000000000000000000000000000000008
:10F9000000000000000000000000000000000000F7
:10F9100000000004000400040004000400040004CB
:10F9200000040004000400040004000400040000BB
:10F9300000000000000000000000000000000000C7
:10F9400000000000000000000000000000000000B7
:10F9500000000000000000000000000000000000A7
:10F9600000000000000000000000000018C6FFFFBB
:10F97000FFFFFFFF18C6FFFF18C618C618C618C637
:10F9800018C618C618C618C618C618C618C618C687
:10F9900018C618C618C618C618C618C618C618C677
:10F9A00018C618C618C618C6FFFFFFFFFFFFFFFFE7
:10F9B000FFFFFFFFFFFFFFFFFFFFFFFFFFFFFFFF57
:10F9C000FFFFFFFFFFFFFFFFFFFF18C618C618C6A7
:10F9D00018C618C618C618C618C618C618C618C637
:10F9E00018C618C618C618C618C618C618C618C627
:10F9F00018C618C618C618C618C618C618C618C617
:10FA000018C618C6FFFFFFFFFFFFFFFF18C618C686
:10FA100018C618C618C618C618C618C618C618C6F6
:10FA200018C618C618C618C610840084008400843E
:10FA300000840084008400840084008400840084A6
:10FA4000008400040000000000000000000000002E
:10FA50000000000000000004008410841084108462
:10FA600010841084108410841084108410841084F6
:10FA700010841084108410841084108410841084E6
:10FA8000108410841084100400040004000000009E
:10FA90000000000000000004000400040004000452
:10FAA0000000000000000000000000000000000056
:10FAB0000000000000000000000000000000000046
:10FAC0000000000000000000000000000000000036
:10FAD0000000000000000000000000000000000026
:10FAE0000000000000000000000000000000000016
:10FAF00000000004000400040004000400040004EA
:10FB000000040004000400040004000400040000D9
:10FB100000000000000000000000000000000000E5
:10FB200000000000000000000000000000000000D5
:10FB300000000000000000000000000000000000C5
:10FB4000000000000000000000001084FFFFFFFF25
:10FB5000FFFFFFFFFFFF18C618C618C618C618C655
:10FB600018C618C618C618C618C618C618C618C6A5
:10FB700018C618C618C618C618C618C618C618C695
:10FB800018C618C618C618C6FFFFFFFFFFFFFFFF05
:10FB9000FFFFFFFFFFFFFFFFFFFFFFFFFFFFFFFF75
:10FBA000FFFFFFFFFFFFFFFFFFFF18C618C618C6C5
:10FBB00018C618C618C618C618C618C618C618C655
:10FBC00018C618C618C618C618C618C618C618C645
:10FBD00018C618C618C618C618C618C618C618C635
:10FBE00018C618C618C6FFFFFFFFFFFFFFFF18C6A5
:10FBF00018C618C618C618C618C618C618C618C615
:10FC000018C618C610840084008400840084008410
:10FC100000840084008400840084008400840084C4
:10FC200000000000000000000000000000000000D4
:10FC3000000000000004000410841084108410846C
:10FC40001084108410841084108410841084108414
:10FC50001084108410841084108410841084108404
:10FC60001084108410841084100400040004000424
:10FC70000004000400040004008410841084008444
:10FC8000000400040000000000000000000000006C
:10FC90000000000000000000000000000000000064
:10FCA0000000000000000000000000000000000054
:10FCB0000000000000000000000000000000000044
:10FCC0000000000000000000000000000000000034
:10FCD0000000000400040004000400040004000408
:10FCE00000040004000400040004000400040000F8
:10FCF0000000000000000000000000000000000004
:10FD000000000000000000000000000000000000F3
:10FD100000000000000000000000000000000000E3
:10FD2000000000000000000000001084FFFFFFFF43
:10FD3000FFFFFFFF18C618C618C618C618C618C693
:10FD400018C618C618C618C618C618C618C618C6C3
:10FD500018C618C618C618C618C618C618C618C6B3
:10FD600010841084108418C618C6FFFFFFFFFFFF21
:10FD7000FFFFFFFFFFFFFFFFFFFFFFFFFFFFFFFF93
:10FD8000FFFFFFFFFFFFFFFFFFFF18C618C618C6E3
:10FD900018C618C618C6108418C618C618C618C6BD
:10FDA00018C618C618C618C618C618C618C618C663
:10FDB00018C618C618C618C618C618C618C618C653
:10FDC00018C618C618C618C618C618C6FFFFFFFF03
:10FDD000FFFF18C618C618C618C618C618C618C613
:10FDE00018C6108400840084008400840084008489
:10FDF0000084008400840084008400840084000067
:10FE000000000000000000000000000000000000F2
:10FE1000000000000004008410841084108410840A
:10FE20001084108410841084108410841084108432
:10FE30001084108410841084108410841084108422
:10FE40001084108410841084108410841084108412
:10FE50000084108400841084108410841084108422
:10FE60001084108400040004000000000000000062
:10FE70000000000000000000000000000000000082
:10FE80000000000000000000000000000000000072
:10FE90000000000000000000000000000000000062
:10FEA0000000000000000000000000000000000052
:10FEB0000000000400040004000400040004000426
:10FEC000000400040004000400040000000000001E
:10FED0000000000000000000000000000000000022
:10FEE0000000000000000000000000000000000012
:10FEF0000000000000000000000000000000000002
:10FF00000000000000000000000018C6FFFFFFFF17
:10FF1000FFFF18C618C618C618C618C618C6FFFFB1
:10FF200018C618C618C618C618C618C618C618C6E1
:10FF300018C618C618C618C618C618C618C618C6D1
:10FF400010841084108418C618C618C6FFFFFFFF5F
:10FF5000FFFFFFFFFFFFFFFFFFFFFFFFFFFFFFFFB1
:10FF6000FFFFFFFFFFFFFFFFFFFFFFFF18C618C6E1
:10FF700018C618C618C61084108418C618C618C625
:10FF800018C618C618C618C618C618C618C618C681
:10FF900018C618C618C618C618C618C618C618C671
:10FFA00018C618C618C618C618C618C618C618C661
:10FFB000FFFF18C618C618C618C618C618C618C631
:10FFC0001084008400840084008400840084008401
:10FFD0000084008400840084008400840000000009
:10FFE0000000000000000000000000000000000011
:10FFF0000000000000040084108410841084108429
:020000040802F0
:100000001084108410841084108410841084108450
:100010001084108410841084108410841084108440
:100020001084108410841084108410841084108430
:100030001084108410841084108410841084108420
:100040001084108410841084000400040000000058
:1000500000000000000000000000000000000000A0
:100060000000000000000000000000000000000090
:100070000000000000000000000000000000000080
:100080000000000000000000000000000000000070
:100090000000000000040004000400040004000448
:1000A000000400000000000000000000000000004C
:1000B0000000000000000000000000000000000040
:1000C0000000000000000000000000000000000030
:1000D0000000000000000000000000000000000020
:1000E0000000000000000000000018C6FFFFFFFF36
:1000F000FFFF18C618C618C618C618C6FFFFFFFFB0
:1001000018C618C618C618C618C618C618C618C6FF
:1001100018C618C618C618C618C618C618C6108439
:10012000008400041084108418C618C6FFFFFFFF67
:10013000FFFFFFFFFFFFFFFFFFFFFFFFFFFFFFFFCF
:10014000FFFFFFFFFFFFFFFFFFFFFFFF18C618C6FF
:1001500018C618C618C61084108418C618C618C643
:1001600018C618C618C618C618C618C618C618C69F
:1001700018C618C618C618C618C618C618C618C68F
:1001800018C618C618C618C618C618C618C618C67F
:1001900018C6FFFF18C618C618C618C618C618C64F
:1001A000108400840084008400840084008400841F
:1001B0000084008400840084008400840000000027
:1001C000000000000000000000000000000000002F
:1001D0000000000000040084108410841084108447
:1001E000108410841084108410841084108410846F
:1001F000108410841084108410841084108410845F
:10020000108410841084108410841084108410844E
:10021000108410841084108410841084108410843E
:1002200010841084108410841084100400040000D2
:1002300000000000000000000000000000000000BE
:1002400000000000000000000000000000000000AE
:10025000000000000000000000000000000000009E
:10026000000000000000000000000000000000008E
:10027000000000000000000400040004000400046A
:10028000000000000000000000000000000000006E
:10029000000000000000000000000000000000005E
:1002A000000000000000000000000000000000004E
:1002B000000000000000000000000000000000003E
:1002C000000000000000000000001084FFFFFFFF9E
:1002D00018C618C618C618C61084FFFFFFFF18C638
:1002E00018C618C618C618C618C618C618C618C61E
:1002F00018C618C618C618C618C618C618C6108458
:100300000000008410841084108418C618C6FFFFF3
:10031000FFFFFFFFFFFFFFFFFFFFFFFFFFFFFFFFED
:10032000FFFFFFFFFFFFFFFFFFFF18C618C618C63D
:1003300018C618C618C610841084108418C618C6AB
:100340001084108418C618C618C618C618C618C651
:1003500018C618C618C618C618C618C618C618C6AD
:1003600018C618C618C618C618C618C618C618C69D
:1003700018C618C6FFFF18C618C618C618C618C66D
:10038000108400840084008400840084008400843D
:1003900000840084008400840084000000000000C9
:1003A000000000000000000000000000000000004D
:1003B0000000000000040084108410841084108465
:1003C000108410841084108410841084108410848D
:1003D000108410841084108410841084108410847D
:1003E000108410841084108410841084108410846D
:1003F000108410841084108410841084108410845D
:10040000108410841084108410841084100400045C
:1004100000000000000000000000000000000000DC
:1004200000000000000000000000000000000000CC
:1004300000000000000000000000000000000000BC
:1004400000000000000000000000000000000000AC
:100450000000000000000004000000000004000094
:10046000000000000000000000000000000000008C
:10047000000000000000000000000000000000007C
:10048000000000000000000000000000000000006C
:10049000000000000000000000000000000000005C
:1004A000000000000000000000001084FFFFFFFFBC
:1004B00018C618C61084000018C6FFFF18C618C654
:1004C00018C618C618C618C618C618C618C618C63C
:1004D00018C618C618C618C618C61084108400009E
:1004E00000000084008400840084108418C6FFFF8C
:1004F000FFFFFFFFFFFFFFFFFFFFFFFFFFFFFFFF0C
:10050000FFFFFFFFFFFFFFFFFFFFFFFF18C618C63B
:1005100018C618C618C618C6108410841084108413
:10052000108418C618C618C618C618C618C618C625
:10053000108418C618C618C618C618C618C618C615
:1005400018C618C618C618C618C618C618C618C6BB
:1005500018C618C618C618C618C618C6108410843F
:10056000108410840084008400840084008400844B
:100570000084008400840084000400000000000067
:10058000000000000000000000000000000000006B
:10059000000000040004008410841084108410847F
:1005A00010841084108410841084108410841084AB
:1005B000108410841084108410841084108410849B
:1005C000108410841084108410841084108410848B
:1005D000108410841084108410841084108410847B
:1005E000108410841084108410841084108410846B
:1005F00000040000000000000000000000000000F7
:1006000000000000000000000000000000000000EA
:1006100000000000000000000000000000000000DA
:1006200000000000000000000000000000000000CA
:1006300000000000000000000000000000000000BA
:1006400000000000000000000000000000000000AA
:10065000000000000000000000000000000000009A
:10066000000000000000000000000000000000008A
:10067000000000000000000000000000000000007A
:1006800000000000000000000000108418C618C61A
:1006900018C6108400000004FFFFFFFF18C618C62C
:1006A00018C618C618C618C618C618C618C618C65A
:1006B00018C618C618C618C6108410840004000096
:1006C000000000840084008400840084108418C624
:1006D00018C6FFFFFFFFFFFFFFFFFFFFFFFFFFFF4A
:1006E000FFFFFFFFFFFFFFFFFFFFFFFF18C618C65A
:1006F00018C618C618C618C6108410841084108432
:10070000108410841084108410841084108418C6FF
:100710001084108418C618C618C618C618C618C67D
:1007200018C618C618C618C618C618C618C618C6D9
:1007300018C618C618C618C618C618C6108410845D
:100740001084108400840084008400840084008469
:100750000084008400840084000000000000000089
:100760000000000000000000000000000000000089
:1007700000000000000400040004108410841084B1
:1007800010841084108410841084108410841084C9
:1007900010841084108410841084108410841084B9
:1007A00010841084108410841084108410841084A9
:1007B0001084108410841084108410841084108499
:1007C0001084108410841084108410841084108489
:1007D0000004000400000000000000000000000011
:1007E0000000000000000000000000000000000009
:1007F00000000000000000000000000000000000F9
:1008000000000000000000000000000000000000E8
:1008100000000000000000000000000000000000D8
:1008200000000000000000000000000000000000C8
:1008300000000000000000000000000000000000B8
:1008400000000000000000000000000000000000A8
:100850000000000000000000000000000000000098
:10086000000000000000000000001084FFFF18C618
:100870001084000000001084FFFFFFFF18C618C698
:1008800018C618C618C618C618C618C618C618C678
:1008900018C618C618C6108410840084008400008E
:1008A000000000840084008400840084008418C652
:1008B000FFFF18C6FFFFFFFFFFFFFFFFFFFFFFFF68
:1008C000FFFFFFFFFFFFFFFFFFFFFFFF18C618C678
:1008D00018C618C618C618C6108410841084108450
:1008E0001084108410841084108410841084108468
:1008F00018C6108410841084108418C618C618C630
:1009000018C618C618C618C618C618C618C618C6F7
:1009100018C618C618C618C618C618C618C6108431
:100920001084108400840084008400840084008487
:100930000084008400840004000000000000000027
:1009400000000000000000000000000000000000A7
:100950000000000000000004000410041084108453
:1009600010841084108410841084108410841084E7
:1009700010841084108410841084108410841084D7
:1009800010841084108410841084108410841084C7
:1009900010841084108410841084108410841084B7
:1009A00010841084108410841084108410841084A7
:1009B000108410840004000000000000000000000B
:1009C0000000000000000000000000000000000027
:1009D0000000000000000000000000000000000017
:1009E0000000000000000000000000000000000007
:1009F00000000000000000000000000000000000F7
:100A000000000000000000000000000000000000E6
:100A100000000000000000000000000000000000D6
:100A200000000000000000000000000000000000C6
:100A300000000000000000000000000000000000B6
:100A400000000000000000000000108418C618C656
:100A500010840000000018C6FFFFFFFF18C618C66C
:100A600018C618C618C618C618C618C618C618C696
:100A700018C618C618C61084008400841084008428
:100A800000000084008400840084008400841084BA
:100A900018C6FFFFFFFFFFFFFFFFFFFFFFFFFFFF86
:100AA000FFFFFFFFFFFFFFFFFFFF18C618C618C6B6
:100AB00018C618C618C618C610841084108410846E
:100AC0001084108410841084108410841084108486
:100AD0001084108418C6108400001084108418C676
:100AE00018C618C618C618C618C618C618C618C616
:100AF00018C618C618C618C618C618C618C6108450
:100B000010841084008400840084008400840084A5
:100B10000084008400840000000000000000000049
:100B200000000000000000000000000000000000C5
:100B30000000000000000004000400041084108481
:100B40001084108410841084108410841084108405
:100B500010841084108410841084108410841084F5
:100B600010841084108410841084108410841084E5
:100B700010841084108410841084108410841084D5
:100B800010841084108410841084108410841084C5
:100B90001084108400040000000000000000000029
:100BA0000000000000000000000000000000000045
:100BB0000000000000000000000000000000000035
:100BC0000000000000000000000000000000000025
:100BD0000000000000000000000000000000000015
:100BE0000000000000000000000000000000000005
:100BF00000000000000000000000000000000000F5
:100C000000000000000000000000000000000000E4
:100C100000000000000000000000000000000000D4
:100C2000000000000000000000000000108410849C
:100C300000000000100418C6FFFFFFFF18C618C60A
:100C400018C618C618C618C618C618C618C618C6B4
:100C500018C618C6108410840084008400840084A0
:100C60000084008400840084008400840084008464
:100C7000008418C618C6FFFFFFFFFFFFFFFFFFFF3E
:100C8000FFFFFFFFFFFFFFFFFFFF18C618C618C6D4
:100C900018C618C618C618C60004000000841084C0
:100CA00010841084108410841084108410841084A4
:100CB00010841084108410841084000000001084BC
:100CC0001084108418C618C618C618C618C618C6C8
:100CD00018C618C618C618C618C618C618C610846E
:100CE00010840084008400840084008400840084D4
:100CF00000840084000400000000000000000000E8
:100D000000000000000000000000000000000000E3
:100D100000000000000000000004000410841084A3
:100D20001084108410841084108410841084108423
:100D30001084108410841084108410841084108413
:100D40001084108410841084108410841084108403
:100D500010841084108410841084108410841084F3
:100D600010841084108410841084108410841084E3
:100D70001084108400040000000000000000000047
:100D80000000000000000000000000000000000063
:100D90000000000000000000000000000000000053
:100DA0000000000000000000000000000000000043
:100DB0000000000000000000000000000000000033
:100DC0000000000000000000000000000000000023
:100DD0000000000000000000000000000000000013
:100DE0000000000000000000000000000000000003
:100DF00000000000000000000000000000000000F3
:100E0000000000000000000000000000108400044A
:100E1000000000001004FFFFFFFF18C618C618C628
:100E200018C618C618C618C618C618C618C618C6D2
:100E300018C6108400840084008400840084008428
:100E40000084008400840084008400840084008482
:100E50000084108418C6FFFFFFFFFFFFFFFFFFFFA6
:100E6000FFFFFFFFFFFF18C6FFFF18C618C618C612
:100E700018C618C618C618C6108400000000000066
:100E800000000004108410841084108410841084E6
:100E9000108410841084108410840000000000006E
:100EA00000000000108410841084108418C618C636
:100EB00018C618C618C618C618C618C610841084D6
:100EC00010840084008400840084008400840084F2
:100ED000008400840000000000000000000000000A
:100EE0000000000000000000000000000000000002
:100EF00000000000000000000000000410841084C6
:100F00001084108410841084108410841084108441
:100F10001084108410841084108410841084108431
:100F20001084108410841084108410841084108421
:100F30001084108410841084108410841084108411
:100F40001084108410841084108410841084108401
:100F50001084108400040004000000000000000061
:100F60000000000000000000000000000000000081
:100F70000000000000000000000000000000000071
:100F80000000000000000000000000000000000061
:100F90000000000000000000000000000000000051
:100FA0000000000000000000000000000000000041
:100FB0000000000000000000000000000000000031
:100FC0000000000000000000000000000000000021
:100FD0000000000000000000000000000000000011
:100FE0000000000000000000000000000000000001
:100FF00000040000108418C6FFFFFFFF18C618C6C3
:1010000018C618C618C618C618C618C618C618C6F0
:1010100018C610840000000000840084008400844E
:1010200000840084008400840084008400840084A0
:101030000084008418C6FFFFFFFFFFFFFFFFFFFFD4
:10104000FFFFFFFFFFFF18C618C618C618C618C650
:1010500018C618C618C618C6108400000000000084
:101060000000000010841084108410841084108408
:10107000108410841084108418C6108400000000AE
:1010800000000000000000000000108410841084A4
:1010900018C618C618C6FFFFFFFF18C610841084B4
:1010A0000084008400840084008400840084008420
:1010B00000840004000000000000000000000000A8
:1010C000000000000000000400040004000400040C
:1010D000000400000004000000000004000410846C
:1010E0001084108410841084108410841084108460
:1010F0001084108410841084108410841084108450
:10110000108410841084108410841084108410843F
:10111000108410841084108410841084108410842F
:10112000108410841084108410841084108410841F
:10113000108410840004000400000000000000007F
:10114000000000000000000000000000000000009F
:10115000000000000000000000000000000000008F
:10116000000000000000000000000000000000007F
:10117000000000000000000000000000000000006F
:10118000000000000000000000000000000000005F
:10119000000000000000000000000000000000004F
:1011A000000000000000000000000000000000003F
:1011B000000000000000000000000000000000002F
:1011C000000000000000000000000000000000041B
:1011D000000000001084FFFFFFFFFFFF18C618C6C5
:1011E00018C618C618C618C618C618C618C618C60F
:1011F000108400000000000000840084008400844B
:1012000000840084008400840084008400840084BE
:1012100000840084108418C6FFFFFFFFFFFFFFFF5C
:10122000FFFFFFFFFFFFFFFF18C618C618C618C64E
:1012300018C618C618C618C61084000000000000A2
:1012400000001084108410841084000000041084B6
:1012500018C61084108410841084108400040000C8
:1012600000000000000000000000008400840084F2
:1012700000040084108418C618C6108400840084FA
:10128000008400840084008400840084008400843E
:10129000000400000000000400000000000400043E
:1012A000000400040004000400040004000400041E
:1012B0000004000400040004000000040004108482
:1012C000108410841084108410841084108410847E
:1012D000108410841084108410841084108410846E
:1012E000108410841084108410841084108410845E
:1012F000108410841084108410841084108410844E
:10130000108410841084108410841084108410843D
:10131000108410840004000400000000000000009D
:1013200000000000000000000000000000000000BD
:1013300000000000000000000000000000000000AD
:10134000000000000000000000000000000000009D
:10135000000000000000000000000000000000008D
:10136000000000000000000000000000000000007D
:10137000000000000000000000000000000000006D
:10138000000000000000000000000000000000005D
:10139000000000000000000000000000000000004D
:1013A0000000000000000000000000000000000439
:1013B000000000001084FFFFFFFFFFFF18C618C6E3
:1013C00018C618C618C618C618C618C618C6108477
:1013D00010840000000000000000008400840084ED
:1013E00000840084008400840084008400840084DD
:1013F000008400841084FFFF18C618C6FFFFFFFF9B
:10140000FFFFFFFFFFFFFFFF18C618C618C618C66C
:1014100018C618C618C618C61084000000000000C0
:101420000000000000041084000000000000000024
:1014300010841084108410841084108410840000A0
:10144000000000000000000000040084008400840C
:1014500000040004000400840084008400840084EC
:10146000008400840084008400840084008400845C
:10147000000000000000000000040004000400045C
:10148000000400040004000400040004000400043C
:10149000000400040004000400040004008410841C
:1014A000108410841084108410841084108410849C
:1014B000108410841084108410841084108410848C
:1014C000108410841084108410841084108410847C
:1014D000108410841084108410841084108410846C
:1014E000108410841084108410841084108410845C
:1014F00010841084000400040000000000000000BC
:1015000000000000000000000000000000000000DB
:1015100000000000000000000000000000000000CB
:1015200000000000000000000000000000000000BB
:1015300000000000000000000000000000000000AB
:10154000000000000000000000000000000000009B
:10155000000000000000000000000000000000008B
:10156000000000000000000000000000000000007B
:10157000000000000000000000000000000000006B
:10158000000000000000000000000000000000005B
:10159000000400001084FFFF18C618C618C618C63D
:1015A00018C618C618C618C618C6108418C61084DF
:1015B000000000000004000000000000008400841F
:1015C00000840084008400840084008400840084FB
:1015D00000840084008418C618C6FFFF18C6FFFFE9
:1015E00018C6FFFFFFFFFFFF18C618C618C618C6AB
:1015F00018C618C618C618C61084000000000000DF
:1016000000000000000000000000000000000000DA
:10161000000000000000108410841084108400007A
:1016200000000000000000000084008400840084AA
:10163000008400840004000400840004008400840A
:1016400000840084008400840084008400840000FE
:10165000000000040004000400040004000400046E
:1016600000040004008400840084008400840004DA
:10167000000400040004000400040004000400044A
:1016800010841084108410841084108410841084BA
:1016900010841084108410841084108410841084AA
:1016A000108410841084108410841084108410849A
:1016B000108410841084108410841084108410848A
:1016C000108410841084108410841084108410847A
:1016D00010841084000400040000000000000000DA
:1016E00000000000000000000000000000000000FA
:1016F00000000000000000000000000000000000EA
:1017000000000000000000000000000000000000D9
:1017100000000000000000000000000000000000C9
:1017200000000000000000000000000000000000B9
:1017300000000000000000000000000000000000A9
:101740000000000000000000000000000000000099
:101750000000000000000000000000000000000089
:101760000000000000000000000000000000000079
:10177000000400001084FFFF18C618C618C618C65B
:1017800018C618C618C618C618C618C61084000091
:1017900000000000000000000000000000000084C5
:1017A0000084008400840084008400840084008419
:1017B000008400840084108418C6FFFFFFFFFFFF31
:1017C000FFFFFFFFFFFFFFFFFFFF18C618C618C689
:1017D00018C618C618C618C61084000000000000FD
:1017E00000000000000000000000000000000000F9
:1017F00000000000000000000000108410840000C1
:1018000000000000000000040084008400840084C4
:101810000084000400040004000400040084008428
:1018200000840004000400040084000400000000A0
:10183000000000040004000400040004000400048C
:1018400000040004008400840084008400840004F8
:101850000004000400040004000400040004000468
:1018600010841084108410841084108410841084D8
:1018700010841084108410841084108410841084C8
:1018800010841084108410841084108410841084B8
:1018900010841084108410841084108410841084A8
:1018A0001084108410841084108410841084108498
:1018B00010841084000400040000000000000000F8
:1018C0000000000000000000000000000000000018
:1018D0000000000000000000000000000000000008
:1018E00000000000000000000000000000000000F8
:1018F00000000000000000000000000000000000E8
:1019000000000000000000000000000000000000D7
:1019100000000000000000000000000000000000C7
:1019200000000000000000000000000000000000B7
:1019300000000000000000000000000000000000A7
:101940000000000000000000000000000000000097
:1019500000000000108418C618C618C618C618C69D
:1019600018C618C618C618C6108418C610840000F9
:101970000000000000000000000000000000000067
:1019800000040084008400840084008400840084B7
:1019900000840084008400841084FFFF18C6FFFFC9
:1019A000FFFFFFFFFFFFFFFFFFFF18C618C618C6A7
:1019B00018C618C618C618C610840000000000001B
:1019C0000000000000000000000000000000000017
:1019D00000000000000000000000108410840000DF
:1019E00000000000000000040084008400840084E3
:1019F00000840004000400040004000400840004C7
:101A000000040004000400040004000000000004BE
:101A100000040004000400040004000400840084A6
:101A20000084008400840084008400840084008496
:101A3000000400040004000400040000000400048A
:101A40000004108410841084108410841084108486
:101A500010841084108410841084108410841084E6
:101A600010841084108410841084108410841084D6
:101A700010841084108410841084108410841084C6
:101A800010841084108410841084108410841084B6
:101A90001084108400040004000000000000000016
:101AA0000000000000000000000000000000000036
:101AB0000000000000000000000000000000000026
:101AC0000000000000000000000000000000000016
:101AD0000000000000000000000000000000000006
:101AE00000000000000000000000000000000000F6
:101AF00000000000000000000000000000000000E6
:101B000000000000000000000000000000000000D5
:101B100000000000000000000000000000000000C5
:101B200000000000000000000000000000000000B5
:101B300000000000000018C618C618C618C618C64F
:101B400018C618C618C618C618C6108400000000AB
:101B50000000000000000000000000000000000085
:101B600000000084008400840084008400840084D9
:101B70000084008400840004008418C6FFFFFFFF77
:101B800018C6FFFFFFFF18C6FFFF18C618C618C605
:101B900018C618C618C618C6108400000000000039
:101BA0000000000000000000000000000000000035
:101BB0000000000000000000000000040000000021
:101BC0000000000000000004008400840084008401
:101BD0000084000400840004000400840004000069
:101BE00000000000000000000000000000040004ED
:101BF00000040004000400040084008400840084C5
:101C000000840084008400840084008400840084B4
:101C10000084000400040004000400040000000428
:101C200000041084108410841084108410841084A4
:101C30001084108410841084108410841084108404
:101C400010841084108410841084108410841084F4
:101C500010841084108410841084108410841084E4
:101C600010841084108410841084108410841084D4
:101C70001084008400040004000000000000000044
:101C80000000000000000000000000000000000054
:101C90000000000000000000000000000000000044
:101CA0000000000000000000000000000000000034
:101CB0000000000000000000000000000000000024
:101CC0000000000000000000000000000000000014
:101CD0000000000000000000000000000000000004
:101CE00000000000000000000000000000000000F4
:101CF00000000000000000000000000000000000E4
:101D000000000000000000000000000000000000D3
:101D100000000000000018C6FFFF18C618C618C64D
:101D200018C618C618C610841084000000000000F1
:101D300000000000000000000000000000000000A3
:101D4000000000000084008400840084008400847B
:101D50000084008400840084000010841084FFFF4D
:101D600018C618C618C618C618C618C618C618C683
:101D700018C618C618C618C6108400000000000057
:101D80000000000000000000000000000000000053
:101D90000000000000000000000000000000000043
:101DA000000000000000000400840084008400841F
:101DB0000004000400040004000400840004000087
:101DC0000000000000000000000400040004000403
:101DD0000004000400040084008400840084008463
:101DE00000840084008400840084008400840084D3
:101DF0000084000400040004000400000004000447
:101E000000041084108410841084108410841084C2
:101E10001084108410841084108410841084108422
:101E20001084108410841084108410841084108412
:101E30001084108410841084108410841084108402
:101E400010841084108410841084108410841084F2
:101E500010840004000400040000000000000000E2
:101E60000000000000000000000000000000000072
:101E70000000000000000000000000000000000062
:101E80000000000000000000000000000000000052
:101E90000000000000000000000000000000000042
:101EA0000000000000000000000000000000000032
:101EB0000000000000000000000000000000000022
:101EC0000000000000000000000000000000000012
:101ED0000000000000000000000000000000000002
:101EE00000000000000000000000000000000000F2
:101EF0000000000000001084FFFF18C618C618C6B6
:101F000018C618C6108410840000000000000000ED
:101F100000000000000000000000000000000000C1
:101F20000000000000840084008400840084008499
:101F30000084008400840084008400040000108475
:101F400018C6FFFF18C6FFFF18C618C618C618C661
:101F500018C618C618C618C6108400000000000075
:101F60000000000000000000000000000000000071
:101F70000000000000000000000000000000000061
:101F800000000000000000040084008400840004BD
:101F90000004000400040004000400040000000029
:101FA0000000000000000000000000040004000425
:101FB0000004000400040084008400840084008481
:101FC00000840084008400840084008400840084F1
:101FD0000084000400040004000400040004000461
:101FE00000041084108410841084108410841084E1
:101FF0001084108410841084108410841084108441
:102000001084108410841084108410841084108430
:102010001084108410841084108410841084108420
:102020001084108410841084108410841084108410
:102030001084000400040004000000000000000000
:102040000000000000000000000000000000000090
:102050000000000000000000000000000000000080
:102060000000000000000000000000000000000070
:102070000000000000000000000000000000000060
:102080000000000000000000000000000000000050
:102090000000000000000000000000000000000040
:1020A0000000000000000000000000000000000030
:1020B0000000000000000000000000000000000020
:1020C0000000000000000000000000000000000010
:1020D000000000000000108418C618C618C618C6F4
:1020E00018C610841004000000000000000000006A
:1020F00000000000000000000000000000000000E0
:1021000000000000008400840084008400840084B7
:10211000008400840084008400840000000000002B
:102120000000108418C618C618C618C618C618C6E7
:1021300018C618C618C618C6108400000000000093
:10214000000000000000000000000000000000008F
:10215000000000000000000000000000000000007F
:1021600000000000000000840084008400840084DB
:10217000000400040004000400040000000000004B
:102180000000000000000000000000040004000443
:10219000000400040004008400840084008400849F
:1021A000008400840084008400840084008400840F
:1021B00000840084000400040004000400040004FF
:1021C000000400041084108410841084108410848F
:1021D000108410841084108410841084108410845F
:1021E000108410841084108410841084108410844F
:1021F000108410841084108410841084108410843F
:10220000108410841084108410841084108410842E
:10221000108400040004000400000000000000001E
:1022200000000000000000000000000000000000AE
:10223000000000000000000000000000000000009E
:10224000000000000000000000000000000000008E
:10225000000000000000000000000000000000007E
:10226000000000000000000000000000000000006E
:10227000000000000000000000000000000000005E
:10228000000000000000000000000000000000004E
:10229000000000000000000000000000000000003E
:1022A000000000000000000000000000000000002E
:1022B000000000000000108418C618C618C618C612
:1022C000108400000000000000000000000000007A
:1022D00000000000000000000000000000000000FE
:1022E000000000000000008400840084008400845A
:1022F000008400840084008400840000000000004A
:1023000000000000108418C618C618C618C618C6E3
:1023100018C618C618C618C610841084000000001D
:1023200000000000000000000000000000000000AD
:10233000000000000000000000000000000000009D
:1023400000000000000410840084008400840084E5
:102350000004000400040004000400000000000069
:10236000000000000000000000040004000400045D
:10237000008400840084008400840084008400843D
:10238000008400840084008400840084008400842D
:1023900000840084008400040004000400000000A5
:1023A00000040004108410841084108410841084AD
:1023B000108410841084108410841084108410847D
:1023C000108410841084108410841084108410846D
:1023D000108410841084108410841084108410845D
:1023E000108410841084108410841084108410844D
:1023F000108400040004000400000000000000003D
:1024000000000000000000000000000000000000CC
:1024100000000000000000000000000000000000BC
:1024200000000000000000000000000000000000AC
:10243000000000000000000000000000000000009C
:10244000000000000000000000000000000000008C
:10245000000000000000000000000000000000007C
:10246000000000000000000000000000000000006C
:10247000000000000000000000000000000000005C
:10248000000000000000000000000000000000004C
:10249000000000000000108418C618C618C610847A
:1024A000000000000000000000000000000000002C
:1024B000000000000000000000000000000000001C
:1024C00000000000000000040084008400840084F8
:1024D00000840084008400840000000000000000EC
:1024E00000000000000018C618C618C618C618C696
:1024F00018C618C618C618C618C61084108400005E
:1025000000000000000000000000000000000000CB
:1025100000000000000000000000000000000000BB
:102520000000000000840084008400840084008493
:102530000084000400000000000000000000000013
:102540000000000000000004000400040084008477
:10255000008400840084008400840084008400845B
:10256000008400840084008400840084008400844B
:102570000084008400040004000400000000000047
:10258000000000040004108410841084108410845F
:10259000108410841084108410841084108410849B
:1025A000108410841084108410841084108410848B
:1025B000108410841084108410841084108410847B
:1025C000108410841084108410841084108410846B
:1025D000108400040004000400000000000000005B
:1025E00000000000000000000000000000000000EB
:1025F00000000000000000000000000000000000DB
:1026000000000000000000000000000000000000CA
:1026100000000000000000000000000000000000BA
:1026200000000000000000000000000000000000AA
:10263000000000000000000000000000000000009A
:10264000000000000000000000000000000000008A
:10265000000000000000000000000000000000007A
:10266000000000000000000000000000000000006A
:10267000000000000000100418C618C618C60000AC
:10268000000000000000000000000000000000004A
:10269000000000000000000000000000000000003A
:1026A000000000000000000000040084008400849A
:1026B000008400840084008400000000000000000A
:1026C0000000000000001004108418C618C618C6C8
:1026D00018C618C618C618C618C600841084008408
:1026E00000000000000000000000000000000000EA
:1026F0000000000000000000000000000000008456
:102700000084008410840084008400840004000499
:1027100000040004000400000000000000000000AD
:102720000000000000040004000400040084008491
:102730000084008400840084008400840084008479
:102740000084008400840084008400840084008469
:1027500000840004000400040004000400000000E1
:1027600000040004000410041084108410841084F9
:1027700010841084108410841084108410841084B9
:1027800010841084108410841084108410841084A9
:102790001084108410841084108410841084108499
:1027A0001084108410841084108410841084108489
:1027B0001084000400040004000000000000000079
:1027C0000000000000000000000000000000000009
:1027D00000000000000000000000000000000000F9
:1027E00000000000000000000000000000000000E9
:1027F00000000000000000000000000000000000D9
:1028000000000000000000000000000000000000C8
:1028100000000000000000000000000000000000B8
:1028200000000000000000000000000000000000A8
:102830000000000000000000000000000000000098
:102840000000000000000000000000000000000088
:102850000000000000000000108418C61084000072
:102860000000000000000000000000000000000068
:102870000000000000000000000000000000000058
:1028800000000000000000000000008400840084BC
:102890000084008400840084000400000000000024
:1028A00000000000000000000000108418C618C6D8
:1028B00018C618C618C618C618C6008400040084B6
:1028C0000000000000000000000000000000000008
:1028D000000000000000000000000084108400845C
:1028E0000084108400840084008400840004008438
:1028F0000084000000000000000000000000000054
:10290000000000040004000400040084008400842B
:102910000084008400840084108410841084108457
:102920001084008400840084008400840084008477
:102930000004000400040004000400040004000477
:1029400000040004000400041004108410841084A7
:1029500010841084108410841084108410841084D7
:1029600010841084108410841084108410841084C7
:1029700010841084108410841084108410841084B7
:1029800010841084108410841084108410841084A7
:102990001084100400040004000000000000000087
:1029A0000000000000000000000000000000000027
:1029B0000000000000000000000000000000000017
:1029C0000000000000000000000000000000000007
:1029D00000000000000000000000000000000000F7
:1029E00000000000000000000000000000000000E7
:1029F00000000000000000000000000000000000D7
:102A000000000000000000000000000000000000C6
:102A100000000000000000000000000000000000B6
:102A200000000000000000000000000000000000A6
:102A30000000000000000000000010840000000002
:102A40000000000000000000000000000000000086
:102A50000000000000000000000000000000000076
:102A6000000000000000000000000000008400845E
:102A700000840084008400840084000000000000C2
:102A800000000000000000000000000000001084B2
:102A900018C618C618C618C618C600840004000058
:102AA0000000000000000000000000000000000026
:102AB000000000000000000000840084000000848A
:102AC00010840084008400840084008400040000DA
:102AD00000000004000400000000000000000000EE
:102AE000000000040004000400040084008400844A
:102AF0000084008400841084108410841084108466
:102B00001084108410841084008400840084008465
:102B10000084000400040004000400040004000415
:102B20000004000400040004000410041084108455
:102B300010841084108410841084108410841084F5
:102B400010841084108410841084108410841084E5
:102B500010841084108410841084108410841084D5
:102B600010841084108410841084108410841084C5
:102B70001084108400040004000000000000000025
:102B80000000000000000000000000000000000045
:102B90000000000000000000000000000000000035
:102BA0000000000000000000000000000000000025
:102BB0000000000000000000000000000000000015
:102BC0000000000000000000000000000000000005
:102BD00000000000000000000000000000000000F5
:102BE00000000000000000000000000000000000E5
:102BF00000000000000000000000000000000000D5
:102C000000000000000000000000000000000000C4
:102C100000000000000000000000000000000000B4
:102C200000000000000000000000000000000000A4
:102C30000000000000000000000000000000000094
:102C4000000000000000000000000000008400847C
:102C500000840084008400840084000000000000E0
:102C60000000000000000000000000000000000064
:102C700018C618C618C618C618C6000400840084F2
:102C80000000000000000000000000000000000044
:102C900000000000000000840084008400840084A0
:102CA0000084008400840084000400040004000008
:102CB00000000084108400040000000000000004F4
:102CC00000040004000400040084008400840084E4
:102CD0000084008410841084108410841084108474
:102CE0001084108410841084108410840084008464
:102CF0000084008410841084100410041004100454
:102D00001004000400040004000400040084108483
:102D10001084108410841084108410841084108413
:102D20001084108410841084108410841084108403
:102D300010841084108410841084108410841084F3
:102D400010841084108410841084108410841084E3
:102D500010841004000400040000000000000000C3
:102D60000000000000000000000000000000000063
:102D70000000000000000000000000000000000053
:102D80000000000000000000000000000000000043
:102D90000000000000000000000000000000000033
:102DA0000000000000000000000000000000000023
:102DB0000000000000000000000000000000000013
:102DC0000000000000000000000000000000000003
:102DD00000000000000000000000000000000000F3
:102DE00000000000000000000000000000000000E3
:102DF00000000000000000000000000000000000D3
:102E000000000000000000000000000000000000C2
:102E100000000000000000000000000000000000B2
:102E2000000000000000000000000000000400841A
:102E3000008400840084008400840084000000007A
:102E40000000000000000000000000000000000082
:102E5000108418C618C618C618C6008400840084DA
:102E60000000000000000000000000000000000062
:102E700000000000000400840084008400840084BA
:102E800000840084008400840084000000040000AA
:102E90000000008400840004000400040004000416
:102EA0000004000400040004000400840084008482
:102EB00000840084008410841084108410841084A2
:102EC0001084108410841084108410841084108462
:102ED0001084108410841084108410841084108452
:102EE0001084108410841084108400840084008472
:102EF0001004100410040004000400040004000482
:102F000010041084108410841084108410841084A1
:102F10001084108410841084108410841084108411
:102F20001084108410841084108410841084108401
:102F300010841004000400040000000000000000E1
:102F40000000000000000000000000000000000081
:102F50000000000000000000000000000000000071
:102F60000000000000000000000000000000000061
:102F70000000000000000000000000000000000051
:102F80000000000000000000000000000000000041
:102F90000000000000000000000000000000000031
:102FA0000000000000000000000000000000000021
:102FB0000000000000000000000000000000000011
:102FC0000000000000000000000000000000000001
:102FD00000000000000000000000000000000000F1
:102FE00000000000000000000000000000000000E1
:102FF00000000000000000000000000000000000D1
:10300000000000000000000000000000000000843C
:103010000084008400840084008400840004000094
:1030200000000000000000000000000000000000A0
:10303000108418C618C618C618C6008400840084F8
:103040000000000000000000000000000000000080
:103050000000000400840084008400840084008454
:1030600000840084008400840084000400000004C4
:1030700000841084008400040000000400040004A4
:1030800000040004000400040004008400840084A0
:1030900000840084008400841084108410841084D0
:1030A0001084108410841084108410841084108480
:1030B0001084108410841084108410841084108470
:1030C0001084108410841084108410840004000480
:1030D00000040004000400040004000400040004D0
:1030E0000004000400040004000410041084108490
:1030F0001084108410841084108410841084108430
:10310000108410841084108410841084108410841F
:1031100010841004000400040000000000000000FF
:10312000000000000000000000000000000000009F
:10313000000000000000000000000000000000008F
:10314000000000000000000000000000000000007F
:10315000000000000000000000000000000000006F
:10316000000000000000000000000000000000005F
:10317000000000000000000000000000000000004F
:10318000000000000000000000000000000000003F
:10319000000000000000000000000000000000002F
:1031A000000000000000000000000000000000001F
:1031B000000000000000000000000000000000000F
:1031C00000000000000000000000000000000000FF
:1031D00000000000000000000000000000000000EF
:1031E00000000000000000000000000000000004DB
:1031F0000084008400840084008400840084000033
:1032000000000000000000000000000000000000BE
:10321000000018C618C618C618C61084008400849A
:10322000000000000000000000000000000000009E
:1032300000040084008400840084008400840084EE
:1032400000840084008400840084008400040084DE
:103250001084008400000000000000000000000452
:1032600000040004000400040004000400040084BE
:1032700000840084008400840084108410841084FE
:10328000108410841084108410841084108410849E
:10329000108410841084108410841084108410848E
:1032A000108410841084108410841084108400040E
:1032B0000004000400040000000000000000000002
:1032C00000000000000000000000000000040004F6
:1032D000000410041084108410841084108410845E
:1032E000108410841084108410841084108410843E
:1032F000108410040004000400000000000000001E
:1033000000000000000000000000000000000000BD
:1033100000000000000000000000000000000000AD
:10332000000000000000000000000000000000009D
:10333000000000000000000000000000000000008D
:10334000000000000000000000000000000000007D
:10335000000000000000000000000000000000006D
:10336000000000000000000000000000000000005D
:10337000000000000000000000000000000000004D
:10338000000000000000000000000000000000003D
:10339000000000000000000000000000000000002D
:1033A000000000000000000000000000000000001D
:1033B000000000000000000000000000000000000D
:1033C00000000000000000000000000000000000FD
:1033D00000840084008400840084008400840084CD
:1033E00000000000000000000000000000000000DD
:1033F000000018C618C618C618C610840084000439
:1034000000000000000000000000000000000000BC
:10341000008400840084008400840084008400848C
:10342000008400840084008400840084008410846C
:103430000004000000000000000400000000000480
:10344000000400040004000400040004000400045C
:10345000008400840084008400841084108410841C
:1034600010841084108410841084108410841084BC
:1034700010841084108410841084108410841084AC
:10348000108410841084108410841084108400042C
:103490000004000400000000000000000000000024
:1034A000000000000000000000000000000000001C
:1034B00000000000000400041084108410841084B4
:1034C000108410841084108410841084108410845C
:1034D00010041004000400040000000000000000BC
:1034E00000000000000000000000000000000004D8
:1034F00000040000000000000000000000000000C8
:1035000000000000000000000000000000000000BB
:1035100000000000000000000000000000000000AB
:10352000000000000000000000000000000000009B
:10353000000000000000000000000000000000008B
:10354000000000000000000000000000000000007B
:10355000000000000000000000000000000000006B
:10356000000000000000000000000000000000005B
:10357000000000000000000000000000000000004B
:10358000000000000000000000000000000000003B
:10359000000000000000000000000000000000002B
:1035A000000000000000000000000000000000001B
:1035B000000400840084008400840084008400846B
:1035C00000040000000000000000000000000000F7
:1035D0000000108418C618C61084008400840004FB
:1035E0000000000000000000000000000000008457
:1035F00000840084008400840084008400840084AB
:10360000008400840084008400840084008400849A
:10361000000400040004000000000000000000049A
:10362000000400040004000400040004000400047A
:1036300000040084008400840084108410841084BA
:1036400010841084108410841084108410841084DA
:1036500010841084108410841084108410841084CA
:10366000108410841084108410841084108400044A
:103670000004000400000000000000000000000042
:10368000000000000000000000000000000000003A
:1036900000000000000000000004100410041004EA
:1036A000108410841084108410841084100410047A
:1036B00000040004000000000004000400040000F6
:1036C00000000000000000000000000000000000FA
:1036D00000040000000000000000000000000000E6
:1036E00000000000000000000000000000000000DA
:1036F00000000000000000000000000000000000CA
:1037000000000000000000000000000000000000B9
:1037100000000000000000000000000000000000A9
:103720000000000000000000000000000000000099
:103730000000000000000000000000000000000089
:103740000000000000000000000000000000000079
:103750000000000000000000000000000000000069
:103760000000000000000000000000000000000059
:103770000000000000000000000000000000000049
:103780000000000000000000000000000000000039
:10379000000000840084008400840084008400848D
:1037A0000084000000000000000000000000000095
:1037B0000000008418C61084008400040084000403
:1037C0000000000000000000000000000000008475
:1037D00000840084008400840084008400840084C9
:1037E000008400840084008400840004000000043D
:1037F0000084000400000004000000000000000439
:103800000004000400040004000400040004000498
:103810000004000400840084008400841084108468
:1038200010841084108410841084108410841084F8
:1038300010841084108410841084108410841084E8
:103840001084108410841084108410841084000468
:103850000004000400000000000000000000000060
:103860000000000000000000000000000000000058
:103870000000000000000000000000000004100430
:103880001004100410841084108410041004108498
:103890001004000400000000000400040004000400
:1038A0000004000400040000000000000000000408
:1038B0000000000000000000000000000000000008
:1038C00000000000000000000000000000000000F8
:1038D00000000000000000000000000000000000E8
:1038E00000000000000000000000000000000000D8
:1038F00000000000000000000000000000000000C8
:1039000000000000000000000000000000000000B7
:1039100000000000000000000000000000000000A7
:103920000000000000000000000000000000000097
:103930000000000000000000000000000000000087
:103940000000000000000000000000000000000077
:103950000000000000000000000000000000000067
:103960000000000000000000000000000000000057
:10397000000000000084008400840084008400842F
:10398000008400840000000000000000000000002F
:10399000000000041084108400840084008400046B
:1039A000000000000000000000000000008400840F
:1039B00000840084008400840084008400840084E7
:1039C0000084008400840084000400841084108437
:1039D0000084000400000004000000000000000457
:1039E00000040004000400040004000400040004B7
:1039F0000004000400840084008400841084108487
:103A0000108410841084108410841084108418C6CC
:103A100018C618C618C618C618C610841084108494
:103A20001084108410841084108410841084000486
:103A3000000400040000000000000000000000007E
:103A40000000000000000000000000000000000076
:103A50000000000000000000000000000000100452
:103A600010041004100410041084108410841084B6
:103A7000000400040000000000040004000400042E
:103A8000000400040000000000000000000000042A
:103A90000000000000000000000000000000000026
:103AA0000000000000000000000000000000000016
:103AB0000000000000000000000000000000000006
:103AC00000000000000000000000000000000000F6
:103AD00000000000000000000000000000000000E6
:103AE00000000000000000000000000000000000D6
:103AF00000000000000000000000000000000000C6
:103B000000000000000000000000000000000000B5
:103B100000000000000000000000000000000000A5
:103B20000000000000000000000000000000000095
:103B30000000000000000000000000000000000085
:103B40000000000000000000000000000000000075
:103B500000000000000000840084008400840084D1
:103B600000840084008400000000000000000000C9
:103B7000000000000084008400840084008400842D
:103B800000000000000000000000008400840084A9
:103B90000084008400840084008400840084008405
:103BA00000840084000400841084108410840004C5
:103BB00000000000000400040004000000000004F5
:103BC00000040004000400040004000400040004D5
:103BD0000004000400040084008400841084108425
:103BE000108410841084108410841084108418C6EB
:103BF00018C618C618C618C618C6108410841084B3
:103C00001084108410841084108410841004000424
:103C100000040000000000000000000000000000A0
:103C20000000000000000000000000000000000094
:103C30000000000000000000000000000000000084
:103C400010001000100410041004100410041004DC
:103C500000840000000000000084008400040004D0
:103C60000004000400040000000000000000000048
:103C70000000000000000000000000000000000044
:103C80000000000000000000000000000000000034
:103C90000000000000000000000000000000000024
:103CA0000000000000000000000000000000000014
:103CB0000000000000000000000000000000000004
:103CC00000000000000000000000000000000000F4
:103CD00000000000000000000000000000000000E4
:103CE00000000000000000000000000000000000D4
:103CF00000000000000000000000000000000000C4
:103D000000000000000000000000000000000000B3
:103D100000000000000000000000000000000000A3
:103D20000000000000000000000000000000000093
:103D3000000000000000000400840084008400846F
:103D40000084008400840084000000000000000063
:103D500000000000000400840084008400840084CB
:103D60000000000000000000008410840084008433
:103D70000084008400840084008400840084008423
:103D8000000400840084008400840004000000001B
:103D90000000000000000000000000000000000023
:103DA00000040004000400040004000400040004F3
:103DB00000040004000400040084008410841084C3
:103DC00010841084108410841084108418C618C6BF
:103DD00018C618C618C618C618C618C61084108487
:103DE0001084108410841084108410841004000443
:103DF00000040000000000000000000000000000BF
:103E000000000000000000000000000000000000B2
:103E100000000000000000000000000000000000A2
:103E20000000100010001000100410041004100412
:103E30000000000000000000008400840004000472
:103E4000000400040000000000000000000000006A
:103E50000000000000000000000000000000000062
:103E60000000000000000000000000000000000052
:103E70000000000000000000000000000000000042
:103E80000000000000000000000000000000000032
:103E90000000000000000000000000000000000022
:103EA0000000000000000000000000000000000012
:103EB0000000000000000000000000000000000002
:103EC00000000000000000000000000000000000F2
:103ED00000000000000000000000000000000000E2
:103EE00000000000000000000000000000000000D2
:103EF00000000000000000000000000000000000C2
:103F000000000000000000000000000000000000B1
:103F10000000000000000000000000840084008415
:103F200000840084008400840084000000000000FD
:103F300000000000008400840084008400840004E9
:103F400000000000000000841084008400840084CD
:103F50000084008400840084008400840084008441
:103F600000840084008400840084000000000000BD
:103F70000000000000000000000000000000000041
:103F80000004000400040004000400040004000411
:103F900000040004000400040084008410841084E1
:103FA00010841084108410841084108418C618C6DD
:103FB00018C618C618C618C618C618C618C618C611
:103FC0001084108410841084108410840004000471
:103FD00000000000000000000000000000000000E1
:103FE00000000000000000000000000000000000D1
:103FF00000000000000000000000000000000000C1
:104000000000100010001000100010041004000444
:104010000000000000000000108400840084000400
:104020000004000400040000000000000000000084
:104030000000000000000000000000000000000080
:104040000000000000000000000000000000000070
:104050000000000000000000000000000000000060
:104060000000000000000000000000000000000050
:104070000000000000000000000000000000000040
:104080000000000000000000000000000000000030
:104090000000000000000000000000000000000020
:1040A0000000000000000000000000000000000010
:1040B0000000000000000000000000000000000000
:1040C00000000000000000000000000000000000F0
:1040D00000000000000000000000000000000000E0
:1040E00000000000000000000000000000000000D0
:1040F0000000000000000000000000840084008434
:104100000084008400840084008400840000000097
:104110000000000000040084008400840084000487
:1041200000000000000410840084008400840084E7
:10413000008400840084008400840084008400845F
:1041400000840084008400040000000000000000DF
:10415000000000000000000000000000000000005F
:10416000000400040004000400040084008400042F
:10417000000400840084008400840084108410847F
:1041800010841084108410841084108418C618C6FB
:1041900018C618C618C618C618C618C618C618C62F
:1041A000108410841084108410841084000400048F
:1041B00000000000000000000000000000000000FF
:1041C00000000000000000000000000000000000EF
:1041D00000000000000000000000000000000000DF
:1041E0000000100010001000100410041004100053
:1041F000000000000000000010041084000400040F
:10420000000400040004000400000000000000009E
:10421000000000000000000000000000000000009E
:10422000000000000000000000000000000000008E
:10423000000000000000000000000000000000007E
:10424000000000000000000000000000000000006E
:10425000000000000000000000000000000000005E
:10426000000000000000000000000000000000004E
:10427000000000000000000000000000000000003E
:10428000000000000000000000000000000000002E
:10429000000000000000000000000000000000001E
:1042A000000000000000000000000000000000000E
:1042B00000000000000000000000000000000000FE
:1042C00000000000000000000000000000000000EE
:1042D0000000000000000000000000000004008456
:1042E0000084008400840084008400841084000022
:1042F0000000000000040084008400840084008426
:10430000000400840084008400840084008400840D
:10431000008400840084008400840084008400847D
:104320000084000000000000000000000000000009
:104330000000000000000000000000000000000479
:1043400000040004000400040004008400840084CD
:1043500000840084008400840004008400841084AD
:1043600010841084108410841084108418C618C619
:1043700018C618C618C618C618C618C618C6108497
:10438000108410841084108410841004000400042D
:104390000004000000000000000000000000000019
:1043A000000000000000000000000000000000000D
:1043B00000000000000000000000000000000000FD
:1043C0000000000010001000100010001004100485
:1043D00000000000000000001004100400040004AD
:1043E00000040004000000000000000000000000C5
:1043F00000000000000000000000000000000000BD
:1044000000000000000000000000000000000000AC
:10441000000000000000000000000000000000009C
:10442000000000000000000000000000000000008C
:10443000000000000000000000000000000000007C
:10444000000000000000000000000000000000006C
:10445000000000000000000000000000000000005C
:10446000000000000000000000000000000000004C
:10447000000000000000000000000000000000003C
:10448000000000000000000000000000000000002C
:10449000000000000000000000000000000000001C
:1044A000000000000000000000000000000000000C
:1044B0000000000000000000000000000000008478
:1044C00000840084008400840084008400840084CC
:1044D00000040000000400840084008400040084C0
:1044E00000840084008400840084008400840084AC
:1044F000008400840084008400840084000400049C
:1045000000000000000000000000000000000000AB
:104510000000000000000000000000000000000497
:1045200000040004000400040004000400840004EB
:10453000008400840084008400840084008410844B
:10454000108410841084108410841084108418C681
:1045500018C618C618C618C618C618C610841084FF
:10456000108410841084108410841004000400044B
:104570000004000000000000000000000000000037
:10458000000000000000000000000000000000002B
:10459000000000000000000000000000000000001B
:1045A00000000000100010001004100410040004AB
:1045B00000000000000000001004000400040004DB
:1045C00000040004000000000000000000000000E3
:1045D00000000000000000000000000000000000DB
:1045E00000000000000000000000000000000000CB
:1045F00000000000000000000000000000000000BB
:1046000000000000000000000000000000000000AA
:10461000000000000000000000000000000000009A
:10462000000000000000000000000000000000008A
:10463000000000000000000000000000000000007A
:10464000000000000000000000000000000000006A
:10465000000000000000000000000000000000005A
:10466000000000000000000000000000000000004A
:10467000000000000000000000000000000000003A
:10468000000000000000000000000000000000002A
:10469000000000000000000000000000000000001A
:1046A000000400840084008400840084008400846A
:1046B00000840084008400840084008400840084DA
:1046C00000840084008400840084008400840084CA
:1046D00000840084008400840004000000000000C6
:1046E00000000000000000000000000000000000CA
:1046F00000000000000000000000000000000004B6
:104700000004000400040004000400040084008489
:104710000084008400840084008400840084008479
:1047200010841084108410841084108410841084E9
:10473000108418C618C618C618C6108410841084B1
:104740001084108410841084108410040004000469
:104750000004000000000000000000000000000055
:104760000000000000000000000000000000000049
:104770000000000000000000000000000000000039
:1047800000000000100010041004100010040000CD
:104790000084008400000000000400040004000401
:1047A0000004000000000000000000000000000005
:1047B00000000000000000000000000000000000F9
:1047C00000000000000000000000000000000000E9
:1047D00000000000000000000000000000000000D9
:1047E00000000000000000000000000000000000C9
:1047F00000000000000000000000000000000000B9
:1048000000000000000000000000000000000000A8
:104810000000000000000000000000000000000098
:104820000000000000000000000000000000000088
:104830000000000000000000000000000000000078
:104840000000000000000000000000000000000068
:104850000000000000000000000000000000000058
:104860000000000000000000000000000000000048
:104870000000000000000000000000000000000038
:10488000000000840084008400840084008400848C
:1048900000840084008400840084008400840084F8
:1048A00000840084008400840084008400840084E8
:1048B0000084008400840004000000000000000068
:1048C00000000000000000000000000000000000E8
:1048D00000000000000000000000000000000004D4
:1048E0000004000400040004000400040004008428
:1048F0000084008400840084008400840084008498
:104900000084108410841084108410841084108417
:1049100010841084108410841084108410841084F7
:104920001084108410841084108400040004000497
:104930000004000000000000000000000000000073
:104940000000000000000000000000000000000067
:104950000000000000000000000000000000000057
:1049600000000004100400041000100410040004EF
:104970000084000400040004000400040004000497
:104980000000000000000000000000000000000027
:104990000000000000000000000000000000000017
:1049A0000000000000000000000000000000000007
:1049B00000000000000000000000000000000000F7
:1049C00000000000000000000000000000000000E7
:1049D00000000000000000000000000000000000D7
:1049E00000000000000000000000000000000000C7
:1049F00000000000000000000000000000000000B7
:104A000000000000000000000000000000000000A6
:104A10000000000000000000000000000000000096
:104A20000000000000000000000000000000000086
:104A30000000000000000000000000000000000076
:104A40000000000000000000000000000000000066
:104A50000000000000000000000000000000000056
:104A6000000000040084008400840084008400842A
:104A70000084008400840084008400840084008416
:104A80000084008400040084008400840084008486
:104A9000008400840084000000000000000000008A
:104AA0000000000000000000000000000000000006
:104AB00000000000000000000000000000000004F2
:104AC00000040004000400040004000400040004C6
:104AD0000084008400840084008400840004008436
:104AE0000084008410841084108410841084108446
:104AF0001084108410841084108410841084108416
:104B00001084108410841084100400040004000435
:104B1000000400040000000000000000000000008D
:104B20000000000000000000000000000000000085
:104B30000000000000000000000000000000000075
:104B400000000000000400040004100400040084BD
:104B5000008400840084008400040004000000003D
:104B60000000000000000000000000000000000045
:104B70000000000000000000000000000000000035
:104B80000000000000000000000000000000000025
:104B90000000000000000000000000000000000015
:104BA0000000000000000000000000000000000005
:104BB00000000000000000000000000000000000F5
:104BC00000000000000000000000000000000000E5
:104BD00000000000000000000000000000000000D5
:104BE00000000000000000000000000000000000C5
:104BF00000000000000000000000000000000000B5
:104C000000000000000000000000000000000000A4
:104C10000000000000000000000000000000000094
:104C20000000000000000000000000000000000084
:104C30000000000000000000000000000000000074
:104C4000000000000084008400840084008400844C
:104C50000084008400840084008400840084008434
:104C600000840084000400840084008400840084A4
:104C700000840004000000000000000000000000AC
:104C80000000000000000000000000000000000024
:104C90000000000000000000000000000000000014
:104CA00000040004000400040004000400040004E4
:104CB0000004000400040084000400040004000454
:104CC0000004000400040084108410841084108404
:104CD0001084108410841084108410841084108434
:104CE0001084108410841084100400040004000454
:104CF00000040004000400000000000000000000A8
:104D000000000000000000000000000000000000A3
:104D10000000000000000000000000000000000093
:104D2000000000000004000400040004100400045B
:104D30000084008400841084000000000000000053
:104D40000000000000000000000000000000000063
:104D50000000000000000000000000000000000053
:104D60000000000000000000000000000000000043
:104D70000000000000000000000000000000000033
:104D80000000000000000000000000000000000023
:104D90000000000000000000000000000000000013
:104DA0000000000000000000000000000000000003
:104DB00000000000000000000000000000000000F3
:104DC00000000000000000000000000000000000E3
:104DD00000000000000000000000000000000000D3
:104DE00000000000000000000000000000000000C3
:104DF00000000000000000000000000000000000B3
:104E000000000000000000000000000000000000A2
:104E10000000000000000000000000000000000092
:104E2000000000000000000400840084008400846E
:104E30000084008400840084008400840084008452
:104E400000840004008400840084008400840084C2
:104E50000000000000000000000000000000000052
:104E60000000000000000000000000000000000042
:104E70000000000000000000000000000000000032
:104E8000000000000004000400040004000400040A
:104E900000040004000400040004000400040004F2
:104EA0000004000400040004000400841084108442
:104EB0001084108410841084108410841084108452
:104EC0001084108410841084100410040004000462
:104ED00000040004000400040004000000000000BE
:104EE00000000000000000000000000000000000C2
:104EF00000000000000000000000000000000000B2
:104F0000000000000000000400040004000400048D
:104F100000040084108410840000000000000000E1
:104F20000000000000000000000000000000000081
:104F30000000000000000000000000000000000071
:104F40000000000000000000000000000000000061
:104F50000000000000000000000000000000000051
:104F60000000000000000000000000000000000041
:104F70000000000000000000000000000000000031
:104F80000000000000000000000000000000000021
:104F90000000000000000000000000000000000011
:104FA0000000000000000000000000000000000001
:104FB00000000000000000000000000000000000F1
:104FC00000000000000000000000000000000000E1
:104FD00000000000000000000000000000000000D1
:104FE00000000000000000000000000000000000C1
:104FF00000000000000000000000000000000000B1
:105000000000000000000000000000840084008414
:105010000084008400840084008400840084008470
:105020000084008400840084008400840004000064
:105030000000000000000000000000000000000070
:105040000000000000000000000000000000000060
:105050000000000000000000000000000000000050
:105060000000000000000000000400040004000430
:105070000004000400040004000400040004000410
:1050800000040004000400040004000400841084F0
:105090001084108410841084108410841084108470
:1050A00010841084108410841084108410840004F0
:1050B00000040004000400040004000400000000D8
:1050C00000000000000000000000000000000000E0
:1050D00000000000000000000000000000000000D0
:1050E00000000000000000000000000400040004B4
:1050F0000084108410841084000000000000000070
:10510000000000000000000000000000000000009F
:10511000000000000000000000000000000000008F
:10512000000000000000000000000000000000007F
:10513000000000000000000000000000000000006F
:10514000000000000000000000000000000000005F
:10515000000000000000000000000000000000004F
:10516000000000000000000000000000000000003F
:10517000000000000000000000000000000000002F
:10518000000000000000000000000000000000001F
:10519000000000000000000000000000000000000F
:1051A00000000000000000000000000000000000FF
:1051B00000000000000000000000000000000000EF
:1051C00000000000000000000000000000000000DF
:1051D00000000000000000000000000000000000CF
:1051E00000000000000000000000000000000000BF
:1051F000008400840084008400840084008400848F
:105200000084008400840084008400040004000002
:10521000000000000000000000000000000000008E
:10522000000000000000000000000000000000007E
:10523000000000000000000000000000000000006E
:105240000000000000000000000000000004000456
:10525000000400040004000400040004000400042E
:10526000000400040004000400040004000400849E
:10527000108410841084108410841084108410848E
:10528000108410841084108410841084108400848E
:1052900000040004000400040004000400040000F2
:1052A00000000000000000000000000000000000FE
:1052B00000000000000000000000000000000000EE
:1052C00000000000000000000004000400040004CE
:1052D000108410841084108400000000000000007E
:1052E00000000000000000000000000000000000BE
:1052F00000000000000000000000000000000000AE
:10530000000000000000000000000000000000009D
:10531000000000000000000000000000000000008D
:10532000000000000000000000000000000000007D
:10533000000000000000000000000000000000006D
:10534000000000000000000000000000000000005D
:10535000000000000000000000000000000000004D
:10536000000000000000000000000000000000003D
:10537000000000000000000000000000000000002D
:10538000000000000000000000000000000000001D
:10539000000000000000000000000000000000000D
:1053A00000000000000000000000000000000000FD
:1053B00000000000000000000000000000000000ED
:1053C00000000000000000000000000000000000DD
:1053D0000000000000000084008400840084008439
:1053E0000084008400840084008400040000000025
:1053F00000000000000000000000000000000000AD
:10540000000000000000000000000000000000009C
:10541000000000000000000000000000000000008C
:10542000000000000000000000000000000000007C
:105430000000000000000000000000000004000464
:10544000000400040004000400040004008400843C
:1054500000841084108410841084108410841084BC
:10546000108410841084108410841084100410049C
:1054700010040004000400040004000400040004FC
:105480000004000400000000000000000000000014
:10549000000000000000000000000000000000000C
:1054A00000040004000000000004000400040004E4
:1054B000108410841084108400000000000000009C
:1054C00000000000000000000000000000000000DC
:1054D00000000000000000000000000000000000CC
:1054E00000000000000000000000000000000000BC
:1054F00000000000000000000000000000000000AC
:10550000000000000000000000000000000000009B
:10551000000000000000000000000000000000008B
:10552000000000000000000000000000000000007B
:10553000000000000000000000000000000000006B
:10554000000000000000000000000000000000005B
:10555000000000000000000000000000000000004B
:10556000000000000000000000000000000000003B
:10557000000000000000000000000000000000002B
:10558000000000000000000000000000000000001B
:10559000000000000000000000000000000000000B
:1055A00000000000000000000000000000000000FB
:1055B0000000000000000084008400840084008457
:1055C00000840084008400840004000000000000C7
:1055D00000000000000000000000000000000000CB
:1055E00000000000000000000000000000000000BB
:1055F00000000000000000000000000000000000AB
:10560000000000000000000000000000000000009A
:105610000000000000000000000000000000000486
:1056200000040004000400040004000400040084DA
:1056300000841084108410841084108410841084DA
:1056400010841084108410841084108410841084BA
:10565000100410040004000400040004000400040A
:10566000000400040004000400000000000000002A
:10567000000000000000000000000004000400041E
:10568000000400040004000400040004000400847A
:1056900010841084108410840000000000000000BA
:1056A00000000000000000000000000000000000FA
:1056B00000000000000000000000000000000000EA
:1056C00000000000000000000000000000000000DA
:1056D00000000000000000000000000000000000CA
:1056E00000000000000000000000000000000000BA
:1056F00000000000000000000000000000000000AA
:105700000000000000000000000000000000000099
:105710000000000000000000000000000000000089
:105720000000000000000000000000000000000079
:105730000000000000000000000000000000000069
:105740000000000000000000000000000000000059
:105750000000000000000000000000000000000049
:105760000000000000000000000000000000000039
:105770000000000000000000000000000000000029
:105780000000000000000000000000000000000019
:105790000000000000000084008400840084008475
:1057A00000840084008400840004000000000000E5
:1057B00000000000000000000000000000000000E9
:1057C00000000000000000000000000000000000D9
:1057D00000000000000000000000000000000000C9
:1057E00000000000000000000000000000000000B9
:1057F00000000000000000000000000000000004A5
:105800000004000400040004000400040084008478
:1058100010841084108410841084108410841084E8
:1058200010841084108410841084108410841084D8
:105830001084100410040004000400040004000498
:105840000004000400040004000400040004000438
:105850000004000400040004000400040004000428
:105860000004000400040004000400040084108408
:1058700010841084108410840000000000000000D8
:105880000000000000000000000000000000000018
:105890000000000000000000000000000000000008
:1058A00000000000000000000000000000000000F8
:1058B00000000000000000000000000000000000E8
:1058C00000000000000000000000000000000000D8
:1058D00000000000000000000000000000000000C8
:1058E00000000000000000000000000000000000B8
:1058F00000000000000000000000000000000000A8
:105900000000000000000000000000000000000097
:105910000000000000000000000000000000000087
:105920000000000000000000000000000000000077
:105930000000000000000000000000000000000067
:105940000000000000000000000000000000000057
:105950000000000000000000000000000000000047
:105960000000000000000000000000000000000037
:105970000000000000000004008400840084008413
:105980000084008400840084000400000000000003
:105990000000000000000000000000000000000007
:1059A00000000000000000000000000000000000F7
:1059B00000000000000000000000000000000000E7
:1059C00000000000000000000000000000000000D7
:1059D00000000000000000000000000000000000C7
:1059E0000004000400040004000400040084008497
:1059F0001084108410841084108410841084108407
:105A000010841084108410841084108410841084F6
:105A10001084108410841084100400040004108486
:105A20001084108400040004000400040004000436
:105A30000004000400040004000400040004000446
:105A40000004000400040004000400041084108416
:105A500010841084108410840000000000000000F6
:105A60000000000000000000000000000000000036
:105A70000000000000000000000000000000000026
:105A80000000000000000000000000000000000016
:105A90000000000000000000000000000000000006
:105AA00000000000000000000000000000000000F6
:105AB00000000000000000000000000000000000E6
:105AC00000000000000000000000000000000000D6
:105AD00000000000000000000000000000000000C6
:105AE00000000000000000000000000000000000B6
:105AF00000000000000000000000000000000000A6
:105B00000000000000000000000000000000000095
:105B10000000000000000000000000000000000085
:105B20000000000000000000000000000000000075
:105B30000000000000000000000000000000000065
:105B40000000000000000000000000000000000055
:105B500000000000000000840084008400840084B1
:105B60000084008400840084000400000000000021
:105B70000000000000000000000000000000000025
:105B80000000000000000000000000000000000015
:105B90000000000000000000000000000000000005
:105BA00000000000000000000000000000000000F5
:105BB00000000000000000000000000000000000E5
:105BC00000000000000000040004000400840084C1
:105BD0001084108410841084108410841084108425
:105BE0001084108410841084108410841084108415
:105BF0001084108410841084108410841084108405
:105C00001084108410841084000400040004000434
:105C10000004000400040004000400040004000464
:105C20000004000400840004000400841084108434
:105C30001084108410841084000000000000000014
:105C40000000000000000000000000000000000054
:105C50000000000000000000000000000000000044
:105C60000000000000000000000000000000000034
:105C70000000000000000000000000000000000024
:105C80000000000000000000000000000000000014
:105C90000000000000000000000000000000000004
:105CA00000000000000000000000000000000000F4
:105CB00000000000000000000000000000000000E4
:105CC00000000000000000000000000000000000D4
:105CD00000000000000000000000000000000000C4
:105CE00000000000000000000000000000000000B4
:105CF00000000000000000000000000000000000A4
:105D00000000000000000000000000000000000093
:105D10000000000000000000000000000000000083
:105D20000000000000000000000000000000000073
:105D300000000000000000840084008400840084CF
:105D40000084008400840084000000000000000043
:105D50000000000000000000000000000000000043
:105D60000000000000000000000000000000000033
:105D70000000000000000000000000000000000023
:105D80000000000000000000000000000000000013
:105D90000000000000000000000000000000000003
:105DA00000000000000000000004000400840084E3
:105DB0001084108410841084108410841084108443
:105DC0001084108410841084108410841084108433
:105DD0001084108410841084108410841084108423
:105DE00010841084108410841084108410840004A3
:105DF0000004000400040084000400040004000403
:105E00000084008400841084108410841084108422
:105E10001084108410841084000000000000000032
:105E20000000000000000000000000000000000072
:105E30000000000000000000000000000000000062
:105E40000000000000000000000000000000000052
:105E50000000000000000000000000000000000042
:105E60000000000000000000000000000000000032
:105E70000000000000000000000000000000000022
:105E80000000000000000000000000000000000012
:105E90000000000000000000000000000000000002
:105EA00000000000000000000000000000000000F2
:105EB00000000000000000000000000000000000E2
:105EC00000000000000000000000000000000000D2
:105ED00000000000000000000000000000000000C2
:105EE00000000000000000000000000000000000B2
:105EF00000000000000000000000000000000000A2
:105F00000000000000000000000000000000000091
:105F100000000000000000840084008400840084ED
:105F200000840084008400040000000000000000E1
:105F30000000000000000000000000000000000061
:105F40000000000000000000000000000000000051
:105F50000000000000000000000000000000000041
:105F60000000000000000000000000000000000031
:105F70000000000000000000000000000000000021
:105F80000000000000000000000000040004008485
:105F90001084108410841084108410841084108461
:105FA0001084108410841084108410841084108451
:105FB0001084108410841084108410841084108441
:105FC0001084108410841084108410841084108431
:105FD0001084108410841084108400840084108441
:105FE0000084108410841084108410841084108421
:105FF0001084108410841084000000000000000051
:106000000000000000000000000000000000000090
:106010000000000000000000000000000000000080
:106020000000000000000000000000000000000070
:106030000000000000000000000000000000000060
:106040000000000000000000000000000000000050
:106050000000000000000000000000000000000040
:106060000000000000000000000000000000000030
:106070000000000000000000000000000000000020
:106080000000000000000000000000000000000010
:106090000000000000000000000000000000000000
:1060A00000000000000000000000000000000000F0
:1060B00000000000000000000000000000000000E0
:1060C00000000000000000000000000000000000D0
:1060D00000000000000000000000000000000000C0
:1060E00000000000000000000000000000000000B0
:1060F000000000000000008400840084008400840C
:10610000008400840084008400000000000000007F
:10611000000000000000000000000000000000007F
:10612000000000000000000000000000000000006F
:106130000000000000040004000000000000000057
:10614000000000000000000000000000000000004F
:10615000000000000000000000000000000000003F
:106160000000000000000000000000040004000423
:10617000108410841084108410841084108410847F
:10618000108410841084108410841084108410846F
:10619000108410841084108410841084108410845F
:1061A000108410841084108410841084108410844F
:1061B000108410841084108410841084108410843F
:1061C000108410841084108410841084108410842F
:1061D000108410841084108400000000000000006F
:1061E00000000000000000000000000000000000AF
:1061F000000000000000000000000000000000009F
:10620000000000000000000000000000000000008E
:10621000000000000000000000000000000000007E
:10622000000000000000000000000000000000006E
:10623000000000000000000000000000000000005E
:10624000000000000000000000000000000000004E
:10625000000000000000000000000000000000003E
:10626000000000000000000000000000000000002E
:10627000000000000000000000000000000000001E
:10628000000000000000000000000000000000000E
:1062900000000000000000000000000000000000FE
:1062A00000000000000000000000000000000000EE
:1062B00000000000000000000000000000000000DE
:1062C00000000000000000000000000000000000CE
:1062D00000000000008400840084008400840084A6
:1062E000008400840084008400040000000000009A
:1062F000000000000000000000000000000000009E
:10630000000000000000000000000000000000008D
:106310000000000000000000000400000000000079
:10632000000000000000000000000000000000006D
:10633000000000000000000000000000000000005D
:106340000000000000000000000000000000000449
:10635000000410841084108410841084108410842D
:10636000108410841084108410841084108410848D
:10637000108410841084108410841084108410847D
:10638000108410841084108410841084108410846D
:10639000108410841084108410841084108410845D
:1063A000108410841084108410841084108410844D
:1063B000108410841084108400000000000000008D
:1063C00000000000000000000000000000000000CD
:1063D00000000000000000000000000000000000BD
:1063E00000000000000000000000000000000000AD
:1063F000000000000000000000000000000000009D
:10640000000000000000000000000000000000008C
:10641000000000000000000000000000000000007C
:10642000000000000000000000000000000000006C
:10643000000000000000000000000000000000005C
:10644000000000000000000000000000000000004C
:10645000000000000000000000000000000000003C
:10646000000000000000000000000000000000002C
:10647000000000000000000000000000000000001C
:10648000000000000000000000000000000000000C
:1064900000000000000000000000000000000000FC
:1064A00000000000000000000000000000000000EC
:1064B00000000000008410840084008400840084B4
:1064C00000840084008400840000000000000000BC
:1064D00000000000000000000000000000000000BC
:1064E00000000000000000000000000000000000AC
:1064F0000000000000000000000000040000000098
:10650000000000000000000000000000000000008B
:10651000000000000000000000000000000000007B
:10652000000000000000000000000000000000006B
:1065300000041004108410841084108410841084CB
:1065400010841084108410841084108410841084AB
:10655000108410841084108410841084108410849B
:10656000108410841084108410841084108410848B
:10657000108410841084108410841084108410847B
:10658000108410841084108410841004100410846B
:1065900010841084108410840000000000000000AB
:1065A00000000000000000000000000000000000EB
:1065B00000000000000000000000000000000000DB
:1065C00000000000000000000000000000000000CB
:1065D00000000000000000000000000000000000BB
:1065E00000000000000000000000000000000000AB
:1065F000000000000000000000000000000000009B
:10660000000000000000000000000000000000008A
:10661000000000000000000000000000000000007A
:10662000000000000000000000000000000000006A
:10663000000000000000000000000000000000005A
:10664000000000000000000000000000000000004A
:10665000000000000000000000000000000000003A
:10666000000000000000000000000000000000002A
:10667000000000000000000000000000000000001A
:10668000000000000000000000000000000000000A
:1066900000000000000000040084008400840084E6
:1066A00000840084008400840004000400040004CA
:1066B00000040004000000000000000000000000D2
:1066C00000000000000000000000000000000000CA
:1066D00000000000000000000000000000000000BA
:1066E00000000000000000000000000000000000AA
:1066F000000000000000000000000000000000009A
:106700000000000000000000000000000000000089
:1067100000000000000400841084108410841084A1
:1067200010841084108410841084108410841084C9
:1067300010841084108410841084108410841084B9
:1067400010841084108410841084108410841084A9
:106750001084108410841084108410841084108499
:106760001084108410841084100410041004100489
:106770001004108410841084000000000000000049
:106780000000000000000000000000000000000009
:1067900000000000000000000000000000000000F9
:1067A00000000000000000000000000000000000E9
:1067B00000000000000000000000000000000000D9
:1067C00000000000000000000000000000000000C9
:1067D00000000000000000000000000000000000B9
:1067E00000000000000000000000000000000000A9
:1067F0000000000000000000000000000000000099
:106800000000000000000000000000000000000088
:106810000000000000000000000000000000000078
:106820000000000000000000000000000000000068
:106830000000000000000000000000000000000058
:106840000000000000000000000000000000000048
:106850000000000000000000000000000000000038
:106860000000000000000000000000000000000028
:106870000000000000000000008400840084008408
:1068800000840084008400840004000400040004E8
:1068900000040004000400000000000000000000EC
:1068A00000000000000000000000000000000000E8
:1068B00000000000000000000000000000000000D8
:1068C00000000000000000000000000000000000C8
:1068D00000000000000000000000000000000000B8
:1068E00000000000000000000000000000000000A8
:1068F0000000000000000004000410041004100454
:106900001004100410841084108410041004100467
:106910001004100410041084108410841084108457
:1069200010841084108410841084108410841084C7
:1069300010841084108410841084108410841084B7
:1069400010841084108410841084108410041004A7
:106950001004108410841084000000000000000067
:106960000000000000000000000000000000000027
:106970000000000000000000000000000000000017
:106980000000000000000000000000000000000007
:1069900000000000000000000000000000000000F7
:1069A00000000000000000000000000000000000E7
:1069B00000000000000000000000000000000000D7
:1069C00000000000000000000000000000000000C7
:1069D00000000000000000000000000000000000B7
:1069E00000000000000000000000000000000000A7
:1069F0000000000000000000000000000000000097
:106A00000000000000000000000000000000000086
:106A10000000000000000000000000000000000076
:106A20000000000000000000000000000000000066
:106A30000000000000000000000000000000000056
:106A40000000000000000000000000000000000046
:106A500000000000000000000004008400840084A6
:106A60000084008400840084008400040004000486
:106A70000004000400040004000000000000000006
:106A80000000000000000000000000000000000006
:106A900000000000000000000000000000000000F6
:106AA00000000000000000000000000000000000E6
:106AB00000000000000000000000000000000000D6
:106AC00000000000000000000000000000000000C6
:106AD000000000000000000000000004100410048A
:106AE0001004100410041004100410040004000426
:106AF00000040004000410041004108410841084A6
:106B000010841084108410841084108410841084E5
:106B100010841084108410841084108410841084D5
:106B200010841084108410841084108410041004C5
:106B30001004100410041084000000000000000085
:106B40000000000000000000000000000000000045
:106B50000000000000000000000000000000000035
:106B60000000000000000000000000000000000025
:106B70000000000000000000000000000000000015
:106B80000000000000000000000000000000000005
:106B900000000000000000000000000000000000F5
:106BA00000000000000000000000000000000000E5
:106BB00000000000000000000000000000000000D5
:106BC00000000000000000000000000000000000C5
:106BD00000000000000000000000000000000000B5
:106BE00000000000000000000000000000000000A5
:106BF0000000000000000000000000000000000095
:106C00000000000000000000000000000000000084
:106C10000000000000000000000000000000000074
:106C20000000000000000000000000000000000064
:106C300000000000000400000000008400840084C4
:106C400000840084008400840084000400040004A4
:106C50000004000400040004000400000000000020
:106C60000000000000000000000000000000000024
:106C70000000000000000000000000000000000014
:106C80000000000000000000000000000000000004
:106C900000000000000000000000000000000000F4
:106CA00000000000000000000000000000000000E4
:106CB00000000000000000000000000000000004D0
:106CC00000040004000400040004000000000000B0
:106CD000000000000004000400041004108410846C
:106CE0001084108410841084108410841084108404
:106CF00010841084108410841084108410841084F4
:106D00001084108410841084108410841084100463
:106D10001004100410041004000000000000000023
:106D20000000000000000000000000000000000063
:106D30000000000000000000000000000000000053
:106D40000000000000000000000000000000000043
:106D50000000000000000000000000000000000033
:106D60000000000000000000000000000000000023
:106D70000000000000000000000000000000000013
:106D80000000000000000000000000000000000003
:106D900000000000000000000000000000000000F3
:106DA00000000000000000000000000000000000E3
:106DB00000000000000000000000000000000000D3
:106DC00000000000000000000000000000000000C3
:106DD00000000000000000000000000000000000B3
:106DE00000000000000000000000000000000000A3
:106DF0000000000000000000000000000000000093
:106E00000000000400040004000400040004000466
:106E1000000400040004000000000004008400845A
:106E200000840084008400840084000400040004C2
:106E3000000400040004000400040000000000003E
:106E40000000000000000000000000000000000042
:106E50000000000000000000000000000000000032
:106E60000000000000000000000000000000000022
:106E70000000000000000000000000000000000012
:106E80000000000000000000000000000000000002
:106E900000000000000000000000000000000000F2
:106EA00000000004000000000000000000000000DE
:106EB0000000000000000000000400040004108432
:106EC0001084108410841084108410841084108422
:106ED0001084108410841084108410841084108412
:106EE0001084108410841084108410841084108402
:106EF0001004100400040004000000000000000062
:106F00000000000000000000000000000000000081
:106F10000000000000000000000000000000000071
:106F20000000000000000000000000000000000061
:106F30000000000000000000000000000000000051
:106F40000000000000000000000000000000000041
:106F50000000000000000000000000000000000031
:106F60000000000000000000000000000000000021
:106F70000000000000000000000000000000000011
:106F80000000000000000000000000000000000001
:106F900000000000000000000000000000000000F1
:106FA00000000000000000000000000000000000E1
:106FB00000000000000000000000000000000000D1
:106FC00000000000000000000000000000000000C1
:106FD00000000000000000000000000000000000B1
:106FE0000004000400040004000400040004000481
:106FF0000004000400040004000000040084008475
:107000000084008400040084008400040004000460
:107010000004000400040004000400040000000058
:107020000000000000000000000000000000000060
:107030000000000000000000000000000000000050
:107040000000000000000000000400040000000434
:10705000000400000000000000000000000000002C
:107060000000000000000000000000000000000020
:107070000000000000000000000000000000000010
:107080000000000000000000000000000000000000
:1070900000000000000000000000000000040004E8
:1070A0001084108410841084108410841084108440
:1070B0001084108410841084108410841084108430
:1070C0001084108410841084108410841084108420
:1070D0001004000400040004000000000000000090
:1070E00000000000000000000000000000000000A0
:1070F0000000000000000000000000000000000090
:10710000000000000000000000000000000000007F
:10711000000000000000000000000000000000006F
:10712000000000000000000000000000000000005F
:10713000000000000000000000000000000000004F
:10714000000000000000000000000000000000003F
:10715000000000000000000000000000000000002F
:10716000000000000000000000000000000000001F
:10717000000000000000000000000000000000000F
:1071800000000000000000000000000000000000FF
:1071900000000000000000000000000000000000EF
:1071A00000000000000000000000000000000000DF
:1071B00000000000000000000000000000000000CF
:1071C000000400040004000400040004000400049F
:1071D0000004000400040004000400000084008493
:1071E000008400840004008400840004000400047F
:1071F0000004000400040004000400040000000077
:10720000000000000000000000000000000000007E
:10721000000000000000000000000000000000006E
:107220000000000000040004000400040004000446
:107230000004000400000000000000000000000046
:10724000000000000000000000000000000000003E
:10725000000000000000000000000000000000002E
:10726000000000000000000000000000000000001E
:10727000000000000000000000000000000000040A
:10728000000400040084108410841084108410848E
:10729000108410841084108410841084108410844E
:1072A000108410841084108410841084108410843E
:1072B00010040004000400040000000000000000AE
:1072C00000000000000000000000000000000000BE
:1072D00000000000000000000000000000000000AE
:1072E000000000000000000000000000000000009E
:1072F000000000000000000000000000000000008E
:10730000000000000000000000000000000000007D
:10731000000000000000000000000000000000006D
:10732000000000000000000000000000000000005D
:10733000000000000000000000000000000000004D
:10734000000000000000000000000000000000003D
:10735000000000000000000000000000000000002D
:10736000000000000000000000000000000000001D
:10737000000000000000000000000000000000000D
:1073800000000000000000000000000000000000FD
:1073900000000000000000000000000000000004E9
:1073A00000040004000400040004000400040004BD
:1073B0000004000400040004000400000004008431
:1073C000008400840004008400840084000400041D
:1073D0000004000400040004000400040004000091
:1073E000000000000000000000000000000000009D
:1073F000000000000000000000000000000000008D
:107400000000000000040004000400040004000464
:107410000004000400040000000000000000000060
:10742000000000000000000000000000000000005C
:10743000000000000000000000000000000000004C
:107440000000000000000000000000040004000034
:10745000000000000000000000000000000000002C
:1074600000040004000400041084108410841084BC
:10747000108410841084108410841084108410846C
:10748000108410841084108410841084108410845C
:107490000004000400040004E0FFE0FFE0FFE0FF60
:1074A000E0FFE0FFE0FFE0FFE0FFE0FFE0FFE0FFE4
:1074B000E0FFE0FFE0FFE0FFE0FFE0FFE0FFE0FFD4
:1074C000E0FFE0FFE0FFE0FFE0FFE0FFE0FFE0FFC4
:1074D000E0FFE0FFE0FFE0FFE0FFE0FFE0FFE0FFB4
:1074E000E0FFE0FFE0FFE0FFE0FFE0FFE0FFE0FFA4
:1074F000E0FFE0FFE0FFE0FFE0FFE0FFE0FFE0FF94
:10750000E0FFE0FFE0FFE0FFE0FFE0FFE0FFE0FF83
:10751000E0FFE0FFE0FFE0FFE0FFE0FFE0FFE0FF73
:10752000E0FFE0FFE0FFE0FFE0FFE0FFE0FFE0FF63
:10753000E0FFE0FFE0FFE0FFE0FFE0FFE0FFE0FF53
:10754000E0FFE0FFE0FFE0FFE0FFE0FFE0FFE0FF43
:10755000E0FFE0FFE0FFE0FFE0FFE0FFE0FFE0FF33
:10756000E0FFE0FFE0FFE0FFE0FFE0FFE0FFE0FF23
:10757000E0FFE0FFE0FFE0FFE0FFE0FFE0FFE0FF13
:10758000E0FFE0FFE0FFE0FFE0FFE0FFE0FFE0FF03
:10759000E0FFE0FFE0FFE0FFE0FFE0FFE0FFE0FFF3
:1075A000E0FFE0FFE0FFE0FFE0FFE0FFE0FFE0FFE3
:1075B000E0FFE0FFE0FFE0FFE0FFE0FFE0FFE0FFD3
:1075C000E0FFE0FFE0FFE0FFE0FFE0FFE0FFE0FFC3
:1075D000E0FFE0FFE0FFE0FFE0FFE0FFE0FFE0FFB3
:1075E000E0FFE0FFE0FFE0FFE0FFE0FFE0FFE0FFA3
:1075F000E0FFE0FFE0FFE0FFE0FFE0FFE0FFE0FF93
:10760000E0FFE0FFE0FFE0FFE0FFE0FFE0FFE0FF82
:10761000E0FFE0FFE0FFE0FFE0FFE0FFE0FFE0FF72
:10762000E0FFE0FFE0FFE0FFE0FFE0FFE0FFE0FF62
:10763000E0FFE0FFE0FFE0FFE0FFE0FFE0FFE0FF52
:10764000E0FFE0FFE0FFE0FFE0FFE0FFE0FFE0FF42
:10765000E0FFE0FFE0FFE0FFE0FFE0FFE0FFE0FF32
:10766000E0FFE0FFE0FFE0FFE0FFE0FFE0FFE0FF22
:10767000E0FFE0FFE0FFE0FFE0FFE0FFE0FFE0FF12
:10768000E0FFE0FFE0FFE0FFE0FFE0FFE0FFE0FF02
:10769000E0FFE0FFE0FFE0FFE0FFE0FFE0FFE0FFF2
:1076A000E0FFE0FFE0FFE0FFE0FFE0FFE0FFE0FFE2
:1076B000E0FFE0FFE0FFE0FFE0FFE0FFE0FFE0FFD2
:1076C000E0FFE0FFE0FFE0FFE0FFE0FFE0FFE0FFC2
:1076D000E0FFE0FFE0FFE0FFE0FFE0FFE0FFE0FFB2
:1076E000E0FFE0FFE0FFE0FFE0FFE0FFE0FFE0FFA2
:1076F000E0FFE0FFE0FFE0FFE0FFE0FFE0FFE0FF92
:10770000E0FFE0FFE0FFE0FFE0FFE0FFE0FFE0FF81
:10771000E0FFE0FFE0FFE0FFE0FFE0FFE0FFE0FF71
:10772000E0FFE0FFE0FFE0FFE0FFE0FFE0FFE0FF61
:10773000E0FFE0FFE0FFE0FFE0FFE0FFE0FFE0FF51
:10774000E0FFE0FFE0FFE0FFE0FFE0FFE0FFE0FF41
:10775000E0FFE0FFE0FFE0FFE0FFE0FFE0FFE0FF31
:10776000E0FFE0FFE0FFE0FFE0FFE0FFE0FFE0FF21
:10777000E0FFE0FFE0FFE0FFE0FFE0FFE0FFE0FF11
:10778000E0FFE0FFE0FFE0FFE0FFE0FFE0FFE0FF01
:10779000E0FFE0FFE0FFE0FFE0FFE0FFE0FFE0FFF1
:1077A000E0FFE0FFE0FFE0FFE0FFE0FFE0FFE0FFE1
:1077B000E0FFE0FFE0FFE0FFE0FFE0FFE0FFE0FFD1
:1077C000E0FFE0FFE0FFE0FFE0FFE0FFE0FFE0FFC1
:1077D000E0FFE0FFE0FFE0FFE0FFE0FFE0FFE0FFB1
:1077E000E0FFE0FFE0FFE0FFE0FFE0FFE0FFE0FFA1
:1077F000E0FFE0FFE0FFE0FFE0FFE0FFE0FFE0FF91
:10780000E0FFE0FFE0FFE0FFE0FFE0FFE0FFE0FF80
:10781000E0FFE0FFE0FFE0FFE0FFE0FFE0FFE0FF70
:10782000E0FFE0FFE0FFE0FFE0FFE0FFE0FFE0FF60
:10783000E0FFE0FFE0FFE0FFE0FFE0FFE0FFE0FF50
:10784000E0FFE0FFE0FFE0FFE0FFE0FFE0FFE0FF40
:10785000E0FFE0FFE0FFE0FFE0FFE0FFE0FFE0FF30
:10786000E0FFE0FFE0FFE0FFE0FFE0FFE0FFE0FF20
:10787000E0FFE0FFE0FFE0FFE0FFE0FFE0FFE0FF10
:10788000E0FFE0FFE0FFE0FFE0FFE0FFE0FFE0FF00
:10789000E0FFE0FFE0FFE0FFE0FFE0FFE0FFE0FFF0
:1078A000E0FFE0FFE0FFE0FFE0FFE0FFE0FFE0FFE0
:1078B000E0FFE0FFE0FFE0FFE0FFE0FFE0FFE0FFD0
:1078C000E0FFE0FFE0FFE0FFE0FFE0FFE0FFE0FFC0
:1078D000E0FFE0FFE0FFE0FFE0FFE0FFE0FFE0FFB0
:1078E000E0FFE0FFE0FFE0FFE0FFE0FFE0FFE0FFA0
:1078F000E0FFE0FFE0FFE0FFE0FFE0FFE0FFE0FF90
:10790000E0FFE0FFE0FFE0FFE0FFE0FFE0FFE0FF7F
:10791000E0FFE0FFE0FFE0FFE0FFE0FFE0FFE0FF6F
:10792000E0FFE0FFE0FFE0FFE0FFE0FFE0FFE0FF5F
:10793000E0FFE0FFE0FFE0FFE0FFE0FFE0FFE0FF4F
:10794000E0FFE0FFE0FFE0FFE0FFE0FFE0FFE0FF3F
:10795000E0FFE0FFE0FFE0FFE0FFE0FFE0FFE0FF2F
:10796000E0FFE0FFE0FFE0FFE0FFE0FFE0FFE0FF1F
:10797000E0FFE0FFE0FFE0FFE0FFE0FFE0FFE0FF0F
:10798000E0FFE0FFE0FFE0FFE0FFE0FFE0FFE0FFFF
:10799000E0FFE0FFE0FFE0FFE0FFE0FFE0FFE0FFEF
:1079A000E0FFE0FFE0FFE0FFE0FFE0FFE0FFE0FFDF
:1079B000E0FFE0FFE0FFE0FFE0FFE0FFE0FFE0FFCF
:1079C000E0FFE0FFE0FFE0FFE0FFE0FFE0FFE0FFBF
:1079D000E0FFE0FFE0FFE0FFE0FFE0FFE0FFE0FFAF
:1079E000E0FFE0FFE0FFE0FFE0FFE0FFE0FFE0FF9F
:1079F000E0FFE0FFE0FFE0FFE0FFE0FFE0FFE0FF8F
:107A0000E0FFE0FFE0FFE0FFE0FFE0FFE0FFE0FF7E
:107A1000E0FFE0FFE0FFE0FFE0FFE0FFE0FFE0FF6E
:107A2000E0FFE0FFE0FFE0FFE0FFE0FFE0FFE0FF5E
:107A3000E0FFE0FFE0FFE0FFE0FFE0FFE0FFE0FF4E
:107A4000E0FFE0FFE0FFE0FFE0FFE0FFE0FFE0FF3E
:107A5000E0FFE0FFE0FFE0FFE0FFE0FFE0FFE0FF2E
:107A6000E0FFE0FFE0FFE0FFE0FFE0FFE0FFE0FF1E
:107A7000E0FFE0FFE0FFE0FFE0FFE0FFE0FFE0FF0E
:107A8000E0FFE0FFE0FFE0FFE0FFE0FFE0FFE0FFFE
:107A9000E0FFE0FFE0FFE0FFE0FFE0FFE0FFE0FFEE
:107AA000E0FFE0FFE0FFE0FFE0FFE0FFE0FFE0FFDE
:107AB000E0FFE0FFE0FFE0FFE0FFE0FFE0FFE0FFCE
:107AC000E0FFE0FFE0FFE0FFE0FFE0FFE0FFE0FFBE
:107AD000E0FFE0FFE0FFE0FFE0FFE0FFE0FFE0FFAE
:107AE000E0FFE0FFE0FFE0FFE0FFE0FFE0FFE0FF9E
:107AF000E0FFE0FFE0FFE0FFE0FFE0FFE0FFE0FF8E
:107B0000E0FFE0FFE0FFE0FFE0FFE0FFE0FFE0FF7D
:107B1000E0FFE0FFE0FFE0FFE0FFE0FFE0FFE0FF6D
:107B2000E0FFE0FFE0FFE0FFE0FFE0FFE0FFE0FF5D
:107B3000E0FFE0FFE0FFE0FFE0FFE0FFE0FFE0FF4D
:107B4000E0FFE0FFE0FFE0FFE0FFE0FFE0FFE0FF3D
:107B5000E0FFE0FFE0FFE0FFE0FFE0FFE0FFE0FF2D
:107B6000E0FFE0FFE0FFE0FFE0FFE0FFE0FFE0FF1D
:107B7000E0FFE0FFE0FFE0FFE0FFE0FFE0FFE0FF0D
:107B8000E0FFE0FFE0FFE0FFE0FFE0FFE0FFE0FFFD
:107B9000E0FFE0FFE0FFE0FFE0FFE0FFE0FFE0FFED
:107BA000E0FFE0FFE0FFE0FFE0FFE0FFE0FFE0FFDD
:107BB000E0FFE0FFE0FFE0FFE0FFE0FFE0FFE0FFCD
:107BC000E0FFE0FFE0FFE0FFE0FFE0FFE0FFE0FFBD
:107BD000E0FFE0FFE0FFE0FFE0FFE0FFE0FFE0FFAD
:107BE000E0FFE0FFE0FFE0FFE0FFE0FFE0FFE0FF9D
:107BF000E0FFE0FFE0FFE0FFE0FFE0FFE0FFE0FF8D
:107C0000E0FFE0FFE0FFE0FFE0FFE0FFE0FFE0FF7C
:107C1000E0FFE0FFE0FFE0FFE0FFE0FFE0FFE0FF6C
:107C2000E0FFE0FFE0FFE0FFE0FFE0FFE0FFE0FF5C
:107C3000E0FFE0FFE0FFE0FFE0FFE0FFE0FFE0FF4C
:107C4000E0FFE0FFE0FFE0FFE0FFE0FFE0FFE0FF3C
:107C5000E0FFE0FFE0FFE0FFE0FFE0FFE0FFE0FF2C
:107C6000E0FFE0FFE0FFE0FFE0FFE0FFE0FFE0FF1C
:107C7000E0FFE0FFE0FFE0FFE0FFE0FFE0FFE0FF0C
:107C8000E0FFE0FFE0FFE0FFE0FFE0FFE0FFE0FFFC
:107C9000E0FFE0FFE0FFE0FFE0FFE0FFE0FFE0FFEC
:107CA000E0FFE0FFE0FFE0FFE0FFE0FFE0FFE0FFDC
:107CB000E0FFE0FFE0FFE0FFE0FFE0FFE0FFE0FFCC
:107CC000E0FFE0FFE0FFE0FFE0FFE0FFE0FFE0FFBC
:107CD000E0FFE0FFE0FFE0FFE0FFE0FFE0FFE0FFAC
:107CE000E0FFE0FFE0FFE0FFE0FFE0FFE0FFE0FF9C
:107CF000E0FFE0FFE0FFE0FFE0FFE0FFE0FFE0FF8C
:107D0000E0FFE0FFE0FFE0FFE0FFE0FFE0FFE0FF7B
:107D1000E0FFE0FFE0FFE0FFE0FFE0FFE0FFE0FF6B
:107D2000E0FFE0FFE0FFE0FFE0FFE0FFE0FFE0FF5B
:107D3000E0FFE0FFE0FFE0FFE0FFE0FFE0FFE0FF4B
:107D4000E0FFE0FFE0FFE0FFE0FFE0FFE0FFE0FF3B
:107D5000E0FFE0FFE0FFE0FFE0FFE0FFE0FFE0FF2B
:107D6000E0FFE0FFE0FFE0FFE0FFE0FFE0FFE0FF1B
:107D7000E0FFE0FFE0FFE0FFE0FFE0FFE0FFE0FF0B
:107D8000E0FFE0FFE0FFE0FFE0FFE0FFE0FFE0FFFB
:107D9000E0FFE0FFE0FFE0FFE0FFE0FFE0FFE0FFEB
:107DA000E0FFE0FFE0FFE0FFE0FFE0FFE0FFE0FFDB
:107DB000E0FFE0FFE0FFE0FFE0FFE0FFE0FFE0FFCB
:107DC000E0FFE0FFE0FFE0FFE0FFE0FFE0FFE0FFBB
:107DD000E0FFE0FFE0FFE0FFE0FFE0FFE0FFE0FFAB
:107DE000E0FFE0FFE0FFE0FFE0FFE0FFE0FFE0FF9B
:107DF000E0FFE0FFE0FFE0FFE0FFE0FFE0FFE0FF8B
:107E0000E0FFE0FFE0FFE0FFE0FFE0FFE0FFE0FF7A
:107E1000E0FFE0FFE0FFE0FFE0FFE0FFE0FFE0FF6A
:107E2000E0FFE0FFE0FFE0FFE0FFE0FFE0FFE0FF5A
:107E3000E0FFE0FFE0FFE0FFE0FFE0FFE0FFE0FF4A
:107E4000E0FFE0FFE0FFE0FFE0FFE0FFE0FFE0FF3A
:107E5000E0FFE0FFE0FFE0FFE0FFE0FFE0FFE0FF2A
:107E6000E0FFE0FFE0FFE0FFE0FFE0FFE0FFE0FF1A
:107E7000E0FFE0FFE0FFE0FFE0FFE0FFE0FF0000E9
:107E800000000000E0FFE0FFE0FFE0FFE0FFE0FFB8
:107E9000E0FFE0FFE0FFE0FFE0FFE0FFE0FFE0FFEA
:107EA000E0FFE0FFE0FFE0FFE0FFE0FFE0FFE0FFDA
:107EB000E0FFE0FFE0FFE0FFE0FFE0FFE0FFE0FFCA
:107EC000E0FFE0FFE0FFE0FFE0FFE0FFE0FFE0FFBA
:107ED000E0FFE0FFE0FFE0FFE0FFE0FFE0FFE0FFAA
:107EE000E0FFE0FFE0FF00000000E0FFE0FFE0FF58
:107EF000E0FFE0FFE0FFE0FFE0FFE0FFE0FFE0FF8A
:107F0000E0FFE0FFE0FFE0FFE0FFE0FFE0FFE0FF79
:107F1000E0FFE0FFE0FFE0FFE0FFE0FFE0FFE0FF69
:107F2000E0FFE0FFE0FFE0FFE0FFE0FFE0FFE0FF59
:107F3000E0FFE0FFE0FFE0FFE0FFE0FFE0FFE0FF49
:107F4000E0FFE0FFE0FFE0FFE0FFE0FFE0FFE0FF39
:107F5000E0FFE0FF00000000E0FFE0FFE0FFE0FFE7
:107F6000E0FFE0FFE0FFE0FFE0FFE0FFE0FFE0FF19
:107F7000E0FFE0FFE0FFE0FFE0FFE0FFE0FFE0FF09
:107F8000E0FFE0FFE0FFE0FFE0FFE0FFE0FFE0FFF9
:107F9000E0FFE0FFE0FFE0FFE0FFE0FFE0FFE0FFE9
:107FA000E0FFE0FFE0FFE0FFE0FFE0FFE0FFE0FFD9
:107FB000E0FFE0FFE0FFE0FFE0FF00000000000066
:107FC000E0FFE0FFE0FFE0FFE0FFE0FFE0FFE0FFB9
:107FD000E0FFE0FFE0FFE0FFE0FFE0FFE0FFE0FFA9
:107FE000E0FFE0FFE0FFE0FFE0FFE0FFE0FFE0FF99
:107FF000E0FFE0FFE0FFE0FFE0FFE0FFE0FFE0FF89
:10800000E0FFE0FFE0FFE0FFE0FFE0FFE0FFE0FF78
:10801000E0FFE0FFE0FFE0FFE0FFE0FFE0FFE0FF68
:10802000E0FFE0FFE0FFE0FFE0FFE0FFE0FFE0FF58
:10803000E0FFE0FFE0FFE0FFE0FFE0FFE0FFE0FF48
:10804000E0FFE0FFE0FFE0FFE0FFE0FFE0FFE0FF38
:10805000E0FFE0FFE0FFE0FFE0FFE0FFE0FF000007
:1080600000000000E0FFE0FFE0FFE0FFE0FFE0FFD6
:10807000E0FFE0FFE0FFE0FFE0FFE0FFE0FFE0FF08
:10808000E0FFE0FFE0FFE0FFE0FFE0FFE0FFE0FFF8
:10809000E0FFE0FFE0FFE0FFE0FFE0FFE0FFE0FFE8
:1080A000E0FFE0FFE0FFE0FFE0FFE0FFE0FFE0FFD8
:1080B000E0FFE0FFE0FFE0FFE0FFE0FFE0FFE0FFC8
:1080C000E0FFE0FFE0FF00000000E0FFE0FFE0FF76
:1080D000E0FFE0FFE0FFE0FFE0FFE0FFE0FFE0FFA8
:1080E000E0FFE0FFE0FFE0FFE0FFE0FFE0FFE0FF98
:1080F000E0FFE0FFE0FFE0FFE0FFE0FFE0FFE0FF88
:10810000E0FFE0FFE0FFE0FFE0FFE0FFE0FFE0FF77
:10811000E0FFE0FFE0FFE0FFE0FFE0FFE0FFE0FF67
:10812000E0FFE0FFE0FFE0FFE0FFE0FFE0FFE0FF57
:10813000E0FFE0FF00000000E0FFE0FFE0FFE0FF05
:10814000E0FFE0FFE0FFE0FFE0FFE0FFE0FFE0FF37
:10815000E0FFE0FFE0FFE0FFE0FFE0FFE0FFE0FF27
:10816000E0FFE0FFE0FFE0FFE0FFE0FFE0FFE0FF17
:10817000E0FFE0FFE0FFE0FFE0FFE0FFE0FFE0FF07
:10818000E0FFE0FFE0FFE0FFE0FFE0FFE0FFE0FFF7
:10819000E0FFE0FFE0FFE0FFE0FF00000000000084
:1081A000E0FFE0FFE0FFE0FFE0FFE0FFE0FFE0FFD7
:1081B000E0FFE0FFE0FFE0FFE0FFE0FFE0FFE0FFC7
:1081C000E0FFE0FFE0FFE0FFE0FFE0FFE0FFE0FFB7
:1081D000E0FFE0FFE0FFE0FFE0FFE0FFE0FFE0FFA7
:1081E000E0FFE0FFE0FFE0FFE0FFE0FFE0FFE0FF97
:1081F000E0FFE0FFE0FFE0FFE0FFE0FFE0FFE0FF87
:10820000E0FFE0FFE0FFE0FFE0FFE0FFE0FFE0FF76
:10821000E0FFE0FFE0FFE0FFE0FFE0FFE0FFE0FF66
:10822000E0FFE0FFE0FFE0FFE0FFE0FFE0FFE0FF56
:10823000E0FFE0FFE0FFE0FFE0FFE0FFE0FF000025
:1082400000000000E0FFE0FFE0FFE0FFE0FFE0FFF4
:10825000E0FFE0FFE0FFE0FFE0FFE0FFE0FFE0FF26
:10826000E0FFE0FFE0FFE0FFE0FFE0FFE0FFE0FF16
:10827000E0FFE0FFE0FFE0FFE0FFE0FFE0FFE0FF06
:10828000E0FFE0FFE0FFE0FFE0FFE0FFE0FFE0FFF6
:10829000E0FFE0FFE0FFE0FFE0FFE0FFE0FFE0FFE6
:1082A000E0FFE0FFE0FF00000000E0FFE0FFE0FF94
:1082B000E0FFE0FFE0FFE0FFE0FFE0FFE0FFE0FFC6
:1082C000E0FFE0FFE0FFE0FFE0FFE0FFE0FFE0FFB6
:1082D000E0FFE0FFE0FFE0FFE0FFE0FFE0FFE0FFA6
:1082E000E0FFE0FFE0FFE0FFE0FFE0FFE0FFE0FF96
:1082F000E0FFE0FFE0FFE0FFE0FFE0FFE0FFE0FF86
:10830000E0FFE0FFE0FFE0FFE0FFE0FFE0FFE0FF75
:10831000E0FFE0FF00000000E0FFE0FFE0FFE0FF23
:10832000E0FFE0FFE0FFE0FFE0FFE0FFE0FFE0FF55
:10833000E0FFE0FFE0FFE0FFE0FFE0FFE0FFE0FF45
:10834000E0FFE0FFE0FFE0FFE0FFE0FFE0FFE0FF35
:10835000E0FFE0FFE0FFE0FFE0FFE0FFE0FFE0FF25
:10836000E0FFE0FFE0FFE0FFE0FFE0FFE0FFE0FF15
:10837000E0FFE0FFE0FFE0FFE0FF000000000000A2
:10838000E0FFE0FFE0FFE0FFE0FFE0FFE0FFE0FFF5
:10839000E0FFE0FFE0FFE0FFE0FFE0FFE0FFE0FFE5
:1083A000E0FFE0FFE0FFE0FFE0FFE0FFE0FFE0FFD5
:1083B000E0FFE0FFE0FFE0FFE0FFE0FFE0FFE0FFC5
:1083C000E0FFE0FFE0FFE0FFE0FFE0FFE0FFE0FFB5
:1083D000E0FFE0FFE0FFE0FFE0FFE0FFE0FFE0FFA5
:1083E000E0FFE0FFE0FFE0FFE0FFE0FFE0FFE0FF95
:1083F000E0FFE0FFE0FFE0FFE0FFE0FFE0FFE0FF85
:10840000E0FFE0FFE0FFE0FFE0FFE0FFE0FFE0FF74
:10841000E0FFE0FFE0FFE0FFE0FFE0FFE0FF000043
:1084200000000000E0FFE0FFE0FFE0FFE0FFE0FF12
:10843000E0FFE0FFE0FFE0FFE0FFE0FFE0FFE0FF44
:10844000E0FFE0FFE0FFE0FFE0FFE0FFE0FFE0FF34
:10845000E0FFE0FFE0FFE0FFE0FFE0FFE0FFE0FF24
:10846000E0FFE0FFE0FFE0FFE0FFE0FFE0FFE0FF14
:10847000E0FFE0FFE0FFE0FFE0FFE0FFE0FFE0FF04
:10848000E0FFE0FFE0FF00000000E0FFE0FFE0FFB2
:10849000E0FFE0FFE0FFE0FFE0FFE0FFE0FFE0FFE4
:1084A000E0FFE0FFE0FFE0FFE0FFE0FFE0FFE0FFD4
:1084B000E0FFE0FFE0FFE0FFE0FFE0FFE0FFE0FFC4
:1084C000E0FFE0FFE0FFE0FFE0FFE0FFE0FFE0FFB4
:1084D000E0FFE0FFE0FFE0FFE0FFE0FFE0FFE0FFA4
:1084E000E0FFE0FFE0FFE0FFE0FFE0FFE0FFE0FF94
:1084F000E0FFE0FF00000000E0FFE0FFE0FFE0FF42
:10850000E0FFE0FFE0FFE0FFE0FFE0FFE0FFE0FF73
:10851000E0FFE0FFE0FFE0FFE0FFE0FFE0FFE0FF63
:10852000E0FFE0FFE0FFE0FFE0FFE0FFE0FFE0FF53
:10853000E0FFE0FFE0FFE0FFE0FFE0FFE0FFE0FF43
:10854000E0FFE0FFE0FFE0FFE0FFE0FFE0FFE0FF33
:10855000E0FFE0FFE0FFE0FFE0FF000000000000C0
:10856000E0FFE0FFE0FFE0FFE0FFE0FFE0FFE0FF13
:10857000E0FFE0FFE0FFE0FFE0FFE0FFE0FFE0FF03
:10858000E0FFE0FFE0FFE0FFE0FFE0FFE0FFE0FFF3
:10859000E0FFE0FFE0FFE0FFE0FFE0FFE0FFE0FFE3
:1085A000E0FF0000000000000000000000000000EC
:1085B0000000E0FFE0FFE0FFE0FFE0FFE0FFE0FFA2
:1085C000E0FFE0FFE0FFE0FFE0FFE0FF0000000071
:1085D000000000000000000000000000E0FFE0FFDD
:1085E000E0FFE0FFE0FFE0FFE0FF00000000E0FF51
:1085F000E0FFE0FFE0FFE0FFE0FFE0FFE0FF000062
:1086000000000000E0FFE0FFE0FFE0FFE0FFE0FF30
:108610000000000000000000000000000000E0FF7B
:10862000E0FFE0FFE0FFE0FFE0FFE0FFE0FFE0FF52
:10863000E0FFE0FFE0FFE0FFE0FFE0FFE0FFE0FF42
:10864000E0FFE0FFE0FFE0FFE0FFE0FFE0FFE0FF32
:10865000E0FFE0FFE0FFE0FFE0FFE0FFE0FFE0FF22
:10866000E0FFE0FFE0FF00000000E0FFE0FFE0FFD0
:10867000E0FFE0FFE0FFE0FFE0FFE0FF00000000C0
:108680000000E0FFE0FFE0FFE0FFE0FFE0FFE0FFD1
:10869000E0FFE0FFE0FFE0FFE0FFE0FFE0FFE0FFE2
:1086A000E0FFE0FFE0FF000000000000E0FFE0FF6F
:1086B000E0FFE0FFE0FFE0FFE0FFE0FFE0FF0000A1
:1086C00000000000E0FFE0FFE0FFE0FFE0FFE0FF70
:1086D000E0FFE0FF00000000E0FFE0FFE0FFE0FF60
:1086E000E0FFE0FF000000000000000000000000CC
:1086F0000000E0FFE0FFE0FFE0FFE0FFE0FFE0FF61
:10870000E0FFE0FFE0FFE0FFE0FFE0FFE0FFE0FF71
:10871000E0FFE0FFE0FFE0FFE0FFE0FFE0FFE0FF61
:10872000E0FFE0FFE0FFE0FFE0FFE0FFE0FFE0FF51
:10873000E0FFE0FFE0FFE0FFE0FF000000000000DE
:10874000E0FFE0FFE0FFE0FFE0FFE0FFE0FFE0FF31
:10875000E0FFE0FFE0FFE0FFE0FFE0FFE0FFE0FF21
:10876000E0FFE0FFE0FFE0FFE0FFE0FFE0FFE0FF11
:10877000E0FFE0FFE0FFE0FFE0FFE0FFE0FFE0FF01
:10878000E0FF000000000000E0FFE0FFE0FFE0FF8E
:10879000E0FFE0FFE0FFE0FFE0FFE0FFE0FFE0FFE1
:1087A000E0FFE0FFE0FFE0FFE0FFE0FF000000008F
:1087B0000000E0FFE0FFE0FFE0FFE0FFE0FFE0FFA0
:1087C000E0FFE0FFE0FFE0FF00000000E0FFE0FF6F
:1087D000E0FFE0FFE0FFE0FFE0FFE0FFE0FF000080
:1087E00000000000E0FFE0FFE0FFE0FFE0FFE0FF4F
:1087F000000000000000E0FF00000000000000009A
:10880000E0FFE0FFE0FFE0FFE0FFE0FFE0FFE0FF70
:10881000E0FFE0FFE0FFE0FFE0FFE0FFE0FFE0FF60
:10882000E0FFE0FFE0FFE0FFE0FFE0FFE0FFE0FF50
:10883000E0FFE0FFE0FFE0FFE0FFE0FFE0FFE0FF40
:10884000E0FFE0FFE0FF00000000E0FFE0FFE0FFEE
:10885000E0FFE0FFE0FFE0FFE0FF000000000000BD
:108860000000E0FFE0FFE0FFE0FFE0FFE0FFE0FFEF
:10887000E0FFE0FFE0FFE0FFE0FFE0FFE0FFE0FF00
:10888000E0FFE0FF0000000000000000E0FFE0FF6C
:10889000E0FFE0FFE0FFE0FFE0FFE0FF000000009E
:1088A0000000E0FFE0FFE0FFE0FFE0FFE0FFE0FFAF
:1088B000E0FFE0FF00000000E0FFE0FFE0FFE0FF7E
:1088C000E0FFE0FF000000000000E0FFE0FF00002C
:1088D00000000000E0FFE0FFE0FFE0FFE0FFE0FF5E
:1088E000E0FFE0FFE0FFE0FFE0FFE0FFE0FFE0FF90
:1088F000E0FFE0FFE0FFE0FFE0FFE0FFE0FFE0FF80
:10890000E0FFE0FFE0FFE0FFE0FFE0FFE0FFE0FF6F
:10891000E0FFE0FFE0FFE0FFE0FF000000000000FC
:10892000E0FFE0FFE0FFE0FFE0FFE0FFE0FFE0FF4F
:10893000E0FFE0FFE0FFE0FFE0FFE0FFE0FFE0FF3F
:10894000E0FFE0FFE0FFE0FFE0FFE0FFE0FFE0FF2F
:10895000E0FFE0FFE0FFE0FFE0FFE0FFE0FFE0FF1F
:10896000E0FF000000000000E0FFE0FFE0FFE0FFAC
:10897000E0FFE0FFE0FFE0FFE0FFE0FFE0FFE0FFFF
:10898000E0FFE0FFE0FFE0FFE0FFE0FF00000000AD
:108990000000E0FFE0FFE0FFE0FFE0FFE0FFE0FFBE
:1089A000E0FFE0FFE0FFE0FF00000000E0FFE0FF8D
:1089B000E0FFE0FFE0FFE0FFE0FFE0FFE0FF00009E
:1089C00000000000E0FFE0FFE0FFE0FFE0FF00004C
:1089D00000000000E0FFE0FFE0FF000000000000FA
:1089E000E0FFE0FFE0FFE0FFE0FFE0FFE0FFE0FF8F
:1089F000E0FFE0FFE0FFE0FFE0FFE0FFE0FFE0FF7F
:108A0000E0FFE0FFE0FFE0FFE0FFE0FFE0FFE0FF6E
:108A1000E0FFE0FFE0FFE0FFE0FFE0FFE0FFE0FF5E
:108A2000E0FFE0FFE0FF00000000E0FFE0FFE0FF0C
:108A3000E0FFE0FFE0FFE0FF0000000000000000BA
:108A40000000E0FFE0FFE0FFE0FFE0FFE0FFE0FF0D
:108A5000E0FFE0FFE0FFE0FFE0FFE0FFE0FFE0FF1E
:108A6000E0FF00000000000000000000E0FFE0FF69
:108A7000E0FFE0FFE0FFE0FFE0FFE0FF00000000BC
:108A80000000E0FFE0FFE0FFE0FFE0FFE0FFE0FFCD
:108A9000E0FFE0FF00000000E0FFE0FFE0FFE0FF9C
:108AA000E0FFE0FF00000000E0FFE0FFE0FFE0FF8C
:108AB00000000000E0FFE0FFE0FFE0FFE0FFE0FF7C
:108AC000E0FFE0FFE0FFE0FFE0FFE0FFE0FFE0FFAE
:108AD000E0FFE0FFE0FFE0FFE0FFE0FFE0FFE0FF9E
:108AE000E0FFE0FFE0FFE0FFE0FFE0FFE0FFE0FF8E
:108AF000E0FFE0FFE0FFE0FFE0FF0000000000001B
:108B0000E0FFE0FFE0FFE0FFE0FFE0FFE0FFE0FF6D
:108B1000E0FFE0FFE0FFE0FFE0FFE0FFE0FFE0FF5D
:108B2000E0FFE0FFE0FFE0FFE0FFE0FFE0FFE0FF4D
:108B3000E0FFE0FFE0FFE0FFE0FFE0FFE0FFE0FF3D
:108B4000E0FF000000000000E0FFE0FFE0FFE0FFCA
:108B5000E0FFE0FFE0FFE0FFE0FFE0FFE0FFE0FF1D
:108B6000E0FFE0FFE0FFE0FFE0FFE0FF00000000CB
:108B70000000E0FFE0FFE0FFE0FFE0FFE0FFE0FFDC
:108B8000E0FFE0FFE0FF000000000000E0FFE0FF8A
:108B9000E0FFE0FFE0FFE0FFE0FFE0FFE0FF0000BC
:108BA00000000000E0FFE0FFE0FFE0FFE0FF00006A
:108BB00000000000E0FFE0FFE0FF00000000000018
:108BC000E0FFE0FFE0FFE0FFE0FFE0FFE0FFE0FFAD
:108BD000E0FFE0FFE0FFE0FFE0FFE0FFE0FFE0FF9D
:108BE000E0FFE0FFE0FFE0FFE0FFE0FFE0FFE0FF8D
:108BF000E0FFE0FFE0FFE0FFE0FFE0FFE0FFE0FF7D
:108C0000E0FFE0FFE0FF00000000E0FFE0FFE0FF2A
:108C1000E0FFE0FFE0FF00000000000000000000B7
:108C20000000E0FFE0FFE0FFE0FFE0FFE0FFE0FF2B
:108C3000E0FFE0FFE0FFE0FFE0FFE0FFE0FFE0FF3C
:108C4000000000000000000000000000E0FFE0FF66
:108C5000E0FFE0FFE0FFE0FFE0FF000000000000B9
:108C6000E0FFE0FFE0FFE0FFE0FFE0FFE0FFE0FF0C
:108C7000E0FFE0FF00000000E0FFE0FFE0FFE0FFBA
:108C8000E0FFE0FF00000000E0FFE0FFE0FFE0FFAA
:108C900000000000E0FFE0FFE0FFE0FFE0FFE0FF9A
:108CA000E0FFE0FFE0FFE0FFE0FFE0FFE0FFE0FFCC
:108CB000E0FFE0FFE0FFE0FFE0FFE0FFE0FFE0FFBC
:108CC000E0FFE0FFE0FFE0FFE0FFE0FFE0FFE0FFAC
:108CD000E0FFE0FFE0FFE0FFE0FF00000000000039
:108CE000E0FFE0FFE0FFE0FFE0FFE0FFE0FFE0FF8C
:108CF000E0FFE0FFE0FFE0FFE0FFE0FFE0FFE0FF7C
:108D0000E0FFE0FFE0FFE0FFE0FFE0FFE0FFE0FF6B
:108D1000E0FFE0FFE0FFE0FFE0FFE0FFE0FFE0FF5B
:108D2000E0FF00000000E0FFE0FFE0FFE0FFE0FF09
:108D3000E0FFE0FFE0FFE0FFE0FFE0FFE0FFE0FF3B
:108D4000E0FFE0FFE0FFE0FFE0FFE0FF00000000E9
:108D5000E0FFE0FFE0FFE0FFE0FFE0FFE0FFE0FF1B
:108D6000E0FFE0FF000000000000E0FFE0FFE0FFA8
:108D7000E0FFE0FFE0FFE0FFE0FFE0FFE0FF0000DA
:108D800000000000E0FFE0FFE0FFE0FFE0FFE0FFA9
:108D9000E0FFE0FFE0FFE0FFE0FF00000000000078
:108DA000E0FFE0FFE0FFE0FFE0FFE0FFE0FFE0FFCB
:108DB000E0FFE0FFE0FFE0FFE0FFE0FFE0FFE0FFBB
:108DC000E0FFE0FFE0FFE0FFE0FFE0FFE0FFE0FFAB
:108DD000E0FFE0FFE0FFE0FFE0FFE0FFE0FFE0FF9B
:108DE000E0FFE0FFE0FF00000000E0FFE0FFE0FF49
:108DF000E0FFE0FFE0FF00000000E0FF00000000F7
:108E00000000E0FFE0FFE0FFE0FFE0FFE0FFE0FF49
:108E1000E0FFE0FFE0FFE0FFE0FFE0FFE0FFE0FF5A
:108E200000000000E0FF000000000000E0FFE0FFA5
:108E3000E0FFE0FFE0FFE0FFE0FF00000000E0FFF8
:108E4000E0FFE0FFE0FFE0FFE0FFE0FFE0FFE0FF2A
:108E5000E0FFE0FF00000000E0FFE0FFE0FFE0FFD8
:108E6000E0FFE0FFE0FFE0FFE0FFE0FFE0FFE0FF0A
:108E700000000000E0FFE0FFE0FFE0FFE0FFE0FFB8
:108E8000E0FFE0FFE0FFE0FFE0FFE0FFE0FFE0FFEA
:108E9000E0FFE0FFE0FFE0FFE0FFE0FFE0FFE0FFDA
:108EA000E0FFE0FFE0FFE0FFE0FFE0FFE0FFE0FFCA
:108EB000E0FFE0FFE0FFE0FFE0FF00000000000057
:108EC000E0FFE0FFE0FFE0FFE0FFE0FFE0FFE0FFAA
:108ED000E0FFE0FFE0FFE0FFE0FFE0FFE0FFE0FF9A
:108EE000E0FFE0FFE0FFE0FFE0FFE0FFE0FFE0FF8A
:108EF000E0FFE0FFE0FFE0FFE0FFE0FFE0FFE0FF7A
:108F00000000000000000000000000000000000061
:108F1000E0FFE0FFE0FFE0FFE0FFE0FFE0FFE0FF59
:108F2000E0FFE0FFE0FFE0FFE0FF000000000000E6
:108F300000000000000000000000E0FFE0FFE0FF94
:108F4000E0FFE0FF00000000000000000000E0FF84
:108F5000E0FFE0FFE0FFE0FFE0FFE0FFE0FF0000F8
:108F600000000000E0FFE0FFE0FFE0FFE0FFE0FFC7
:108F7000E0FFE0FFE0FFE0FFE0FF00000000000096
:108F8000E0FFE0FFE0FFE0FFE0FFE0FFE0FFE0FFE9
:108F9000E0FFE0FFE0FFE0FFE0FFE0FFE0FFE0FFD9
:108FA000E0FFE0FFE0FFE0FFE0FFE0FFE0FFE0FFC9
:108FB000E0FFE0FFE0FFE0FFE0FFE0FFE0FFE0FFB9
:108FC000E0FFE0FFE0FF00000000E0FFE0FFE0FF67
:108FD000E0FFE0FFE0FFE0FFE0FFE0FF0000000057
:108FE0000000E0FFE0FFE0FFE0FFE0FFE0FFE0FF68
:108FF000E0FFE0FFE0FFE0FFE0FFE0FFE0FFE0FF79
:10900000E0FFE0FFE0FF000000000000E0FFE0FF05
:10901000E0FFE0FFE0FFE0FFE0FF000000000000F5
:1090200000000000E0FFE0FFE0FFE0FFE0FFE0FF06
:10903000E0FFE0FF00000000E0FFE0FFE0FFE0FFF6
:10904000E0FFE0FFE0FFE0FFE0FFE0FFE0FFE0FF28
:1090500000000000E0FFE0FFE0FFE0FFE0FFE0FFD6
:10906000E0FFE0FFE0FFE0FFE0FFE0FFE0FFE0FF08
:10907000E0FFE0FFE0FFE0FFE0FFE0FFE0FFE0FFF8
:10908000E0FFE0FFE0FFE0FFE0FFE0FFE0FFE0FFE8
:10909000E0FFE0FFE0FFE0FFE0FF00000000000075
:1090A000E0FFE0FFE0FFE0FFE0FFE0FFE0FFE0FFC8
:1090B000E0FFE0FFE0FFE0FFE0FFE0FFE0FFE0FFB8
:1090C000E0FFE0FFE0FFE0FFE0FFE0FFE0FFE0FFA8
:1090D000E0FFE0FFE0FFE0FFE0FFE0FFE0FFE0FF98
:1090E000000000000000E0FFE0FFE0FF00000000E3
:1090F0000000E0FFE0FFE0FFE0FFE0FFE0FFE0FF57
:10910000E0FFE0FFE0FFE0FFE0FF00000000000004
:10911000E0FFE0FFE0FF000000000000E0FFE0FFF4
:10912000E0FF000000000000E0FFE0FF00000000A2
:1091300000000000E0FFE0FFE0FFE0FFE0FF0000D4
:1091400000000000E0FFE0FFE0FFE0FFE0FFE0FFE5
:10915000E0FFE0FFE0FFE0FF000000000000E0FFB4
:10916000E0FFE0FFE0FFE0FFE0FFE0FFE0FFE0FF07
:10917000E0FF000000000000000000000000000010
:109180000000000000000000E0FFE0FFE0FFE0FF63
:10919000E0FFE0FFE0FFE0FFE0FFE0FFE0FFE0FFD7
:1091A000E0FFE0FFE0FF00000000E0FFE0FFE0FF85
:1091B000E0FFE0FFE0FFE0FFE0FFE0FF0000000075
:1091C0000000E0FFE0FFE0FFE0FFE0FFE0FFE0FF86
:1091D000E0FFE0FFE0FFE0FFE0FFE0FFE0FFE0FF97
:1091E000E0FFE0FFE0FF000000000000E0FFE0FF24
:1091F000E0FFE0FFE0FFE0FF00000000E0FFE0FF35
:10920000E0FF000000000000E0FFE0FFE0FFE0FF03
:10921000E0FFE0FF00000000E0FFE0FFE0FFE0FF14
:10922000E0FFE0FFE0FFE0FFE0FFE0FFE0FF000025
:109230000000E0FFE0FFE0FFE0FFE0FFE0FFE0FF15
:10924000E0FFE0FFE0FFE0FF0000000000000000A2
:10925000000000000000000000000000E0FFE0FF50
:10926000E0FFE0FFE0FFE0FFE0FFE0FFE0FFE0FF06
:10927000E0FFE0FFE0FFE0FFE0FF00000000000093
:10928000E0FFE0FFE0FFE0FFE0FFE0FFE0FFE0FFE6
:10929000E0FFE0FFE0FFE0FFE0FFE0FFE0FFE0FFD6
:1092A000E0FFE0FFE0FFE0FFE0FFE0FFE0FFE0FFC6
:1092B000E0FFE0FFE0FFE0FFE0FFE0FFE0FFE0FFB6
:1092C000E0FFE0FFE0FFE0FFE0FFE0FF0000000064
:1092D0000000E0FFE0FFE0FFE0FFE0FFE0FFE0FF75
:1092E000E0FFE0FFE0FFE0FFE0FFE0FFE0FFE0FF86
:1092F000E0FFE0FFE0FF000000000000E0FFE0FF13
:10930000000000000000E0FFE0FFE0FFE0FF0000E1
:1093100000000000E0FFE0FFE0FFE0FFE0FF0000F2
:1093200000000000E0FFE0FFE0FFE0FFE0FFE0FF03
:10933000E0FFE0FFE0FF000000000000E0FFE0FFD2
:10934000E0FFE0FFE0FFE0FFE0FFE0FFE0FFE0FF25
:10935000E0FFE0FFE0FFE0FFE0FFE0FFE0FFE0FF15
:10936000E0FFE0FFE0FFE0FFE0FFE0FFE0FFE0FF05
:10937000E0FFE0FFE0FFE0FFE0FFE0FFE0FFE0FFF5
:10938000E0FFE0FFE0FF00000000E0FFE0FFE0FFA3
:10939000E0FFE0FFE0FFE0FFE0FFE0FF0000000093
:1093A0000000E0FFE0FFE0FFE0FFE0FFE0FFE0FFA4
:1093B000E0FFE0FFE0FFE0FFE0FFE0FFE0FFE0FFB5
:1093C000E0FFE0FFE0FF000000000000E0FFE0FF42
:1093D000E0FFE0FFE0FF00000000E0FFE0FFE0FF53
:1093E000E0FFE0FF00000000E0FFE0FFE0FFE0FF43
:1093F000E0FFE0FF00000000E0FFE0FFE0FFE0FF33
:10940000E0FFE0FFE0FFE0FFE0FFE0FF0000000022
:109410000000E0FFE0FFE0FFE0FFE0FFE0FFE0FF33
:10942000E0FFE0FFE0FFE0FFE0FFE0FFE0FFE0FF44
:10943000E0FFE0FFE0FFE0FFE0FFE0FFE0FFE0FF34
:10944000E0FFE0FFE0FFE0FFE0FFE0FFE0FFE0FF24
:10945000E0FFE0FFE0FFE0FFE0FF000000000000B1
:10946000E0FFE0FFE0FFE0FFE0FFE0FFE0FFE0FF04
:10947000E0FFE0FFE0FFE0FFE0FFE0FFE0FFE0FFF4
:10948000E0FFE0FFE0FFE0FFE0FFE0FFE0FFE0FFE4
:10949000E0FFE0FFE0FFE0FFE0FFE0FFE0FFE0FFD4
:1094A000E0FFE0FFE0FFE0FFE0FFE0FFE0FF0000A3
:1094B00000000000E0FFE0FFE0FFE0FFE0FFE0FF72
:1094C000E0FFE0FFE0FFE0FFE0FFE0FFE0FFE0FFA4
:1094D000E0FFE0FFE0FFE0FF000000000000E0FF31
:1094E000000000000000E0FFE0FFE0FFE0FF000000
:1094F00000000000E0FFE0FFE0FFE0FFE0FF000011
:1095000000000000E0FFE0FFE0FFE0FFE0FFE0FF21
:10951000E0FFE0FFE0FF00000000E0FFE0FFE0FF11
:10952000E0FFE0FFE0FFE0FFE0FFE0FFE0FFE0FF43
:10953000E0FFE0FFE0FFE0FFE0FFE0FFE0FFE0FF33
:10954000E0FFE0FFE0FFE0FFE0FFE0FFE0FFE0FF23
:10955000E0FFE0FFE0FFE0FFE0FFE0FFE0FFE0FF13
:10956000E0FFE0FFE0FF00000000E0FFE0FFE0FFC1
:10957000E0FFE0FFE0FFE0FFE0FFE0FF00000000B1
:109580000000E0FFE0FFE0FFE0FFE0FFE0FFE0FFC2
:10959000E0FFE0FFE0FFE0FFE0FFE0FFE0FFE0FFD3
:1095A000E0FFE0FFE0FF000000000000E0FFE0FF60
:1095B000E0FFE0FFE0FF00000000E0FFE0FFE0FF71
:1095C000E0FFE0FF00000000E0FFE0FFE0FFE0FF61
:1095D000E0FFE0FF00000000E0FFE0FFE0FFE0FF51
:1095E000E0FFE0FFE0FFE0FFE0FF00000000000020
:1095F000E0FFE0FFE0FFE0FFE0FFE0FFE0FFE0FF73
:10960000E0FFE0FFE0FFE0FFE0FFE0FFE0FFE0FF62
:10961000E0FFE0FFE0FFE0FFE0FFE0FFE0FFE0FF52
:10962000E0FFE0FFE0FFE0FFE0FFE0FFE0FFE0FF42
:10963000E0FFE0FFE0FFE0FFE0FF000000000000CF
:10964000E0FFE0FFE0FFE0FFE0FFE0FFE0FFE0FF22
:10965000E0FFE0FFE0FFE0FFE0FFE0FFE0FFE0FF12
:10966000E0FFE0FFE0FFE0FFE0FFE0FFE0FFE0FF02
:10967000E0FFE0FFE0FFE0FFE0FFE0FFE0FFE0FFF2
:10968000E0FFE0FFE0FFE0FFE0FFE0FFE0FF0000C1
:1096900000000000E0FFE0FFE0FFE0FFE0FFE0FF90
:1096A000E0FFE0FFE0FFE0FFE0FFE0FFE0FFE0FFC2
:1096B000E0FFE0FFE0FFE0FF000000000000E0FF4F
:1096C000000000000000E0FFE0FFE0FFE0FF00001E
:1096D00000000000E0FFE0FFE0FFE0FFE0FF00002F
:1096E00000000000E0FFE0FFE0FFE0FFE0FFE0FF40
:1096F000E0FFE0FF000000000000E0FFE0FFE0FF0F
:10970000E0FFE0FFE0FFE0FFE0FFE0FFE0FFE0FF61
:10971000E0FFE0FFE0FFE0FFE0FFE0FFE0FFE0FF51
:10972000E0FFE0FFE0FFE0FFE0FFE0FFE0FFE0FF41
:10973000E0FFE0FFE0FFE0FFE0FFE0FFE0FFE0FF31
:10974000E0FFE0FFE0FF00000000E0FFE0FFE0FFDF
:10975000E0FFE0FFE0FFE0FFE0FFE0FF00000000CF
:109760000000E0FFE0FFE0FFE0FFE0FFE0FFE0FFE0
:10977000E0FFE0FFE0FFE0FFE0FFE0FFE0FFE0FFF1
:10978000E0FFE0FFE0FF000000000000E0FFE0FF7E
:10979000E0FFE0FFE0FF00000000E0FFE0FFE0FF8F
:1097A000E0FFE0FF00000000E0FFE0FFE0FFE0FF7F
:1097B000E0FFE0FF00000000E0FFE0FFE0FFE0FF6F
:1097C000E0FFE0FFE0FFE0FF00000000000000001D
:1097D000E0FFE0FFE0FFE0FFE0FFE0FFE0FFE0FF91
:1097E000E0FFE0FFE0FFE0FFE0FFE0FFE0FFE0FF81
:1097F000E0FFE0FFE0FFE0FFE0FFE0FFE0FFE0FF71
:10980000E0FFE0FFE0FFE0FFE0FFE0FFE0FFE0FF60
:10981000E0FFE0FFE0FFE0FFE0FF000000000000ED
:10982000E0FFE0FFE0FFE0FFE0FFE0FFE0FFE0FF40
:10983000E0FFE0FFE0FFE0FFE0FFE0FFE0FFE0FF30
:10984000E0FFE0FFE0FFE0FFE0FFE0FFE0FFE0FF20
:10985000E0FFE0FFE0FFE0FFE0FFE0FFE0FF0000EF
:1098600000000000E0FFE0FFE0FFE0FF000000007C
:109870000000E0FFE0FFE0FFE0FFE0FFE0FFE0FFCF
:10988000E0FFE0FFE0FFE0FF000000000000E0FF7D
:10989000E0FFE0FFE0FF000000000000E0FFE0FF6D
:1098A000000000000000E0FFE0FFE0FFE0FF00003C
:1098B00000000000E0FFE0FFE0FFE0FFE0FF00004D
:1098C00000000000E0FFE0FFE0FFE0FFE0FFE0FF5E
:1098D000E0FF000000000000E0FFE0FFE0FFE0FF2D
:1098E000E0FFE0FFE0FFE0FFE0FFE0FFE0FFE0FF80
:1098F000E0FFE0FFE0FFE0FFE0FFE0FFE0FFE0FF70
:10990000E0FFE0FFE0FFE0FFE0FFE0FFE0FFE0FF5F
:10991000E0FFE0FFE0FFE0FFE0FFE0FFE0FFE0FF4F
:10992000E0FFE0FFE0FF00000000E0FFE0FFE0FFFD
:10993000E0FFE0FFE0FFE0FFE0FFE0FF00000000ED
:109940000000E0FFE0FFE0FFE0FFE0FFE0FFE0FFFE
:10995000E0FFE0FFE0FFE0FFE0FFE0FFE0FFE0FF0F
:10996000E0FFE0FFE0FF000000000000E0FFE0FF9C
:10997000E0FFE0FFE0FF00000000E0FFE0FFE0FFAD
:10998000E0FFE0FF00000000E0FFE0FFE0FFE0FF9D
:10999000E0FFE0FF00000000E0FFE0FFE0FFE0FF8D
:1099A000E0FFE0FFE0FF0000000000000000E0FF3B
:1099B000E0FFE0FFE0FFE0FFE0FFE0FFE0FFE0FFAF
:1099C000E0FFE0FFE0FFE0FFE0FFE0FFE0FFE0FF9F
:1099D000E0FFE0FFE0FFE0FFE0FFE0FFE0FFE0FF8F
:1099E000E0FFE0FFE0FFE0FFE0FFE0FFE0FFE0FF7F
:1099F000E0FFE0FFE0FFE0FFE0FF0000000000000C
:109A0000E0FFE0FFE0FFE0FFE0FFE0FFE0FFE0FF5E
:109A1000E0FFE0FFE0FFE0FFE0FFE0FFE0FFE0FF4E
:109A2000E0FFE0FFE0FFE0FFE0FFE0FFE0FFE0FF3E
:109A3000E0FFE0FFE0FFE0FFE0FFE0FFE0FFE0FF2E
:109A4000000000000000E0FFE0FFE0FF0000000079
:109A50000000E0FFE0FFE0FFE0FFE0FFE0FFE0FFED
:109A6000E0FFE0FFE0FFE0FFE0FF0000000000009B
:109A7000E0FFE0FFE0FF000000000000E0FFE0FF8B
:109A8000000000000000E0FFE0FFE0FFE0FF00005A
:109A900000000000E0FFE0FFE0FFE0FFE0FF00006B
:109AA00000000000E0FFE0FFE0FFE0FFE0FFE0FF7C
:109AB000000000000000E0FFE0FFE0FFE0FFE0FF4B
:109AC000E0FFE0FFE0FFE0FFE0FFE0FFE0FFE0FF9E
:109AD000E0FFE0FFE0FFE0FFE0FFE0FFE0FFE0FF8E
:109AE000E0FFE0FFE0FFE0FFE0FFE0FFE0FFE0FF7E
:109AF000E0FFE0FFE0FFE0FFE0FFE0FFE0FFE0FF6E
:109B0000E0FFE0FFE0FF00000000E0FFE0FFE0FF1B
:109B1000E0FFE0FFE0FFE0FFE0FFE0FF000000000B
:109B20000000E0FFE0FFE0FFE0FFE0FFE0FFE0FF1C
:109B3000E0FFE0FFE0FFE0FFE0FFE0FFE0FFE0FF2D
:109B4000E0FFE0FFE0FF000000000000E0FFE0FFBA
:109B5000E0FFE0FFE0FF00000000E0FFE0FFE0FFCB
:109B6000E0FFE0FF00000000E0FFE0FFE0FFE0FFBB
:109B7000E0FFE0FF00000000E0FFE0FFE0FFE0FFAB
:109B8000E0FFE0FF0000000000000000E0FFE0FF59
:109B9000E0FFE0FFE0FFE0FFE0FFE0FFE0FFE0FFCD
:109BA000E0FFE0FFE0FFE0FFE0FFE0FFE0FFE0FFBD
:109BB000E0FFE0FFE0FFE0FFE0FFE0FFE0FFE0FFAD
:109BC000E0FFE0FFE0FFE0FFE0FFE0FFE0FFE0FF9D
:109BD000E0FFE0FFE0FFE0FFE0FF0000000000002A
:109BE000E0FFE0FFE0FFE0FFE0FFE0FFE0FFE0FF7D
:109BF000E0FFE0FFE0FFE0FFE0FFE0FFE0FFE0FF6D
:109C0000E0FFE0FFE0FFE0FFE0FFE0FFE0FFE0FF5C
:109C1000E0FFE0FFE0FFE0FFE0FFE0FFE0FFE0FF4C
:109C2000E0FF000000000000000000000000000055
:109C3000E0FFE0FFE0FFE0FFE0FFE0FFE0FFE0FF2C
:109C4000E0FFE0FFE0FFE0FFE0FFE0FF00000000DA
:109C500000000000000000000000E0FFE0FFE0FF67
:109C6000E0FFE0FF00000000000000000000000036
:109C70000000E0FFE0FFE0FFE0FFE0FFE0FF0000AA
:109C800000000000E0FFE0FFE0FFE0FFE0FF000079
:109C900000000000000000000000000000000000C4
:109CA0000000E0FFE0FFE0FFE0FFE0FFE0FFE0FF9B
:109CB000E0FFE0FFE0FFE0FFE0FFE0FFE0FFE0FFAC
:109CC000E0FFE0FFE0FFE0FFE0FFE0FFE0FFE0FF9C
:109CD000E0FFE0FFE0FFE0FFE0FFE0FFE0FFE0FF8C
:109CE000E0FFE0FFE0FF00000000E0FFE0FFE0FF3A
:109CF000E0FFE0FFE0FFE0FFE0FFE0FF000000002A
:109D00000000E0FFE0FFE0FFE0FFE0FFE0FFE0FF3A
:109D1000E0FFE0FFE0FFE0FFE0FFE0FFE0FFE0FF4B
:109D2000E0FFE0FFE0FF000000000000E0FFE0FFD8
:109D3000E0FFE0FFE0FFE0FFE0FF000000000000C8
:109D40000000000000000000E0FFE0FFE0FFE0FF97
:109D5000E0FFE0FF00000000E0FFE0FFE0FFE0FFC9
:109D6000E0FFE0FF00000000000000000000000035
:109D7000000000000000E0FFE0FFE0FFE0FFE0FF88
:109D8000E0FFE0FFE0FFE0FFE0FFE0FFE0FFE0FFDB
:109D9000E0FFE0FFE0FFE0FFE0FFE0FFE0FFE0FFCB
:109DA000E0FFE0FFE0FFE0FFE0FFE0FFE0FFE0FFBB
:109DB000E0FFE0FFE0FFE0FFE0FF00000000000048
:109DC000E0FFE0FFE0FFE0FFE0FFE0FFE0FFE0FF9B
:109DD000E0FFE0FFE0FFE0FFE0FFE0FFE0FFE0FF8B
:109DE000E0FFE0FFE0FFE0FFE0FFE0FFE0FFE0FF7B
:109DF000E0FFE0FFE0FFE0FFE0FFE0FFE0FFE0FF6B
:109E0000E0FFE0FFE0FF000000000000E0FFE0FFF7
:109E1000E0FFE0FFE0FFE0FFE0FFE0FFE0FFE0FF4A
:109E2000E0FFE0FFE0FFE0FFE0FFE0FFE0FFE0FF3A
:109E3000000000000000E0FFE0FFE0FFE0FFE0FFC7
:109E4000E0FFE0FFE0FF0000000000000000E0FF96
:109E5000E0FFE0FFE0FFE0FFE0FFE0FFE0FF0000E9
:109E600000000000E0FFE0FFE0FFE0FFE0FFE0FFB8
:109E7000E0FFE0FFE0FFE0FFE0FFE0FFE0FFE0FFEA
:109E8000E0FFE0FFE0FFE0FFE0FFE0FFE0FFE0FFDA
:109E9000E0FFE0FFE0FFE0FFE0FFE0FFE0FFE0FFCA
:109EA000E0FFE0FFE0FFE0FFE0FFE0FFE0FFE0FFBA
:109EB000E0FFE0FFE0FFE0FFE0FFE0FFE0FFE0FFAA
:109EC000E0FFE0FFE0FF00000000E0FFE0FFE0FF58
:109ED000E0FFE0FFE0FFE0FFE0FFE0FFE0FFE0FF8A
:109EE000E0FFE0FFE0FFE0FFE0FFE0FFE0FFE0FF7A
:109EF000E0FFE0FFE0FFE0FFE0FFE0FFE0FFE0FF6A
:109F0000E0FFE0FFE0FFE0FFE0FFE0FFE0FFE0FF59
:109F1000E0FFE0FFE0FFE0FFE0FF000000000000E6
:109F200000000000E0FFE0FFE0FFE0FFE0FFE0FFF7
:109F3000E0FFE0FF00000000E0FFE0FFE0FFE0FFE7
:109F4000E0FFE0FFE0FFE0FFE0FFE0FFE0FFE0FF19
:109F5000E0FFE0FFE0FFE0FFE0FFE0FFE0FFE0FF09
:109F6000E0FFE0FFE0FFE0FFE0FFE0FFE0FFE0FFF9
:109F7000E0FFE0FFE0FFE0FFE0FFE0FFE0FFE0FFE9
:109F8000E0FFE0FFE0FFE0FFE0FFE0FFE0FFE0FFD9
:109F9000E0FFE0FFE0FFE0FFE0FF00000000000066
:109FA000E0FFE0FFE0FFE0FFE0FFE0FFE0FFE0FFB9
:109FB000E0FFE0FFE0FFE0FFE0FFE0FFE0FFE0FFA9
:109FC000E0FFE0FFE0FFE0FFE0FFE0FFE0FFE0FF99
:109FD000E0FFE0FFE0FFE0FFE0FFE0FFE0FFE0FF89
:109FE000E0FFE0FFE0FFE0FFE0FFE0FFE0FFE0FF79
:109FF000E0FFE0FFE0FFE0FFE0FFE0FFE0FFE0FF69
:10A00000E0FFE0FFE0FFE0FFE0FFE0FFE0FFE0FF58
:10A01000E0FFE0FFE0FFE0FFE0FFE0FFE0FFE0FF48
:10A02000E0FFE0FFE0FFE0FFE0FFE0FFE0FFE0FF38
:10A03000E0FFE0FFE0FFE0FFE0FFE0FFE0FF000007
:10A0400000000000E0FFE0FFE0FFE0FFE0FFE0FFD6
:10A05000E0FFE0FFE0FFE0FFE0FFE0FFE0FFE0FF08
:10A06000E0FFE0FFE0FFE0FFE0FFE0FFE0FFE0FFF8
:10A07000E0FFE0FFE0FFE0FFE0FFE0FFE0FFE0FFE8
:10A08000E0FFE0FFE0FFE0FFE0FFE0FFE0FFE0FFD8
:10A09000E0FFE0FFE0FFE0FFE0FFE0FFE0FFE0FFC8
:10A0A000E0FFE0FFE0FF00000000E0FFE0FFE0FF76
:10A0B000E0FFE0FFE0FFE0FFE0FFE0FFE0FFE0FFA8
:10A0C000E0FFE0FFE0FFE0FFE0FFE0FFE0FFE0FF98
:10A0D000E0FFE0FFE0FFE0FFE0FFE0FFE0FFE0FF88
:10A0E000E0FFE0FFE0FFE0FFE0FFE0FFE0FFE0FF78
:10A0F000E0FFE0FFE0FFE0FFE0FFE0FFE0FFE0FF68
:10A10000E0FFE0FFE0FFE0FFE0FFE0FFE0FFE0FF57
:10A11000E0FFE0FF00000000E0FFE0FFE0FFE0FF05
:10A12000E0FFE0FFE0FFE0FFE0FFE0FFE0FFE0FF37
:10A13000E0FFE0FFE0FFE0FFE0FFE0FFE0FFE0FF27
:10A14000E0FFE0FFE0FFE0FFE0FFE0FFE0FFE0FF17
:10A15000E0FFE0FFE0FFE0FFE0FFE0FFE0FFE0FF07
:10A16000E0FFE0FFE0FFE0FFE0FFE0FFE0FFE0FFF7
:10A17000E0FFE0FFE0FFE0FFE0FF00000000000084
:10A18000E0FFE0FFE0FFE0FFE0FFE0FFE0FFE0FFD7
:10A19000E0FFE0FFE0FFE0FFE0FFE0FFE0FFE0FFC7
:10A1A000E0FFE0FFE0FFE0FFE0FFE0FFE0FFE0FFB7
:10A1B000E0FFE0FFE0FFE0FFE0FFE0FFE0FFE0FFA7
:10A1C000E0FFE0FFE0FFE0FFE0FFE0FFE0FFE0FF97
:10A1D000E0FFE0FFE0FFE0FFE0FFE0FFE0FFE0FF87
:10A1E000E0FFE0FFE0FFE0FF60CEE0BDE0BDE0BDEE
:10A1F000E0BDE0BDE0BDE0BDE0BDE0BDE0BDE0BD77
:10A20000E0BDE0BDE0BDE0BDE0BDE0BDE0FFE0FFE2
:10A21000E0FFE0FFE0FFE0FFE0FFE0FFE0FF000025
:10A2200000000000E0FFE0FFE0FFE0FFE0FFE0FFF4
:10A23000E0FFE0FFE0FFE0FFE0FFE0FFE0FFE0FF26
:10A24000E0FFE0FFE0FFE0FFE0FFE0FFE0FFE0FF16
:10A25000E0FFE0FFE0FFE0FFE0FFE0FFE0FFE0FF06
:10A26000E0FFE0FFE0FFE0FFE0FFE0FFE0FFE0FFF6
:10A27000E0FFE0FFE0FFE0FFE0FFE0FFE0FFE0FFE6
:10A28000E0FFE0FFE0FF00000000E0FFE0FFE0FF94
:10A29000E0FFE0FFE0FFE0FFE0FFE0FFE0FFE0FFC6
:10A2A000E0FFE0FFE0FFE0FFE0FFE0FFE0FFE0FFB6
:10A2B000E0FFE0FFE0FFE0FFE0FFE0FFE0FFE0FFA6
:10A2C000E0FFE0DEE0BDE0BDE0BDE0BDE0BDE0BD43
:10A2D000E0BDE0BDE0BDE0BDE0BDE0BDE0BDE0BD96
:10A2E000E0BDE0BDE0BDE0BDE0FFE0FFE0FFE0FF7E
:10A2F000E0FFE0FF00000000E0FFE0FFE0FFE0FF24
:10A30000E0FFE0FFE0FFE0FFE0FFE0FFE0FFE0FF55
:10A31000E0FFE0FFE0FFE0FFE0FFE0FFE0FFE0FF45
:10A32000E0FFE0FFE0FFE0FFE0FFE0FFE0FFE0FF35
:10A33000E0FFE0FFE0FFE0FFE0FFE0FFE0FFE0FF25
:10A34000E0FFE0FFE0FFE0FFE0FFE0FFE0FFE0FF15
:10A35000E0FFE0FFE0FFE0FFE0FF000000000000A2
:10A36000E0FFE0FFE0FFE0FFE0FFE0FFE0FFE0FFF5
:10A37000E0FFE0FFE0FFE0FFE0FFE0FFE0FFE0FFE5
:10A38000E0FFE0FFE0FFE0FFE0FFE0FFE0FFE0FFD5
:10A39000E0FFE0FFE0FFE0FFE0FFE0FFE0FFE0FFC5
:10A3A000E0FFE0FFE0FFE0FFE0FFE0FFE0FFE0FFB5
:10A3B000E0FFE0FFE0FFE0FFE0FFE0FFE0FFE0FFA5
:10A3C000E0FFE0FFE0FFE09C000000000000000074
:10A3D000000000000000000000000000000000007D
:10A3E000000000000000000000000000E09CE0FF12
:10A3F000E0FFE0FFE0FFE0FFE0FFE0FFE0FF000044
:10A4000000000000E0FFE0FFE0FFE0FFE0FFE0FF12
:10A41000E0FFE0FFE0FFE0FFE0FFE0FFE0FFE0FF44
:10A42000E0FFE0FFE0FFE0FFE0FFE0FFE0FFE0FF34
:10A43000E0FFE0FFE0FFE0FFE0FFE0FFE0FFE0FF24
:10A44000E0FFE0FFE0FFE0FFE0FFE0FFE0FFE0FF14
:10A45000E0FFE0FFE0FFE0FFE0FFE0FFE0FFE0FF04
:10A46000E0FFE0FFE0FF00000000E0FFE0FFE0FFB2
:10A47000E0FFE0FFE0FFE0FFE0FFE0FFE0FFE0FFE4
:10A48000E0FFE0FFE0FFE0FFE0FFE0FFE0FFE0FFD4
:10A49000E0FFE0FFE0FFE0FFE0FFE0FFE0FFE0FFC4
:10A4A00020E70000000000000000000000000000A5
:10A4B000000000000000000000000000000000009C
:10A4C0000000000000000000E0FFE0FFE0FFE0FF10
:10A4D000E0FFE0FF00000000E0FFE0FFE0FFE0FF42
:10A4E000E0FFE0FFE0FFE0FFE0FFE0FFE0FFE0FF74
:10A4F000E0FFE0FFE0FFE0FFE0FFE0FFE0FFE0FF64
:10A50000E0FFE0FFE0FFE0FFE0FFE0FFE0FFE0FF53
:10A51000E0FFE0FFE0FFE0FFE0FFE0FFE0FFE0FF43
:10A52000E0FFE0FFE0FFE0FFE0FFE0FFE0FFE0FF33
:10A53000E0FFE0FFE0FFE0FFE0FF000000000000C0
:10A54000E0FFE0FFE0FFE0FFE0FFE0FFE0FFE0FF13
:10A55000E0FFE0FFE0FFE0FFE0FFE0FFE0FFE0FF03
:10A56000E0FFE0FFE0FFE0FFE0FFE0FFE0FFE0FFF3
:10A57000E0FFE0FFE0FFE0FFE0FFE0FFE0FFE0FFE3
:10A58000E0FFE0FFE0FFE0FFE0FFE0FFE0FFE0FFD3
:10A59000E0FFE0FFE0FFE0FFE0FFE0FFE0FFE0FFC3
:10A5A000E0FFE0FFE0FFE0DEE07BE07BE07BE07BE4
:10A5B000E07BE07BE07BE07BE07BE07BE07BE07BC3
:10A5C000E07BE07BE07BE07BE07BE07BE0DEE0FFCC
:10A5D000E0FFE0FFE0FFE0FFE0FFE0FFE0FFE0FF83
:10A5E000E0FFE0FFE0FFE0FFE0FFE0FFE0FFE0FF73
:10A5F000E0FFE0FFE0FFE0FFE0FFE0FFE0FFE0FF63
:10A60000E0FFE0FFE0FFE0FFE0FFE0FFE0FFE0FF52
:10A61000E0FFE0FFE0FFE0FFE0FFE0FFE0FFE0FF42
:10A62000E0FFE0FFE0FFE0FFE0FFE0FFE0FFE0FF32
:10A63000E0FFE0FFE0FFE0FFE0FFE0FFE0FFE0FF22
:10A64000E0FFE0FFE0FFE0FFE0FFE0FFE0FFE0FF12
:10A65000E0FFE0FFE0FFE0FFE0FFE0FFE0FFE0FF02
:10A66000E0FFE0FFE0FFE0FFE0FFE0FFE0FFE0FFF2
:10A67000E0FFE0FFE0FFE0FFE0FFE0FFE0FFE0FFE2
:10A68000E0FF608CE07BE07BE07BE07BE07BE07BDD
:10A69000E07BE07BE07BE07BE07BE07BE07BE07BE2
:10A6A000E07BE07BE07BE07BE0FFE0FFE0FFE0FFC2
:10A6B000E0FFE0FFE0FFE0FFE0FFE0FFE0FFE0FFA2
:10A6C000E0FFE0FFE0FFE0FFE0FFE0FFE0FFE0FF92
:10A6D000E0FFE0FFE0FFE0FFE0FFE0FFE0FFE0FF82
:10A6E000E0FFE0FFE0FFE0FFE0FFE0FFE0FFE0FF72
:10A6F000E0FFE0FFE0FFE0FFE0FFE0FFE0FFE0FF62
:10A70000E0FFE0FFE0FFE0FFE0FFE0FFE0FFE0FF51
:10A71000E0FFE0FFE0FFE0FFE0FFE0FFE0FFE0FF41
:10A72000E0FFE0FFE0FFE0FFE0FFE0FFE0FFE0FF31
:10A73000E0FFE0FFE0FFE0FFE0FFE0FFE0FFE0FF21
:10A74000E0FFE0FFE0FFE0FFE0FFE0FFE0FFE0FF11
:10A75000E0FFE0FFE0FFE0FFE0FFE0FFE0FFE0FF01
:10A76000E0FFE0FFE0FFE0FFE0FFE0FFE0FFE0FFF1
:10A77000E0FFE0FFE0FFE0FFE0FFE0FFE0FFE0FFE1
:10A78000E0FFE0FFE0FFE0FFE0FFE0FFE0FFE0FFD1
:10A79000E0FFE0FFE0FFE0FFE0FFE0FFE0FFE0FFC1
:10A7A000E0FFE0FFE0FFE0FFE0FFE0FFE0FFE0FFB1
:10A7B000E0FFE0FFE0FFE0FFE0FFE0FFE0FFE0FFA1
:10A7C000E0FFE0FFE0FFE0FFE0FFE0FFE0FFE0FF91
:10A7D000E0FFE0FFE0FFE0FFE0FFE0FFE0FFE0FF81
:10A7E000E0FFE0FFE0FFE0FFE0FFE0FFE0FFE0FF71
:10A7F000E0FFE0FFE0FFE0FFE0FFE0FFE0FFE0FF61
:10A80000E0FFE0FFE0FFE0FFE0FFE0FFE0FFE0FF50
:10A81000E0FFE0FFE0FFE0FFE0FFE0FFE0FFE0FF40
:10A82000E0FFE0FFE0FFE0FFE0FFE0FFE0FFE0FF30
:10A83000E0FFE0FFE0FFE0FFE0FFE0FFE0FFE0FF20
:10A84000E0FFE0FFE0FFE0FFE0FFE0FFE0FFE0FF10
:10A85000E0FFE0FFE0FFE0FFE0FFE0FFE0FFE0FF00
:10A86000E0FFE0FFE0FFE0FFE0FFE0FFE0FFE0FFF0
:10A87000E0FFE0FFE0FFE0FFE07B000080B5E0FFED
:10A88000E0FFE0FFE0FFE0FFE0FFE0FFE0FFE0FFD0
:10A89000E0FFE0FFE0FFE0FFE0FFE0FFE0FFE0FFC0
:10A8A000E0FFE0FFE0FFE0FFE0FFE0FFE0FFE0FFB0
:10A8B000E0FFE0FFE0FFE0FFE0FFE0FFE0FFE0FFA0
:10A8C000E0FFE0FFE0FFE0FFE0FFE0FFE0FFE0FF90
:10A8D000E0FFE0FFE0FFE0FFE0FFE0FFE0FFE0FF80
:10A8E000E0FFE0FFE0FFE0FFE0FFE0FFE0FFE0FF70
:10A8F000E0FFE0FFE0FFE0FFE0FFE0FFE0FFE0FF60
:10A90000E0FFE0FFE0FFE0FFE0FFE0FFE0FFE0FF4F
:10A91000E0FFE0FFE0FFE0FFE0FFE0FFE0FFE0FF3F
:10A92000E0FFE0FFE0FFE0FFE0FFE0FFE0FFE0FF2F
:10A93000E0FFE0FFE0FFE0FFE0FFE0FFE0FFE0FF1F
:10A94000E0FFE0FFE0FFE0FFE0FFE0FFE0FFE0FF0F
:10A95000E0FFE0FFE0FFE0FFE0FFE0FFE0FFE0FFFF
:10A96000E0FFE0FFE0FFE0FFE0FFE0FFE0FFE0FFEF
:10A97000E0FFE0FFE0FFE0FFE0FFE0FFE0FFE0FFDF
:10A98000E0FFE0FFE0FFE0FFE0FFE0FFE0FFE0FFCF
:10A99000E0FFE0FFE0FFE0FFE0FFE0FFE0FFE0FFBF
:10A9A000E0FFE0FFE0FFE0FFE0FFE0FFE0FFE0FFAF
:10A9B000E0FFE0FFE0FFE0FFE0FFE0FFE0FFE0FF9F
:10A9C000E0FFE0FFE0FFE0FFE0FFE0FFE0FFE0FF8F
:10A9D000E0FFE0FFE0FFE0FFE0FFE0FFE0FFE0FF7F
:10A9E000E0FFE0FFE0FFE0FFE0FFE0FFE0FFE0FF6F
:10A9F000E0FFE0FFE0FFE0FFE0FFE0FFE0FFE0FF5F
:10AA0000E0FFE0FFE0FFE0FFE0FFE0FFE0FFE0FF4E
:10AA1000E0FFE0FFE0FFE0FFE0FFE0FFE0FFE0FF3E
:10AA2000E0FFE0FFE0FFE0FFE0FFE0FFE0FFE0FF2E
:10AA3000E0FFE0FFE0FFE0FFE0FFE0FFE0FFE0FF1E
:10AA4000E0FFE0FFE0FFE0FFE0FFE0FFE0FFE0FF0E
:10AA5000E0FFE0FFE0FF00E7000000000000E0FF93
:10AA6000E0FFE0FFE0FFE0FFE0FFE0FFE0FFE0FFEE
:10AA7000E0FFE0FFE0FFE0FFE0FFE0FFE0FFE0FFDE
:10AA8000E0FFE0FFE0FFE0FFE0FFE0FFE0FFE0FFCE
:10AA9000E0FFE0FFE0FFE0FFE0FFE0FFE0FFE0FFBE
:10AAA000E0FFE0FFE0FFE0FFE0FFE0FFE0FFE0FFAE
:10AAB000E0FFE0FFE0FFE0FFE0FFE0FFE0FFE0FF9E
:10AAC000E0FFE0FFE0FFE0FFE0FFE0FFE0FFE0FF8E
:10AAD000E0FFE0FFE0FFE0FFE0FFE0FFE0FFE0FF7E
:10AAE000E0FFE0FFE0FFE0FFE0FFE0FFE0FFE0FF6E
:10AAF000E0FFE0FFE0FFE0FFFFFFFFFFFFFFFFFFE2
:10AB0000FFFFFFFFFFFFFFFFFFFFFFFFFFFFFFFF55
:10AB1000FFFFFFFFFFFFFFFFFFFFFFFFFFFFFFFF45
:10AB2000FFFFFFFFFFFFFFFFFFFFFFFFFFFFFFFF35
:10AB3000FFFFFFFFFFFFFFFFFFFFFFFFFFFFFFFF25
:10AB4000FFFFFFFFFFFFFFFFFFFFFFFFFFFFFFFF15
:10AB5000FFFFFFFFFFFFFFFFFFFFFFFFFFFFFFFF05
:10AB6000FFFFFFFFFFFFFFFFFFFFFFFFFFFFFFFFF5
:10AB7000FFFFFFFFFFFFFFFFFFFFFFFFFFFFFFFFE5
:10AB8000FFFFFFFFFFFFFFFFFFFFFFFFFFFFFFFFD5
:10AB9000FFFFFFFFFFFFFFFFFFFFFFFFFFFFFFFFC5
:10ABA000FFFFFFFFFFFFFFFFFFFFFFFFFFFFFFFFB5
:10ABB000FFFFFFFFFFFFFFFFFFFFFFFFFFFFFFFFA5
:10ABC000FFFFFFFFFFFFFFFFFFFFFFFFFFFFFFFF95
:10ABD000FFFFFFFFFFFFFFFFFFFFFFFFFFFFFFFF85
:10ABE000FFFFFFFFFFFFFFFFFFFFFFFFFFFFFFFF75
:10ABF000FFFFFFFFFFFFFFFFFFFFFFFFFFFFFFFF65
:10AC0000FFFFFFFFFFFFFFFFFFFFFFFFFFFFFFFF54
:10AC1000FFFFFFFFFFFFFFFFFFFFFFFFFFFFFFFF44
:10AC2000FFFFFFFFFFFFFFFFFFFFFFFFFFFFFFFF34
:10AC3000FFFFFFFFFFFF1CE7000000000000FFFF19
:10AC4000FFFFFFFFFFFFFFFFFFFFFFFFFFFFFFFF14
:10AC5000FFFFFFFFFFFFFFFFFFFFFFFFFFFFFFFF04
:10AC6000FFFFFFFFFFFFFFFFFFFFFFFFFFFFFFFFF4
:10AC7000FFFFFFFFFFFFFFFFFFFFFFFFFFFFFFFFE4
:10AC8000FFFFFFFFFFFFFFFFFFFFFFFFFFFFFFFFD4
:10AC9000FFFFFFFFFFFFFFFFFFFFFFFFFFFFFFFFC4
:10ACA000FFFFFFFFFFFFFFFFFFFFFFFFFFFFFFFFB4
:10ACB000FFFFFFFFFFFFFFFFFFFFFFFFFFFFFFFFA4
:10ACC000FFFFFFFFFFFFFFFFFFFFFFFFFFFFFFFF94
:10ACD000FFFFFFFFFFFFFFFFE0FFE0FFE0FFE0FF00
:10ACE000E0FFE0FFE0FFE0FFE0FFE0FFE0FFE0FF6C
:10ACF000E0FFE0FFE0FFE0FFE0FFE0FFE0FFE0FF5C
:10AD0000E0FFE0FFE0FFE0FFE0FFE0FFE0FFE0FF4B
:10AD1000E0FFE0FFE0FFE0FFE0FFE0FFE0FFE0FF3B
:10AD2000E0FFE0FFE0FFE0FFE0FFE0FFE0FFE0FF2B
:10AD3000E0FFE0FFE0FFE0FFE0FFE0FFE0FFE0FF1B
:10AD4000E0FFE0FFE0FFE0FFE0FFE0FFE0FFE0FF0B
:10AD5000E0FFE0FFE0FFE0FFE0FFE0FFE0FFE0FFFB
:10AD6000E0FFE0FFE0FFE0FFE0FFE0FFE0FFE0FFEB
:10AD7000E0FFE0FFE0FFE0FFE0FFE0FFE0FFE0FFDB
:10AD8000E0FFE0FFE0FFE0FFE0FFE0FFE0FFE0FFCB
:10AD9000E0FFE0FFE0FFE0FFE0FFE0FFE0FFE0FFBB
:10ADA000E0FFE0FFE0FFE0FFE0FFE0FFE0FFE0FFAB
:10ADB000E0FFE0FFE0FFE0FFE0FFE0FFE0FFE0FF9B
:10ADC000E0FFE0FFE0FFE0FFE0FFE0FFE0FFE0FF8B
:10ADD000E0FFE0FFE0FFE0FFE0FFE0FFE0FFE0FF7B
:10ADE000E0FFE0FFE0FFE0FFE0FFE0FFE0FFE0FF6B
:10ADF000E0FFE0FFE0FFE0FFE0FFE0FFE0FFE0FF5B
:10AE0000E0FFE0FFE0FFE0FFE0FFE0FFE0FFE0FF4A
:10AE1000E0FFE0FFE0FFE0FF406B000080B5E0FFF7
:10AE2000E0FFE0FFE0FFE0FFE0FFE0FFE0FFE0FF2A
:10AE3000E0FFE0FFE0FFE0FFE0FFE0FFE0FFE0FF1A
:10AE4000E0FFE0FFE0FFE0FFE0FFE0FFE0FFE0FF0A
:10AE5000E0FFE0FFE0FFE0FFE0FFE0FFE0FFE0FFFA
:10AE6000E0FFE0FFE0FFE0FFE0FFE0FFE0FFE0FFEA
:10AE7000E0FFE0FFE0FFE0FFE0FFE0FFE0FFE0FFDA
:10AE8000E0FFE0FFE0FFE0FFE0FFE0FFE0FFE0FFCA
:10AE9000E0FFE0FFE0FFE0FFE0FFE0FFE0FFE0FFBA
:10AEA000E0FFE0FFE0FFE0FFE0FFE0FFE0FFE0FFAA
:10AEB000E0FFE0FFE0FFE0FFE0FFE0FFE0FFE0FF9A
:10AEC000E0FFE0FFE0FFE0FFE0FFE0FFE0FFE0FF8A
:10AED000E0FFE0FFE0FFE0FFE0FFE0FFE0FFE0FF7A
:10AEE000E0FFE0FFE0FFE0FFE0FFE0FFE0FFE0FF6A
:10AEF000E0FFE0FFE0FFE0FFE0FFE0FFE0FFE0FF5A
:10AF0000E0FFE0FFE0FFE0FFE0FFE0FFE0FFE0FF49
:10AF1000E0FFE0FFE0FFE0FFE0FFE0FFE0FFE0FF39
:10AF2000E0FFE0FFE0FFE0FFE0FFE0FFE0FFE0FF29
:10AF3000E0FFE0FFE0FFE0FFE0FFE0FFE0FFE0FF19
:10AF4000E0FFE0FFE0FFE0FFE0FFE0FFE0FFE0FF09
:10AF5000E0FFE0FFE0FFE0FFE0FFE0FFE0FFE0FFF9
:10AF6000E0FFE0FFE0FFE0FFE0FFE0FFE0FFE0FFE9
:10AF7000E0FFE0FFE0FFE0FFE0FFE0FFE0FFE0FFD9
:10AF8000E0FFE0FFE0FFE0FFE0FFE0FFE0FFE0FFC9
:10AF9000E0FFE0FFE0FFE0FFE0FFE0FFE0FFE0FFB9
:10AFA000E0FFE0FFE0FFE0FFE0FFE0FFE0FFE0FFA9
:10AFB000E0FFE0FFE0FFE0FFE0FFE0FFE0FFE0FF99
:10AFC000E0FFE0FFE0FFE0FFE0FFE0FFE0FFE0FF89
:10AFD000E0FFE0FFE0FFE0FFE0FFE0FFE0FFE0FF79
:10AFE000E0FFE0FFE0FFE0FFE0FFE0FFE0FFE0FF69
:10AFF000E0FFE0FFE0FFE0FFE0FF40EFE0FFE0FF09
:10B00000E0FFE0FFE0FFE0FFE0FFE0FFE0FFE0FF48
:10B01000E0FFE0FFE0FFE0FFE0FFE0FFE0FFE0FF38
:10B02000E0FFE0FFE0FFE0FFE0FFE0FFE0FFE0FF28
:10B03000E0FFE0FFE0FFE0FFE0FFE0FFE0FFE0FF18
:10B04000E0FFE0FFE0FFE0FFE0FFE0FFE0FFE0FF08
:10B05000E0FFE0FFE0FFE0FFE0FFE0FFE0FFE0FFF8
:10B06000E0FFE0FFE0FFE0FFE0FFE0FFE0FFE0FFE8
:10B07000E0FFE0FFE0FFE0FFE0FFE0FFE0FFE0FFD8
:10B08000E0FFE0FFE0FFE0FFE0FFE0FFE0FFE0FFC8
:10B09000E0FFE0FFE0FFE0FFE0FFE0FFE0FFE0FFB8
:10B0A000E0FFE0FFE0FFE0FFE0FFE0FFE0FFE0FFA8
:10B0B000E0FFE0FFE0FFE0FFE0FFE0FFE0FFE0FF98
:10B0C000E0FFE0FFE0FFE0FFE0FFE0FFE0FFE0FF88
:10B0D000E0FFE0FFE0FFE0FFE0FFE0FFE0FFE0FF78
:10B0E000E0FFE0FFE0FFE0FFE0FFE0FFE0FFE0FF68
:10B0F000E0FFE0FFE0FFE0FFE0FFE0FFE0FFE0FF58
:10B10000E0FFE0FFE0FFE0FFE0FFE0FFE0FFE0FF47
:10B11000E0FFE0FFE0FFE0FFE0FFE0FFE0FFE0FF37
:10B12000E0FFE0FFE0FFE0FFE0FFE0FFE0FFE0FF27
:10B13000E0FFE0FFE0FFE0FFE0FFE0FFE0FFE0FF17
:10B14000E0FFE0FFE0FFE0FFE0FFE0FFE0FFE0FF07
:10B15000E0FFE0FFE0FFE0FFE0FFE0FFE0FFE0FFF7
:10B16000E0FFE0FFE0FFE0FFE0FFE0FFE0FFE0FFE7
:10B17000E0FFE0FFE0FFE0FFE0FFE0FFE0FFE0FFD7
:10B18000E0FFE0FFE0FFE0FFE0FFE0FFE0FFE0FFC7
:10B19000E0FFE0FFE0FFE0FFE0FFE0FFE0FFE0FFB7
:10B1A000E0FFE0FFE0FFE0FFE0FFE0FFE0FFE0FFA7
:10B1B000E0FFE0FFE0FFE0FFE0FFE0FFE0FFE0FF97
:10B1C000E0FFE0FFE0FFE0FFE0FFE0FFE0FFE0FF87
:10B1D000E0FFE0FFE0FFE0FFE0FFE0FFE0FFE0FF77
:10B1E000E0FFE0FFE0FFE0FFE0FFE0FFE0FFE0FF67
:10B1F000E0FFE0FFE0FFE0FFE0FFE0FFE0FFE0FF57
:10B20000E0FFE0FFE0FFE0FFE0FFE0FFE0FFE0FF46
:10B21000E0FFE0FFE0FFE0FFE0FFE0FFE0FFE0FF36
:10B22000E0FFE0FFE0FFE0FFE0FFE0FFE0FFE0FF26
:10B23000E0FFE0FFE0FFE0FFE0FFE0FFE0FFE0FF16
:10B24000E0FFE0FFE0FFE0FFE0FFE0FFE0FFE0FF06
:10B25000E0FFE0FFE0FFE0FFE0FFE0FFE0FFE0FFF6
:10B26000E0FFE0FFE0FFE0FFE0FFE0FFE0FFE0FFE6
:10B27000E0FFE0FFE0FFE0FFE0FFE0FFE0FFE0FFD6
:10B28000E0FFE0FFE0FFE0FFE0FFE0FFE0FFE0FFC6
:10B29000E0FFE0FFE0FFE0FFE0FFE0FFE0FFE0FFB6
:10B2A000E0FFE0FFE0FFE0FFE0FFE0FFE0FFE0FFA6
:10B2B000E0FFE0FFE0FFE0FFE0FFE0FFE0FFE0FF96
:10B2C000E0FFE0FFE0FFE0FFE0FFE0FFE0FFE0FF86
:10B2D000E0FFE0FFE0FFE0FFE0FFE0FFE0FFE0FF76
:10B2E000E0FFE0FFE0FFE0FFE0FFE0FFE0FFE0FF66
:10B2F000E0FFE0FFE0FFE0FFE0FFE0FFE0FFE0FF56
:10B30000E0FFE0FFE0FFE0FFE0FFE0FFE0FFE0FF45
:10B31000E0FFE0FFE0FFE0FFE0FFE0FFE0FFE0FF35
:10B32000E0FFE0FFE0FF00E740EFE0FFE0FFE0FFCD
:10B33000E0FFE0FFE0FFE0FFE0FFE0FFE0FFE0FF15
:10B34000E0FFE0FFE0FFE0FFE0FFE0FFE0FFE0FF05
:10B35000E0FFE0FFE0FFE0FFE0FFE0FFE0FFE0FFF5
:10B36000E0FFE0FFE0FFE0FFE0FFE0FFE0FFE0FFE5
:10B37000E0FFE0FFE0FFE0FFE0FFE0FFE0FFE0FFD5
:10B38000E0FFE0FFE0FFE0FFE0FFE0FFE0FFE0FFC5
:10B39000E0FFE0FFE0FFE0FFE0FFE0FFE0FFE0FFB5
:10B3A000E0FFE0FFE0FFE0FFE0FFE0FFE0FFE0FFA5
:10B3B000E0FFE0FFE0FFE0FFE0FFE0FFE0FFE0FF95
:10B3C000E0FFE0FFE0FFE0FFE0FFE0FFE0FFE0FF85
:10B3D000E0FFE0FFE0FFE0FFE0FFE0FFE0FFE0FF75
:10B3E000E0FFE0FFE0FFE0FFE0FFE0FFE0FFE0FF65
:10B3F000E0FFE0FFE0FFE0FFE0FFE0FFE0FFE0FF55
:10B40000E0FFE0FFE0FFE0FFE0FFE0FFE0FFE0FF44
:10B41000E0FFE0FFE0FFE0FFE0FFE0FFE0FFE0FF34
:10B42000E0FFE0FFE0FFE0FFE0FFE0FFE0FFE0FF24
:10B43000E0FFE0FFE0FFE0FFE0FFE0FFE0FFE0FF14
:10B44000E0FFE0FFE0FFE0FFE0FFE0FFE0FFE0FF04
:10B45000E0FFE0FFE0FFE0FFE0FFE0FFE0FFE0FFF4
:10B46000E0FFE0FFE0FFE0FFE0FFE0FFE0FFE0FFE4
:10B47000E0FFE0FFE0FFE0FFE0FFE0FFE0FFE0FFD4
:10B48000E0FFE0FFE0FFE0FFE0FFE0FFE0FFE0FFC4
:10B49000E0FFE0FFE0FFE0FFE0FFE0FFE0FFE0FFB4
:10B4A000E0FFE0FFE0FFE0FFE0FFE0FFE0FFE0FFA4
:10B4B000E0FFE0FFE0FFE0FFE0FFE0FFE0FFE0FF94
:10B4C000E0FFE0FFE0FFE0FFE0FFE0FFE0FFE0FF84
:10B4D000E0FFE0FFE0FFE0FFE0FFE0FFE0FFE0FF74
:10B4E000E0FFE0FFE0FFE0FFE0FFE0FFE0FFE0FF64
:10B4F000E0FFE0FFE0FFE0FFE0FFE0FFE0FFE0FF54
:10B50000E0FFE0FFE07B0000000080B5E0FFE0FF2F
:10B51000E0FFE0FFE0FFE0FFE0FFE0FFE0FFE0FF33
:10B52000E0FFE0FFE0FFE0FFE0FFE0FFE0FFE0FF23
:10B53000E0FFE0FFE0FFE0FFE0FFE0FFE0FFE0FF13
:10B54000E0FFE0FFE0FFE0FFE0FFE0FFE0FFE0FF03
:10B55000E0FFE0FFE0FFE0FFE0FFE0FFE0FFE0FFF3
:10B56000E0FFE0FFE0FFE0FFE0FFE0FFE0FFE0FFE3
:10B57000E0FFE0FFE0FFE0FFE0FFE0FFE0FFE0FFD3
:10B58000E0FFE0FFE0FFE0FFE0FFE0FFE0FFE0FFC3
:10B59000E0FFE0FFE0FFE0FFE0FFE0FFE0FFE0FFB3
:10B5A000E0FFE0FFE0FFE0FFE0FFE0FFE0FFE0FFA3
:10B5B000E0FFE0FFE0FFE0FFE0FFE0FFE0FFE0FF93
:10B5C000E0FFE0FFE0FFE0FFE0FFE0FFE0FFE0FF83
:10B5D000E0FFE0FFE0FFE0FFE0FFE0FFE0FFE0FF73
:10B5E000E0FFE0FFE0FFE0FFE0FFE0FFE0FFE0FF63
:10B5F000E0FFE0FFE0FFE0FFE0FFE0FFE0FFE0FF53
:10B60000E0FFE0FFE0FFE0FFE0FFE0FFE0FFE0FF42
:10B61000E0FFE0FFE0FFE0FFE0FFE0FFE0FFE0FF32
:10B62000E0FFE0FFE0FFE0FFE0FFE0FFE0FFE0FF22
:10B63000E0FFE0FFE0FFE0FFE0FFE0FFE0FFE0FF12
:10B64000E0FFE0FFE0FFE0FFE0FFE0FFE0FFE0FF02
:10B65000E0FFE0FFE0FFE0FFE0FFE0FFE0FFE0FFF2
:10B66000E0FFE0FFE0FFE0FFE0FFE0FFE0FFE0FFE2
:10B67000E0FFE0FFE0FFE0FFE0FFE0FFE0FFE0FFD2
:10B68000E0FFE0FFE0FFE0FFE0FFE0FFE0FFE0FFC2
:10B69000E0FFE0FFE0FFE0FFE0FFE0FFE0FFE0FFB2
:10B6A000E0FFE0FFE0FFE0FFE0FFE0FFE0FFE0FFA2
:10B6B000E0FFE0FFE0FFE0FFE0FFE0FFE0FFE0FF92
:10B6C000E0FFE0FFE0FFE0FFE0FFE0FFE0FFE0FF82
:10B6D000E0FFE0FFE0FFE0FFE0FFE0FFE0FFE0FF72
:10B6E000E0FFE0FF0000000000000000E0FFE0FFDE
:10B6F000E0FFE0FFE0FFE0FFE0FFE0FFE0FFE0FF52
:10B70000E0FFE0FFE0FFE0FFE0FFE0FFE0FFE0FF41
:10B71000E0FFE0FFE0FFE0FFE0FFE0FFE0FFE0FF31
:10B72000E0FFE0FFE0FFE0FFE0FFE0FFE0FFE0FF21
:10B73000E0FFE0FFE0FFE0FFE0FFE0FFE0FFE0FF11
:10B74000E0FFE0FFE0FFE0FFE0FFE0FFE0FFE0FF01
:10B75000E0FFE0FFE0FFE0FFE0FFE0FFE0FFE0FFF1
:10B76000E0FFE0FFE0FFE0FFE0FFE0FFE0FFE0FFE1
:10B77000E0FFE0FFE0FFE0FFE0FFE0FFE0FFE0FFD1
:10B78000E0FFE0FFE0FFE0FFE0FFE0FFE0FFE0FFC1
:10B79000E0FFE0FFE0FFE0FFE0FFE0FFE0FFE0FFB1
:10B7A000E0FFE0FFE0FFE0FFE0FFE0FFE0FFE0FFA1
:10B7B000E0FFE0FFE0FFE0FFE0FFE0FFE0FFE0FF91
:10B7C000E0FFE0FFE0FFE0FFE0FFE0FFE0FFE0FF81
:10B7D000E0FFE0FFE0FFE0FFE0FFE0FFE0FFE0FF71
:10B7E000E0FFE0FFE0FFE0FFE0FFE0FFE0FFE0FF61
:10B7F000E0FFE0FFE0FFE0FFE0FFE0FFE0FFE0FF51
:10B80000E0FFE0FFE0FFE0FFE0FFE0FFE0FFE0FF40
:10B81000E0FFE0FFE0FFE0FFE0FFE0FFE0FFE0FF30
:10B82000E0FFE0FFE0FFE0FFE0FFE0FFE0FFE0FF20
:10B83000E0FFE0FFE0FFE0FFE0FFE0FFE0FFE0FF10
:10B84000E0FFE0FFE0FFE0FFE0FFE0FFE0FFE0FF00
:10B85000E0FFE0FFE0FFE0FFE0FFE0FFE0FFE0FFF0
:10B86000E0FFE0FFE0FFE0FFE0FFE0FFE0FFE0FFE0
:10B87000E0FFE0FFE0FFE0FFE0FFE0FFE0FFE0FFD0
:10B88000E0FFE0FFE0FFE0FFE0FFE0FFE0FFE0FFC0
:10B89000E0FFE0FFE0FFE0FFE0FF0000000000004D
:10B8A000E0FFE0FFE0FFE0FFE0FFE0FFE0FFE0FFA0
:10B8B000E0FFE0FFE0FFE0FFE0FFE0FFE0FFE0FF90
:10B8C000E0FFE0FF0000000000000000E0FFE0FFFC
:10B8D000E0FFE0FFE0FFE0FFE0FFE0FFE0FFE0FF70
:10B8E000E0FFE0FFE0FFE0FFE0FFE0FFE0FFE0FF60
:10B8F000E0FFE0FFE0FFE0FFE0FFE0FFE0FFE0FF50
:10B90000E0FFE0FFE0FFE0FFE0FFE0FF00000000FD
:10B910000000E0FFE0FFE0FFE0FFE0FFE0FFE0FF0E
:10B92000E0FFE0FFE0FFE0FFE0FFE0FFE0FFE0FF1F
:10B93000E0FFE0FFE0FFE0FFE0FFE0FFE0FFE0FF0F
:10B94000E0FFE0FFE0FFE0FFE0FFE0FFE0FFE0FFFF
:10B95000E0FFE0FFE0FFE0FFE0FFE0FFE0FFE0FFEF
:10B96000E0FFE0FFE0FFE0FFE0FFE0FFE0FFE0FFDF
:10B97000E0FFE0FF00000000E0FFE0FFE0FFE0FF8D
:10B98000E0FFE0FFE0FFE0FFE0FFE0FFE0FFE0FFBF
:10B99000E0FFE0FFE0FFE0FFE0FFE0FFE0FFE0FFAF
:10B9A000E0FFE0FFE0FFE0FFE0FFE0FFE0FFE0FF9F
:10B9B000E0FFE0FFE0FFE0FFE0FFE0FFE0FFE0FF8F
:10B9C000E0FFE0FFE0FFE0FFE0FFE0FFE0FFE0FF7F
:10B9D000E0FFE0FFE0FFE0FFE0FF0000000000000C
:10B9E000E0FFE0FFE0FFE0FFE0FFE0FFE0FFE0FF5F
:10B9F000E0FFE0FFE0FFE0FFE0FFE0FFE0FFE0FF4F
:10BA0000E0FFE0FFE0FFE0FFE0FFE0FFE0FFE0FF3E
:10BA1000E0FFE0FFE0FFE0FFE0FFE0FFE0FFE0FF2E
:10BA2000E0FFE0FFE0FFE0FFE0FFE0FFE0FFE0FF1E
:10BA3000E0FFE0FFE0FFE0FFE0FFE0FFE0FFE0FF0E
:10BA4000E0FFE0FFE0FFE0FFE0FFE0FFE0FFE0FFFE
:10BA5000E0FFE0FFE0FFE0FFE0FFE0FFE0FFE0FFEE
:10BA6000E0FFE0FFE0FFE0FFE0FFE0FFE0FFE0FFDE
:10BA7000E0FFE0FFE0FFE0FFE0FF0000000000006B
:10BA8000E0FFE0FFE0FFE0FFE0FFE0FFE0FFE0FFBE
:10BA9000E0FFE0FFE0FFE0FFE0FFE0FFE0FFE0FFAE
:10BAA000E0FFE0FF406B0000000080B5E0FFE0FF3A
:10BAB000E0FFE0FFE0FFE0FFE0FFE0FFE0FFE0FF8E
:10BAC000E0FFE0FFE0FFE0FFE0FFE0FFE0FFE0FF7E
:10BAD000E0FFE0FFE0FFE0FFE0FFE0FFE0FFE0FF6E
:10BAE000E0FFE0FFE0FFE0FFE0FFE0FF000000001C
:10BAF0000000E0FFE0FFE0FFE0FFE0FFE0FFE0FF2D
:10BB0000E0FFE0FFE0FFE0FFE0FFE0FFE0FFE0FF3D
:10BB1000E0FFE0FFE0FFE0FFE0FFE0FFE0FFE0FF2D
:10BB2000E0FFE0FFE0FFE0FFE0FFE0FFE0FFE0FF1D
:10BB3000E0FFE0FFE0FFE0FFE0FFE0FFE0FFE0FF0D
:10BB4000E0FFE0FFE0FFE0FFE0FFE0FFE0FFE0FFFD
:10BB5000E0FFE0FF00000000E0FFE0FFE0FFE0FFAB
:10BB6000E0FFE0FFE0FFE0FFE0FFE0FFE0FFE0FFDD
:10BB7000E0FFE0FFE0FFE0FFE0FFE0FFE0FFE0FFCD
:10BB8000E0FFE0FFE0FFE0FFE0FFE0FFE0FFE0FFBD
:10BB9000E0FFE0FFE0FFE0FFE0FFE0FFE0FFE0FFAD
:10BBA000E0FFE0FFE0FFE0FFE0FFE0FFE0FFE0FF9D
:10BBB000E0FFE0FFE0FFE0FFE0FF0000000000002A
:10BBC000E0FFE0FFE0FFE0FFE0FFE0FFE0FFE0FF7D
:10BBD000E0FFE0FFE0FFE0FFE0FFE0FFE0FFE0FF6D
:10BBE000E0FFE0FFE0FFE0FFE0FFE0FFE0FFE0FF5D
:10BBF000E0FFE0FFE0FFE0FFE0FFE0FFE0FFE0FF4D
:10BC0000E0FFE0FFE0FFE0FFE0FFE0FFE0FFE0FF3C
:10BC1000E0FFE0FFE0FFE0FFE0FFE0FFE0FFE0FF2C
:10BC2000E0FFE0FFE0FFE0FFE0FFE0FFE0FFE0FF1C
:10BC3000E0FFE0FFE0FFE0FFE0FFE0FFE0FFE0FF0C
:10BC4000E0FFE0FFE0FFE0FFE0FFE0FFE0FFE0FFFC
:10BC5000E0FFE0FFE0FFE0FFE0FF00000000000089
:10BC6000E0FFE0FFE0FFE0FFE0FFE0FFE0FFE0FFDC
:10BC7000E0FFE0FFE0FFE0FFE0FFE0FFE0FFE0FFCC
:10BC8000E0FFE0FFE0FF00E740EFE0FFE0FFE0FF64
:10BC9000E0FFE0FFE0FFE0FFE0FFE0FFE0FFE0FFAC
:10BCA000E0FFE0FFE0FFE0FFE0FFE0FFE0FFE0FF9C
:10BCB000E0FFE0FFE0FFE0FFE0FFE0FFE0FFE0FF8C
:10BCC000E0FFE0FFE0FFE0FFE0FFE0FF000000003A
:10BCD0000000E0FFE0FFE0FFE0FFE0FFE0FFE0FF4B
:10BCE000E0FFE0FFE0FFE0FFE0FFE0FFE0FFE0FF5C
:10BCF000E0FFE0FFE0FFE0FFE0FFE0FFE0FFE0FF4C
:10BD0000E0FFE0FFE0FFE0FFE0FFE0FFE0FFE0FF3B
:10BD1000E0FFE0FFE0FFE0FFE0FFE0FFE0FFE0FF2B
:10BD2000E0FFE0FFE0FFE0FFE0FFE0FFE0FFE0FF1B
:10BD3000E0FFE0FF00000000E0FFE0FFE0FFE0FFC9
:10BD4000E0FFE0FFE0FFE0FFE0FFE0FFE0FFE0FFFB
:10BD5000E0FFE0FFE0FFE0FFE0FFE0FFE0FFE0FFEB
:10BD6000E0FFE0FFE0FFE0FFE0FFE0FFE0FFE0FFDB
:10BD7000E0FFE0FFE0FFE0FFE0FFE0FFE0FFE0FFCB
:10BD8000E0FFE0FFE0FFE0FFE0FFE0FFE0FFE0FFBB
:10BD9000E0FFE0FFE0FFE0FFE0FF00000000000048
:10BDA000E0FFE0FFE0FFE0FFE0FFE0FFE0FFE0FF9B
:10BDB000E0FFE0FFE0FFE0FFE0FFE0FFE0FFE0FF8B
:10BDC000E0FFE0FFE0FFE0FFE0FFE0FFE0FFE0FF7B
:10BDD000E0FFE0FFE0FFE0FFE0FFE0FFE0FFE0FF6B
:10BDE000E0FFE0FFE0FFE0FFE0FFE0FFE0FFE0FF5B
:10BDF000E0FFE0FFE0FFE0FFE0FFE0FFE0FFE0FF4B
:10BE0000E0FFE0FFE0FFE0FFE0FFE0FFE0FFE0FF3A
:10BE1000E0FFE0FFE0FFE0FFE0FFE0FFE0FFE0FF2A
:10BE2000E0FFE0FFE0FFE0FFE0FFE0FFE0FFE0FF1A
:10BE3000E0FFE0FFE0FFE0FFE0FF000000000000A7
:10BE4000E0FFE0FFE0FFE0FFE0FFE0FFE0FFE0FFFA
:10BE5000E0FFE0FFE0FFE0FFE0FFE0FFE0FFE0FFEA
:10BE6000E0FFE0FFE0FFE0FFE0FFE0FFE0FFE0FFDA
:10BE7000E0FFE0FFE0FFE0FFE0FFE0FFE0FFE0FFCA
:10BE8000E0FFE0FFE0FFE0FFE0FFE0FFE0FFE0FFBA
:10BE9000E0FFE0FFE0FFE0FFE0FFE0FFE0FFE0FFAA
:10BEA000E0FFE0FFE0FFE0FFE0FFE0FF0000000058
:10BEB0000000E0FFE0FFE0FFE0FFE0FFE0FFE0FF69
:10BEC000E0FFE0FFE0FFE0FFE0FFE0FFE0FFE0FF7A
:10BED000E0FFE0FFE0FFE0FFE0FFE0FFE0FFE0FF6A
:10BEE000E0FFE0FFE0FFE0FFE0FFE0FFE0FFE0FF5A
:10BEF000E0FFE0FFE0FFE0FFE0FFE0FFE0FFE0FF4A
:10BF0000E0FFE0FFE0FFE0FFE0FFE0FFE0FFE0FF39
:10BF1000E0FFE0FF00000000E0FFE0FFE0FFE0FFE7
:10BF2000E0FFE0FFE0FFE0FFE0FFE0FFE0FFE0FF19
:10BF3000E0FFE0FFE0FFE0FFE0FFE0FFE0FFE0FF09
:10BF4000E0FFE0FFE0FFE0FFE0FFE0FFE0FFE0FFF9
:10BF5000E0FFE0FFE0FFE0FFE0FFE0FFE0FFE0FFE9
:10BF6000E0FFE0FFE0FFE0FFE0FFE0FFE0FFE0FFD9
:10BF7000E0FFE0FFE0FFE0FFE0FF00000000000066
:10BF8000E0FFE0FFE0FFE0FFE0FFE0FFE0FFE0FFB9
:10BF9000E0FFE0FFE0FFE0FFE0FFE0FFE0FFE0FFA9
:10BFA000E0FFE0FFE0FFE0FFE0FFE0FFE0FFE0FF99
:10BFB000E0FFE0FFE0FFE0FFE0FFE0FFE0FFE0FF89
:10BFC000E0FF000000000000000000000000000092
:10BFD0000000E0FFE0FFE0FFE0FFE0FFE0FFE0FF48
:10BFE000E0FFE0FFE0FFE0FFE0FFE0FF0000000017
:10BFF000000000000000000000000000E0FFE0FF83
:10C00000E0FFE0FFE0FFE0FFE0FFE0FFE0FFE0FF38
:10C01000E0FFE0FFE0FFE0FFE0FF000000000000C5
:10C02000E0FFE0FFE0FFE0FFE0FFE0FFE0FFE0FF18
:10C03000E0FFE0FF00000000E0FFE0FFE0FFE0FFC6
:10C04000E0FFE0FFE0FFE0FF000000000000E0FF95
:10C05000E0FFE0FFE0FFE0FFE0FFE0FFE0FFE0FFE8
:10C06000000000000000E0FFE0FFE0FFE0FFE0FF75
:10C0700000000000000000000000000000000000C0
:10C08000E0FFE0FFE0FFE0FFE0FFE0FF0000000076
:10C090000000E0FFE0FFE0FFE0FFE0FFE0FFE0FF87
:10C0A000E0FF00000000E0FFE0FFE0FFE0FFE0FF56
:10C0B000E0FFE0FFE0FFE0FFE0FFE0FFE0FFE0FF88
:10C0C000E0FFE0FFE0FF000000000000E0FFE0FF15
:10C0D000E0FFE0FFE0FFE0FFE0FFE0FFE0FF000047
:10C0E00000000000E0FFE0FFE0FFE0FFE0FFE0FF16
:10C0F000E0FFE0FF00000000E0FFE0FFE0FFE0FF06
:10C10000E0FFE0FF00000000000000000000000071
:10C110000000E0FFE0FFE0FFE0FFE0FFE0FFE0FF06
:10C12000E0FFE0FFE0FFE0FFE0FFE0FFE0FFE0FF17
:10C13000E0FFE0FFE0FFE0FFE0FFE0FFE0FFE0FF07
:10C14000E0FFE0FFE0FFE0FFE0FFE0FFE0FFE0FFF7
:10C15000E0FFE0FFE0FFE0FFE0FF00000000000084
:10C16000E0FFE0FFE0FFE0FFE0FFE0FFE0FFE0FFD7
:10C17000E0FFE0FFE0FFE0FFE0FFE0FFE0FFE0FFC7
:10C18000E0FFE0FFE0FFE0FFE0FFE0FFE0FFE0FFB7
:10C19000E0FFE0FFE0FFE0FFE0FFE0FFE0FFE0FFA7
:10C1A000E0FF000000000000E0FFE0FFE0FFE0FF34
:10C1B000E0FFE0FFE0FFE0FFE0FFE0FFE0FFE0FF87
:10C1C000E0FFE0FFE0FFE0FFE0FFE0FF0000000035
:10C1D0000000E0FFE0FFE0FFE0FFE0FFE0FFE0FF46
:10C1E000E0FFE0FFE0FFE0FFE0FFE0FFE0FFE0FF57
:10C1F000E0FFE0FFE0FFE0FFE0FF000000000000E4
:10C20000E0FFE0FFE0FFE0FFE0FFE0FFE0FFE0FF36
:10C21000E0FF00000000E0FFE0FFE0FFE0FFE0FFE4
:10C22000E0FFE0FFE0FF0000000000000000E0FF92
:10C23000E0FFE0FFE0FFE0FFE0FFE0FFE0FF0000E5
:10C2400000000000E0FFE0FFE0FFE0FFE0FFE0FFB4
:10C25000000000000000E0FFE0FFE0FFE0FFE0FF83
:10C26000E0FFE0FFE0FFE0FFE0FFE0FF0000000094
:10C270000000E0FFE0FFE0FFE0FFE0FFE0FFE0FFA5
:10C28000000000000000E0FFE0FFE0FFE0FFE0FF53
:10C29000E0FFE0FFE0FFE0FFE0FFE0FFE0FFE0FFA6
:10C2A000E0FFE0FF0000000000000000E0FFE0FF12
:10C2B000E0FFE0FFE0FFE0FFE0FFE0FF0000000044
:10C2C0000000E0FFE0FFE0FFE0FFE0FFE0FFE0FF55
:10C2D000E0FFE0FF00000000E0FFE0FFE0FFE0FF24
:10C2E000E0FFE0FF000000000000E0FFE0FF0000D2
:10C2F00000000000E0FFE0FFE0FFE0FFE0FFE0FF04
:10C30000E0FFE0FFE0FFE0FFE0FFE0FFE0FFE0FF35
:10C31000E0FFE0FFE0FFE0FFE0FFE0FFE0FFE0FF25
:10C32000E0FFE0FFE0FFE0FFE0FFE0FFE0FFE0FF15
:10C33000E0FFE0FFE0FFE0FFE0FF000000000000A2
:10C34000E0FFE0FFE0FFE0FFE0FFE0FFE0FFE0FFF5
:10C35000E0FFE0FFE0FFE0FFE0FFE0FFE0FFE0FFE5
:10C36000E0FFE0FFE0FFE0FFE0FFE0FFE0FFE0FFD5
:10C37000E0FFE0FFE0FFE0FFE0FFE0FFE0FFE0FFC5
:10C38000E0FF000000000000E0FFE0FFE0FFE0FF52
:10C39000E0FFE0FFE0FFE0FFE0FFE0FFE0FFE0FFA5
:10C3A000E0FFE0FFE0FFE0FFE0FFE0FF0000000053
:10C3B0000000E0FFE0FFE0FFE0FFE0FFE0FFE0FF64
:10C3C000E0FFE0FFE0FFE0FFE0FFE0FFE0FFE0FF75
:10C3D000E0FFE0FFE0FFE0FFE0FF00000000000002
:10C3E000E0FFE0FFE0FFE0FFE0FFE0FFE0FFE0FF55
:10C3F000E0FF00000000E0FFE0FFE0FFE0FFE0FF03
:10C40000E0FFE0FF00000000000000000000E0FF8F
:10C41000E0FFE0FFE0FFE0FFE0FFE0FFE0FF000003
:10C4200000000000E0FFE0FFE0FFE0FFE0FFE0FFD2
:10C43000000000000000E0FFE0FFE0FFE0FFE0FFA1
:10C44000E0FFE0FFE0FFE0FFE0FFE0FF00000000B2
:10C450000000E0FFE0FFE0FFE0FFE0FFE0FF0000A2
:10C46000000000000000E0FFE0FFE0FFE0FFE0FF71
:10C47000E0FFE0FFE0FFE0FFE0FFE0FFE0FFE0FFC4
:10C48000E0FF00000000000000000000E0FFE0FF0F
:10C49000E0FFE0FFE0FFE0FFE0FFE0FF0000000062
:10C4A0000000E0FFE0FFE0FFE0FFE0FFE0FFE0FF73
:10C4B000E0FFE0FF00000000E0FFE0FFE0FFE0FF42
:10C4C000E0FFE0FF00000000E0FFE0FFE0FFE0FF32
:10C4D00000000000E0FFE0FFE0FFE0FFE0FFE0FF22
:10C4E000E0FFE0FFE0FFE0FFE0FFE0FFE0FFE0FF54
:10C4F000E0FFE0FFE0FFE0FFE0FFE0FFE0FFE0FF44
:10C50000E0FFE0FFE0FFE0FFE0FFE0FFE0FFE0FF33
:10C51000E0FFE0FFE0FFE0FFE0FF000000000000C0
:10C52000E0FFE0FFE0FFE0FFE0FFE0FFE0FFE0FF13
:10C53000E0FFE0FFE0FFE0FFE0FFE0FFE0FFE0FF03
:10C54000E0FFE0FFE0FFE0FFE0FFE0FFE0FFE0FFF3
:10C55000E0FFE0FFE0FFE0FFE0FFE0FFE0FFE0FFE3
:10C56000E0FF000000000000E0FFE0FFE0FFE0FF70
:10C57000E0FFE0FFE0FFE0FFE0FFE0FFE0FFE0FFC3
:10C58000E0FFE0FFE0FFE0FFE0FFE0FF0000000071
:10C590000000E0FFE0FFE0FFE0FFE0FFE0FFE0FF82
:10C5A000E0FFE0FFE0FFE0FFE0FFE0FFE0FFE0FF93
:10C5B000E0FFE0FFE0FFE0FFE0FF00000000000020
:10C5C000E0FFE0FFE0FFE0FFE0FFE0FFE0FFE0FF73
:10C5D000000000000000E0FFE0FFE0FFE0FFE0FF00
:10C5E000E0FFE0FF00000000000000000000E0FFAE
:10C5F000E0FFE0FFE0FFE0FFE0FFE0FFE0FF000022
:10C600000000E0FFE0FFE0FFE0FFE0FFE0FFE0FF11
:10C61000000000000000E0FFE0FFE0FFE0FFE0FFBF
:10C62000E0FFE0FFE0FFE0FFE0FFE0FF00000000D0
:10C630000000E0FFE0FFE0FFE0FFE0FF000000009F
:10C64000000000000000E0FFE0FFE0FFE0FFE0FF8F
:10C65000E0FFE0FFE0FFE0FFE0FFE0FFE0FFE0FFE2
:10C66000000000000000000000000000E0FFE0FF0C
:10C67000E0FFE0FFE0FFE0FFE0FF0000000000005F
:10C68000E0FFE0FFE0FFE0FFE0FFE0FFE0FFE0FFB2
:10C69000E0FFE0FF00000000E0FFE0FFE0FFE0FF60
:10C6A000E0FFE0FF00000000E0FFE0FFE0FFE0FF50
:10C6B00000000000E0FFE0FFE0FFE0FFE0FFE0FF40
:10C6C000E0FFE0FFE0FFE0FFE0FFE0FFE0FFE0FF72
:10C6D000E0FFE0FFE0FFE0FFE0FFE0FFE0FFE0FF62
:10C6E000E0FFE0FFE0FFE0FFE0FFE0FFE0FFE0FF52
:10C6F000E0FFE0FFE0FFE0FFE0FF000000000000DF
:10C70000E0FFE0FFE0FFE0FFE0FFE0FFE0FFE0FF31
:10C71000E0FFE0FFE0FFE0FFE0FFE0FFE0FFE0FF21
:10C72000E0FFE0FFE0FFE0FFE0FFE0FFE0FFE0FF11
:10C73000E0FFE0FFE0FFE0FFE0FFE0FFE0FFE0FF01
:10C74000E0FF00000000E0FFE0FFE0FFE0FFE0FFAF
:10C75000E0FFE0FFE0FFE0FFE0FFE0FFE0FFE0FFE1
:10C76000E0FFE0FFE0FFE0FFE0FFE0FF000000008F
:10C77000E0FFE0FFE0FFE0FFE0FFE0FFE0FFE0FFC1
:10C78000E0FFE0FFE0FFE0FFE0FFE0FFE0FFE0FFB1
:10C79000E0FFE0FFE0FFE0FFE0FF0000000000003E
:10C7A000E0FFE0FFE0FFE0FFE0FFE0FFE0FF000070
:10C7B00000000000E0FFE0FFE0FFE0FFE0FFE0FF3F
:10C7C000E0FFE0FF0000E0FF000000000000E0FFED
:10C7D000E0FFE0FFE0FFE0FFE0FFE0FF000000001F
:10C7E000E0FFE0FFE0FFE0FFE0FFE0FFE0FFE0FF51
:10C7F00000000000E0FFE0FFE0FFE0FFE0FFE0FFFF
:10C80000E0FFE0FFE0FFE0FFE0FFE0FF00000000EE
:10C810000000E0FFE0FFE0FFE0FFE0FF00000000BD
:10C82000E0FF00000000E0FFE0FFE0FFE0FFE0FFCE
:10C83000E0FFE0FFE0FFE0FFE0FFE0FFE0FFE0FF00
:10C8400000000000E0FF000000000000E0FFE0FF4B
:10C85000E0FFE0FFE0FFE0FFE0FF00000000E0FF9E
:10C86000E0FFE0FFE0FFE0FFE0FFE0FFE0FFE0FFD0
:10C87000E0FFE0FF00000000E0FFE0FFE0FFE0FF7E
:10C88000E0FFE0FFE0FFE0FFE0FFE0FFE0FFE0FFB0
:10C8900000000000E0FFE0FFE0FFE0FFE0FFE0FF5E
:10C8A000E0FFE0FFE0FFE0FFE0FFE0FFE0FFE0FF90
:10C8B000E0FFE0FFE0FFE0FFE0FFE0FFE0FFE0FF80
:10C8C000E0FFE0FFE0FFE0FFE0FFE0FFE0FFE0FF70
:10C8D000E0FFE0FFE0FFE0FFE0FF000000000000FD
:10C8E000E0FFE0FFE0FFE0FFE0FFE0FFE0FFE0FF50
:10C8F000E0FFE0FFE0FFE0FFE0FFE0FFE0FFE0FF40
:10C90000E0FFE0FFE0FFE0FFE0FFE0FFE0FFE0FF2F
:10C91000E0FFE0FFE0FFE0FFE0FFE0FFE0FFE0FF1F
:10C920000000000000000000000000000000000007
:10C93000E0FFE0FFE0FFE0FFE0FFE0FFE0FFE0FFFF
:10C94000E0FFE0FFE0FFE0FFE0FF0000000000008C
:10C9500000000000000000000000E0FFE0FFE0FF3A
:10C96000E0FFE0FFE0FFE0FFE0FFE0FFE0FFE0FFCF
:10C97000E0FFE0FFE0FFE0FFE0FF0000000000005C
:10C98000E0FFE0FFE0FFE0FFE0FFE0FFE0FF00008E
:10C990000000000000000000E0FFE0FFE0FFE0FF1B
:10C9A000E0FFE0FFE0FFE0FF000000000000E0FF2C
:10C9B000E0FFE0FFE0FFE0FFE0FFE0FF000000003D
:10C9C000000000000000E0FFE0FFE0FFE0FF0000EB
:10C9D0000000000000000000000000000000E0FF78
:10C9E000E0FFE0FFE0FFE0FFE0FFE0FF000000000D
:10C9F0000000E0FFE0FFE0FFE0FFE0FFE0FFE0FF1E
:10CA0000E0FF00000000E0FFE0FFE0FFE0FFE0FFEC
:10CA1000E0FFE0FFE0FFE0FFE0FFE0FFE0FFE0FF1E
:10CA2000E0FFE0FFE0FF000000000000E0FFE0FFAB
:10CA3000E0FFE0FFE0FFE0FFE0FF0000000000009B
:10CA400000000000E0FFE0FFE0FFE0FFE0FFE0FFAC
:10CA5000E0FFE0FF00000000E0FFE0FFE0FFE0FF9C
:10CA6000E0FFE0FFE0FFE0FFE0FFE0FFE0FFE0FFCE
:10CA700000000000E0FFE0FFE0FFE0FFE0FFE0FF7C
:10CA8000E0FFE0FFE0FFE0FFE0FFE0FFE0FFE0FFAE
:10CA9000E0FFE0FFE0FFE0FFE0FFE0FFE0FFE0FF9E
:10CAA000E0FFE0FFE0FFE0FFE0FFE0FFE0FFE0FF8E
:10CAB000E0FFE0FFE0FFE0FFE0FF0000000000001B
:10CAC000E0FFE0FFE0FFE0FFE0FFE0FFE0FFE0FF6E
:10CAD000E0FFE0FFE0FFE0FFE0FFE0FFE0FFE0FF5E
:10CAE000E0FFE0FFE0FFE0FFE0FFE0FFE0FFE0FF4E
:10CAF000E0FFE0FFE0FFE0FFE0FFE0FFE0FFE0FF3E
:10CB0000000000000000E0FFE0FFE0FF0000000088
:10CB10000000E0FFE0FFE0FFE0FFE0FFE0FFE0FFFC
:10CB2000E0FFE0FFE0FFE0FFE0FF000000000000AA
:10CB3000E0FFE0FFE0FF000000000000E0FFE0FF9A
:10CB4000E0FFE0FFE0FFE0FFE0FFE0FFE0FFE0FFED
:10CB5000E0FFE0FFE0FFE0FFE0FF0000000000007A
:10CB6000E0FFE0FFE0FFE0FFE0FFE0FF000000008B
:10CB70000000E0FFE0FF0000000000000000E0FF18
:10CB8000E0FFE0FFE0FFE0FF000000000000E0FF4A
:10CB9000E0FFE0FFE0FFE0FFE0FF00000000E0FF5B
:10CBA000E0FFE0FF0000000000000000E0FF0000E8
:10CBB00000000000E0FFE0FFE0FF000000000000D8
:10CBC000E0FFE0FFE0FFE0FFE0FFE0FF000000002B
:10CBD0000000E0FFE0FFE0FFE0FFE0FFE0FFE0FF3C
:10CBE000E0FF00000000E0FFE0FFE0FFE0FFE0FF0B
:10CBF000E0FFE0FFE0FFE0FFE0FFE0FFE0FFE0FF3D
:10CC0000E0FFE0FFE0FF000000000000E0FFE0FFC9
:10CC1000E0FFE0FFE0FFE0FF00000000E0FFE0FFDA
:10CC2000E0FF000000000000E0FFE0FFE0FFE0FFA9
:10CC3000E0FFE0FF00000000E0FFE0FFE0FFE0FFBA
:10CC4000E0FFE0FFE0FFE0FFE0FFE0FFE0FF0000CB
:10CC50000000E0FFE0FFE0FFE0FFE0FFE0FFE0FFBB
:10CC6000E0FFE0FFE0FFE0FF000000000000000048
:10CC7000000000000000000000000000E0FFE0FFF6
:10CC8000E0FFE0FFE0FFE0FFE0FFE0FFE0FFE0FFAC
:10CC9000E0FFE0FFE0FFE0FFE0FF00000000000039
:10CCA000E0FFE0FFE0FFE0FFE0FFE0FFE0FFE0FF8C
:10CCB000E0FFE0FFE0FFE0FFE0FFE0FFE0FFE0FF7C
:10CCC000E0FFE0FFE0FFE0FFE0FFE0FFE0FFE0FF6C
:10CCD000E0FFE0FFE0FFE0FFE0FFE0FFE0FFE0FF5C
:10CCE000E0FFE0FFE0FFE0FFE0FFE0FF000000000A
:10CCF0000000E0FFE0FFE0FFE0FFE0FFE0FFE0FF1B
:10CD0000E0FFE0FFE0FFE0FFE0FFE0FFE0FFE0FF2B
:10CD1000E0FFE0FFE0FF000000000000E0FFE0FFB8
:10CD2000E0FFE0FFE0FFE0FFE0FFE0FFE0FFE0FF0B
:10CD3000E0FFE0FFE0FFE0FFE0FF00000000000098
:10CD4000E0FFE0FFE0FFE0FFE0FF00000000000088
:10CD5000E0FFE0FFE0FFE0FF000000000000E0FF78
:10CD6000E0FFE0FFE0FFE0FF000000000000E0FF68
:10CD7000E0FFE0FFE0FFE0FF000000000000E0FF58
:10CD8000E0FFE0FFE0FF000000000000E0FFE0FF48
:10CD9000E0FFE0FFE0FFE0FFE0FF00000000000038
:10CDA000E0FFE0FFE0FFE0FFE0FFE0FF0000000049
:10CDB0000000E0FFE0FFE0FFE0FFE0FFE0FFE0FF5A
:10CDC000E0FF00000000E0FFE0FFE0FFE0FFE0FF29
:10CDD000E0FFE0FFE0FFE0FFE0FFE0FFE0FFE0FF5B
:10CDE000E0FFE0FFE0FF000000000000E0FFE0FFE8
:10CDF000E0FFE0FFE0FF00000000E0FFE0FFE0FFF9
:10CE0000E0FFE0FF00000000E0FFE0FFE0FFE0FFE8
:10CE1000E0FFE0FF00000000E0FFE0FFE0FFE0FFD8
:10CE2000E0FFE0FFE0FFE0FFE0FFE0FF00000000C8
:10CE30000000E0FFE0FFE0FFE0FFE0FFE0FFE0FFD9
:10CE4000E0FFE0FFE0FFE0FFE0FFE0FFE0FFE0FFEA
:10CE5000E0FFE0FFE0FFE0FFE0FFE0FFE0FFE0FFDA
:10CE6000E0FFE0FFE0FFE0FFE0FFE0FFE0FFE0FFCA
:10CE7000E0FFE0FFE0FFE0FFE0FF00000000000057
:10CE8000E0FFE0FFE0FFE0FFE0FFE0FFE0FFE0FFAA
:10CE9000E0FFE0FFE0FFE0FFE0FFE0FFE0FFE0FF9A
:10CEA000E0FFE0FFE0FFE0FFE0FFE0FFE0FFE0FF8A
:10CEB000E0FFE0FFE0FFE0FFE0FFE0FFE0FFE0FF7A
:10CEC000E0FFE0FFE0FFE0FFE0FFE0FFE0FF000049
:10CED00000000000E0FFE0FFE0FFE0FFE0FFE0FF18
:10CEE000E0FFE0FFE0FFE0FFE0FFE0FFE0FFE0FF4A
:10CEF000E0FFE0FFE0FFE0FF000000000000E0FFD7
:10CF0000E0FFE0FFE0FFE0FFE0FFE0FFE0FFE0FF29
:10CF1000E0FFE0FFE0FFE0FFE0FF000000000000B6
:10CF2000E0FFE0FFE0FFE0FFE0FF000000000000A6
:10CF3000E0FFE0FFE0FFE0FF000000000000E0FF96
:10CF4000E0FFE0FFE0FFE0FF000000000000E0FF86
:10CF5000E0FFE0FFE0FFE0FF000000000000E0FF76
:10CF6000E0FFE0FFE0FF000000000000E0FFE0FF66
:10CF7000E0FFE0FFE0FFE0FFE0FFE0FF0000000077
:10CF80000000E0FFE0FFE0FFE0FFE0FF0000000046
:10CF90000000E0FFE0FFE0FFE0FFE0FFE0FFE0FF78
:10CFA000E0FF00000000E0FFE0FFE0FFE0FFE0FF47
:10CFB000E0FFE0FFE0FFE0FFE0FFE0FFE0FFE0FF79
:10CFC000E0FFE0FFE0FF000000000000E0FFE0FF06
:10CFD000E0FFE0FFE0FF00000000E0FFE0FFE0FF17
:10CFE000E0FFE0FF00000000E0FFE0FFE0FFE0FF07
:10CFF000E0FFE0FF00000000E0FFE0FFE0FFE0FFF7
:10D00000E0FFE0FFE0FFE0FFE0FF000000000000C5
:10D01000E0FFE0FFE0FFE0FFE0FFE0FFE0FFE0FF18
:10D02000E0FFE0FFE0FFE0FFE0FFE0FFE0FFE0FF08
:10D03000E0FFE0FFE0FFE0FFE0FFE0FFE0FFE0FFF8
:10D04000E0FFE0FFE0FFE0FFE0FFE0FFE0FFE0FFE8
:10D05000E0FFE0FFE0FFE0FFE0FF00000000000075
:10D06000E0FFE0FFE0FFE0FFE0FFE0FFE0FFE0FFC8
:10D07000E0FFE0FFE0FFE0FFE0FFE0FFE0FFE0FFB8
:10D08000E0FFE0FFE0FFE0FFE0FFE0FFE0FFE0FFA8
:10D09000E0FFE0FFE0FFE0FFE0FFE0FFE0FFE0FF98
:10D0A000E0FFE0FFE0FFE0FFE0FFE0FFE0FF000067
:10D0B00000000000E0FFE0FFE0FFE0FFE0FFE0FF36
:10D0C000E0FFE0FFE0FFE0FFE0FFE0FFE0FFE0FF68
:10D0D000E0FFE0FFE0FFE0FF000000000000E0FFF5
:10D0E000E0FFE0FFE0FFE0FFE0FFE0FFE0FFE0FF48
:10D0F000E0FFE0FFE0FFE0FFE0FF000000000000D5
:10D10000E0FFE0FFE0FFE0FFE0FF000000000000C4
:10D11000E0FFE0FFE0FFE0FF000000000000E0FFB4
:10D12000E0FFE0FFE0FFE0FF000000000000E0FFA4
:10D13000E0FFE0FFE0FFE0FF000000000000E0FF94
:10D14000E0FFE0FFE0FF000000000000E0FFE0FF84
:10D15000E0FFE0FFE0FFE0FFE0FFE0FF0000000095
:10D160000000E0FFE0FFE0FFE0FFE0FF0000000064
:10D170000000E0FFE0FFE0FFE0FFE0FFE0FFE0FF96
:10D18000E0FF00000000E0FFE0FFE0FFE0FFE0FF65
:10D19000E0FFE0FFE0FFE0FFE0FFE0FFE0FFE0FF97
:10D1A000E0FFE0FFE0FF000000000000E0FFE0FF24
:10D1B000E0FFE0FFE0FF00000000E0FFE0FFE0FF35
:10D1C000E0FFE0FF00000000E0FFE0FFE0FFE0FF25
:10D1D000E0FFE0FF00000000E0FFE0FFE0FFE0FF15
:10D1E000E0FFE0FFE0FFE0FF0000000000000000C3
:10D1F000E0FFE0FFE0FFE0FFE0FFE0FFE0FFE0FF37
:10D20000E0FFE0FFE0FFE0FFE0FFE0FFE0FFE0FF26
:10D21000E0FFE0FFE0FFE0FFE0FFE0FFE0FFE0FF16
:10D22000E0FFE0FFE0FFE0FFE0FFE0FFE0FFE0FF06
:10D23000E0FFE0FFE0FFE0FFE0FF00000000000093
:10D24000E0FFE0FFE0FFE0FFE0FFE0FFE0FFE0FFE6
:10D25000E0FFE0FFE0FFE0FFE0FFE0FFE0FFE0FFD6
:10D26000E0FFE0FFE0FFE0FFE0FFE0FFE0FFE0FFC6
:10D27000E0FFE0FFE0FFE0FFE0FFE0FFE0FF000095
:10D2800000000000E0FFE0FFE0FFE0FF0000000022
:10D290000000E0FFE0FFE0FFE0FFE0FFE0FFE0FF75
:10D2A000E0FFE0FFE0FFE0FF000000000000E0FF23
:10D2B000E0FFE0FFE0FF000000000000E0FFE0FF13
:10D2C000E0FFE0FFE0FFE0FFE0FFE0FFE0FFE0FF66
:10D2D000E0FFE0FFE0FFE0FFE0FF000000000000F3
:10D2E000E0FFE0FFE0FFE0FFE0FF000000000000E3
:10D2F000E0FFE0FFE0FFE0FF000000000000E0FFD3
:10D30000E0FFE0FFE0FFE0FF000000000000E0FFC2
:10D31000E0FFE0FFE0FFE0FF000000000000E0FFB2
:10D32000E0FFE0FFE0FF0000000000000000000060
:10D330000000E0FFE0FFE0FFE0FF00000000000071
:10D34000E0FFE0FFE0FFE0FFE0FFE0FF00000000A3
:10D350000000E0FFE0FFE0FFE0FFE0FFE0FFE0FFB4
:10D36000E0FF00000000E0FFE0FFE0FFE0FFE0FF83
:10D37000E0FFE0FFE0FFE0FFE0FFE0FFE0FFE0FFB5
:10D38000E0FFE0FFE0FF000000000000E0FFE0FF42
:10D39000E0FFE0FFE0FF00000000E0FFE0FFE0FF53
:10D3A000E0FFE0FF00000000E0FFE0FFE0FFE0FF43
:10D3B000E0FFE0FF00000000E0FFE0FFE0FFE0FF33
:10D3C000E0FFE0FFE0FF0000000000000000E0FFE1
:10D3D000E0FFE0FFE0FFE0FFE0FFE0FFE0FFE0FF55
:10D3E000E0FFE0FFE0FFE0FFE0FFE0FFE0FFE0FF45
:10D3F000E0FFE0FFE0FFE0FFE0FFE0FFE0FFE0FF35
:10D40000E0FFE0FFE0FFE0FFE0FFE0FFE0FFE0FF24
:10D41000E0FFE0FFE0FFE0FFE0FF000000000000B1
:10D42000E0FFE0FFE0FFE0FFE0FFE0FFE0FFE0FF04
:10D43000E0FFE0FFE0FFE0FFE0FFE0FFE0FFE0FFF4
:10D44000E0FFE0FFE0FFE0FFE0FFE0FFE0FFE0FFE4
:10D45000E0FFE0FFE0FFE0FFE0FFE0FFE0FFE0FFD4
:10D46000000000000000E0FFE0FFE0FF000000001F
:10D470000000E0FFE0FFE0FFE0FFE0FFE0FFE0FF93
:10D48000E0FFE0FFE0FFE0FFE0FF00000000000041
:10D49000E0FFE0FFE0FF000000000000E0FFE0FF31
:10D4A000E0FFE0FFE0FFE0FFE0FFE0FFE0FFE0FF84
:10D4B000E0FFE0FFE0FFE0FFE0FF00000000000011
:10D4C000E0FFE0FFE0FFE0FFE0FF00000000000001
:10D4D000E0FFE0FFE0FFE0FF000000000000E0FFF1
:10D4E000E0FFE0FFE0FFE0FF000000000000E0FFE1
:10D4F000E0FFE0FFE0FFE0FF000000000000E0FFD1
:10D50000E0FFE0FFE0FF000000000000E0FF00009F
:10D5100000000000E0FFE0FFE0FF0000000000006E
:10D52000E0FFE0FFE0FFE0FFE0FFE0FF00000000C1
:10D530000000E0FFE0FFE0FFE0FFE0FFE0FFE0FFD2
:10D54000E0FF00000000E0FFE0FFE0FFE0FFE0FFA1
:10D55000E0FFE0FFE0FFE0FFE0FFE0FFE0FFE0FFD3
:10D56000E0FFE0FFE0FF000000000000E0FFE0FF60
:10D57000E0FFE0FFE0FF00000000E0FFE0FFE0FF71
:10D58000E0FFE0FF00000000E0FFE0FFE0FFE0FF61
:10D59000E0FFE0FF00000000E0FFE0FFE0FFE0FF51
:10D5A000E0FFE0FF0000000000000000E0FFE0FFFF
:10D5B000E0FFE0FFE0FFE0FFE0FFE0FFE0FFE0FF73
:10D5C000E0FFE0FFE0FFE0FFE0FFE0FFE0FFE0FF63
:10D5D000E0FFE0FFE0FFE0FFE0FFE0FFE0FFE0FF53
:10D5E000E0FFE0FFE0FFE0FFE0FFE0FFE0FFE0FF43
:10D5F000E0FFE0FFE0FFE0FFE0FF000000000000D0
:10D60000E0FFE0FFE0FFE0FFE0FFE0FFE0FFE0FF22
:10D61000E0FFE0FFE0FFE0FFE0FFE0FFE0FFE0FF12
:10D62000E0FFE0FFE0FFE0FFE0FFE0FFE0FFE0FF02
:10D63000E0FFE0FFE0FFE0FFE0FFE0FFE0FFE0FFF2
:10D64000E0FF0000000000000000000000000000FB
:10D65000E0FFE0FFE0FFE0FFE0FFE0FFE0FFE0FFD2
:10D66000E0FFE0FFE0FFE0FFE0FFE0FF0000000080
:10D6700000000000000000000000E0FFE0FFE0FF0D
:10D68000E0FFE0FFE0FFE0FFE0FFE0FFE0FFE0FFA2
:10D69000E0FFE0FFE0FFE0FFE0FF0000000000002F
:10D6A000E0FFE0FFE0FFE0FFE0FFE0FFE0FF000061
:10D6B000000000000000000000000000E0FFE0FFAC
:10D6C000E0FFE0FFE0FFE0FF000000000000E0FFFF
:10D6D000E0FFE0FFE0FFE0FFE0FFE0FF0000000010
:10D6E00000000000000000000000E0FFE0FFE0FF9D
:10D6F0000000000000000000000000000000E0FF4B
:10D70000E0FFE0FFE0FFE0FFE0FFE0FF00000000DF
:10D710000000E0FFE0FFE0FFE0FFE0FFE0FFE0FFF0
:10D72000E0FF00000000E0FFE0FFE0FFE0FFE0FFBF
:10D73000E0FFE0FFE0FFE0FFE0FFE0FFE0FFE0FFF1
:10D74000E0FFE0FFE0FF000000000000E0FFE0FF7E
:10D75000E0FFE0FFE0FFE0FFE0FF0000000000006E
:10D760000000000000000000E0FFE0FFE0FFE0FF3D
:10D77000E0FFE0FF00000000E0FFE0FFE0FFE0FF6F
:10D78000E0FFE0FF000000000000000000000000DB
:10D79000000000000000E0FFE0FFE0FFE0FFE0FF2E
:10D7A000E0FFE0FFE0FFE0FFE0FFE0FFE0FFE0FF81
:10D7B000E0FFE0FFE0FFE0FFE0FFE0FFE0FFE0FF71
:10D7C000E0FFE0FFE0FFE0FFE0FFE0FFE0FFE0FF61
:10D7D000E0FFE0FFE0FFE0FFE0FF000000000000EE
:10D7E000E0FFE0FFE0FFE0FFE0FFE0FFE0FFE0FF41
:10D7F000E0FFE0FFE0FFE0FFE0FFE0FFE0FFE0FF31
:10D80000E0FFE0FFE0FFE0FFE0FFE0FFE0FFE0FF20
:10D81000E0FFE0FFE0FFE0FFE0FFE0FFE0FFE0FF10
:10D82000E0FFE0FFE0FF000000000000E0FFE0FF9D
:10D83000E0FFE0FFE0FFE0FFE0FFE0FFE0FFE0FFF0
:10D84000E0FFE0FFE0FFE0FFE0FFE0FFE0FFE0FFE0
:10D85000000000000000E0FFE0FFE0FFE0FFE0FF6D
:10D86000E0FFE0FFE0FFE0FFE0FFE0FFE0FFE0FFC0
:10D87000E0FFE0FFE0FFE0FFE0FF0000000000004D
:10D88000E0FFE0FFE0FFE0FFE0FFE0FFE0FFE0FFA0
:10D890000000000000000000E0FFE0FFE0FFE0FF0C
:10D8A000E0FFE0FFE0FFE0FFE0FFE0FFE0FFE0FF80
:10D8B000E0FFE0FFE0FFE0FFE0FFE0FFE0FF00004F
:10D8C000000000000000E0FFE0FFE0FFE0FFE0FFFD
:10D8D000E0FFE0FF000000000000E0FFE0FFE0FFED
:10D8E000E0FFE0FFE0FFE0FFE0FFE0FF00000000FE
:10D8F0000000E0FFE0FFE0FFE0FFE0FFE0FFE0FF0F
:10D90000E0FFE0FFE0FFE0FFE0FFE0FFE0FFE0FF1F
:10D91000E0FFE0FFE0FFE0FFE0FFE0FFE0FFE0FF0F
:10D92000E0FFE0FFE0FFE0FFE0FFE0FFE0FFE0FFFF
:10D93000E0FFE0FFE0FFE0FFE0FF0000000000008C
:10D9400000000000E0FFE0FFE0FFE0FFE0FFE0FF9D
:10D95000E0FFE0FF00000000E0FFE0FFE0FFE0FF8D
:10D96000E0FFE0FFE0FFE0FFE0FFE0FFE0FFE0FFBF
:10D97000E0FFE0FFE0FFE0FFE0FFE0FFE0FFE0FFAF
:10D98000E0FFE0FFE0FFE0FFE0FFE0FFE0FFE0FF9F
:10D99000E0FFE0FFE0FFE0FFE0FFE0FFE0FFE0FF8F
:10D9A000E0FFE0FFE0FFE0FFE0FFE0FFE0FFE0FF7F
:10D9B000E0FFE0FFE0FFE0FFE0FF0000000000000C
:10D9C000E0FFE0FFE0FFE0FFE0FFE0FFE0FFE0FF5F
:10D9D000E0FFE0FFE0FFE0FFE0FFE0FFE0FFE0FF4F
:10D9E000E0FFE0FFE0FFE0FFE0FFE0FFE0FFE0FF3F
:10D9F000E0FFE0FFE0FFE0FFE0FFE0FFE0FFE0FF2F
:10DA0000E0FFE0FFE0FFE0FFE0FFE0FFE0FFE0FF1E
:10DA1000E0FFE0FFE0FFE0FFE0FFE0FFE0FFE0FF0E
:10DA2000E0FFE0FFE0FFE0FFE0FFE0FFE0FFE0FFFE
:10DA3000E0FFE0FFE0FFE0FFE0FFE0FFE0FFE0FFEE
:10DA4000E0FFE0FFE0FFE0FFE0FFE0FFE0FFE0FFDE
:10DA5000E0FFE0FFE0FFE0FFE0FF0000000000006B
:10DA6000E0FFE0FFE0FFE0FFE0FFE0FFE0FFE0FFBE
:10DA7000E0FFE0FFE0FFE0FFE0FFE0FFE0FFE0FFAE
:10DA8000E0FFE0FFE0FFE0FFE0FFE0FFE0FFE0FF9E
:10DA9000E0FFE0FFE0FFE0FFE0FFE0FFE0FFE0FF8E
:10DAA000E0FFE0FFE0FFE0FFE0FFE0FFE0FFE0FF7E
:10DAB000E0FFE0FFE0FFE0FFE0FFE0FFE0FFE0FF6E
:10DAC000E0FFE0FFE0FFE0FFE0FFE0FF000000001C
:10DAD0000000E0FFE0FFE0FFE0FFE0FFE0FFE0FF2D
:10DAE000E0FFE0FFE0FFE0FFE0FFE0FFE0FFE0FF3E
:10DAF000E0FFE0FFE0FFE0FFE0FFE0FFE0FFE0FF2E
:10DB0000E0FFE0FFE0FFE0FFE0FFE0FFE0FFE0FF1D
:10DB1000E0FFE0FFE0FFE0FFE0FFE0FFE0FFE0FF0D
:10DB2000E0FFE0FFE0FFE0FFE0FFE0FFE0FFE0FFFD
:10DB3000E0FFE0FF00000000E0FFE0FFE0FFE0FFAB
:10DB4000E0FFE0FFE0FFE0FFE0FFE0FFE0FFE0FFDD
:10DB5000E0FFE0FFE0FFE0FFE0FFE0FFE0FFE0FFCD
:10DB6000E0FFE0FFE0FFE0FFE0FFE0FFE0FFE0FFBD
:10DB7000E0FFE0FFE0FFE0FFE0FFE0FFE0FFE0FFAD
:10DB8000E0FFE0FFE0FFE0FFE0FFE0FFE0FFE0FF9D
:10DB9000E0FFE0FFE0FFE0FFE0FF0000000000002A
:10DBA000E0FFE0FFE0FFE0FFE0FFE0FFE0FFE0FF7D
:10DBB000E0FFE0FFE0FFE0FFE0FFE0FFE0FFE0FF6D
:10DBC000E0FFE0FFE0FFE0FFE0FFE0FFE0FFE0FF5D
:10DBD000E0FFE0FFE0FFE0FFE0FFE0FFE0FFE0FF4D
:10DBE000E0FFE0FFE0FFE0FFE0FFE0FFE0FFE0FF3D
:10DBF000E0FFE0FFE0FFE0FFE0FFE0FFE0FFE0FF2D
:10DC0000E0FFE0FFE0FFE0FFE0FFE0FFE0FFE0FF1C
:10DC1000E0FFE0FFE0FFE0FFE0FFE0FFE0FFE0FF0C
:10DC2000E0FFE0FFE0FFE0FFE0FFE0FFE0FFE0FFFC
:10DC3000E0FFE0FFE0FFE0FFE0FF00000000000089
:10DC4000E0FFE0FFE0FFE0FFE0FFE0FFE0FFE0FFDC
:10DC5000E0FFE0FFE0FFE0FFE0FFE0FFE0FFE0FFCC
:10DC6000E0FFE0FFE0FFE0FFE0FFE0FFE0FFE0FFBC
:10DC7000E0FFE0FFE0FFE0FFE0FFE0FFE0FFE0FFAC
:10DC8000E0FFE0FFE0FFE0FFE0FFE0FFE0FFE0FF9C
:10DC9000E0FFE0FFE0FFE0FFE0FFE0FFE0FFE0FF8C
:10DCA000E0FFE0FFE0FFE0FFE0FFE0FF000000003A
:10DCB0000000E0FFE0FFE0FFE0FFE0FFE0FFE0FF4B
:10DCC000E0FFE0FFE0FFE0FFE0FFE0FFE0FFE0FF5C
:10DCD000E0FFE0FFE0FFE0FFE0FFE0FFE0FFE0FF4C
:10DCE000E0FFE0FFE0FFE0FFE0FFE0FFE0FFE0FF3C
:10DCF000E0FFE0FFE0FFE0FFE0FFE0FFE0FFE0FF2C
:10DD0000E0FFE0FFE0FFE0FFE0FFE0FFE0FFE0FF1B
:10DD1000E0FFE0FF00000000E0FFE0FFE0FFE0FFC9
:10DD2000E0FFE0FFE0FFE0FFE0FFE0FFE0FFE0FFFB
:10DD3000E0FFE0FFE0FFE0FFE0FFE0FFE0FFE0FFEB
:10DD4000E0FFE0FFE0FFE0FFE0FFE0FFE0FFE0FFDB
:10DD5000E0FFE0FFE0FFE0FFE0FFE0FFE0FFE0FFCB
:10DD6000E0FFE0FFE0FFE0FFE0FFE0FFE0FFE0FFBB
:10DD7000E0FFE0FFE0FFE0FFE0FF00000000000048
:10DD8000E0FFE0FFE0FFE0FFE0FFE0FFE0FFE0FF9B
:10DD9000E0FFE0FFE0FFE0FFE0FFE0FFE0FFE0FF8B
:10DDA000E0FFE0FFE0FFE0FFE0FFE0FFE0FFE0FF7B
:10DDB000E0FFE0FFE0FFE0FFE0FFE0FFE0FFE0FF6B
:10DDC000E0FFE0FFE0FFE0FFE0FFE0FFE0FFE0FF5B
:10DDD000E0FFE0FFE0FFE0FFE0FFE0FFE0FFE0FF4B
:10DDE000E0FFE0FFE0FFE0FFE0FFE0FFE0FFE0FF3B
:10DDF000E0FFE0FFE0FFE0FFE0FFE0FFE0FFE0FF2B
:10DE0000E0FFE0FFE0FFE0FFE0FFE0FFE0FFE0FF1A
:10DE1000E0FFE0FFE0FFE0FFE0FF000000000000A7
:10DE2000E0FFE0FFE0FFE0FF60CE00210000000027
:10DE300000000000000000000000000000000000E2
:10DE40000000000000000000000000000000801042
:10DE5000E09CE0FF60AD80100000000000000000CA
:10DE600000000000000000000000000000000000B2
:10DE70000000000000000000000060CEE0FFE0FFB6
:10DE8000E0FFE0FFE0FFE0FFE0FFE0FF0000000058
:10DE90000000E0FFE0FFE0FFE0FFE0FFE0FFE0FF69
:10DEA000E0FFE0FFE0FFE0FFE0FFE0FFE0FFE0FF7A
:10DEB000E0FFE0FFE0FFE0FFE0FFE0FFE0FFE0FF6A
:10DEC000A0F7402900000000000000000000000052
:10DED0000000000000000000000000000000000042
:10DEE0000000000000004008E0FFE0FFE0FFE0FF6E
:10DEF000E0FFE0FF00000000E0FFE0FFE0FFE0FFE8
:10DF0000E0FFE0FFE0FFE0FFE0FFE0FFE0FFE0FF19
:10DF1000E0FFE0FFE0FFE0FFE0FFE0FFE0FFE0FF09
:10DF2000E0FFE0FFE0FFE0FFE0FFE0FFE0FFE0FFF9
:10DF3000E0FFE0FFE0FFE0FFE0FFE0FFE0FFE0FFE9
:10DF4000E0FFE0FFE0FFE0FFE0FFE0FFE0FFE0FFD9
:10DF5000E0FFE0FFE0FFE0FFE0FF00000000000066
:10DF6000E0FFE0FFE0FFE0FFE0FFE0FFE0FFE0FFB9
:10DF7000E0FFE0FFE0FFE0FFE0FFE0FFE0FFE0FFA9
:10DF8000E0FFE0FFE0FFE0FFE0FFE0FFE0FFE0FF99
:10DF9000E0FFE0FFE0FFE0FFE0FFE0FFE0FFE0FF89
:10DFA000E0FFE0FFE0FFE0FFE0FFE0FFE0FFE0FF79
:10DFB000E0FFE0FFE0FFE0FFE0FFE0FFE0FFE0FF69
:10DFC000E0FFE0FFE0FFE0FFE0FFE0FFE0FFE0FF59
:10DFD000E0FFE0FFE0FFE0FFE0FFE0FFE0FFE0FF49
:10DFE000E0FFE0FFE0FFE0FFE0FFE0FFE0FFE0FF39
:10DFF000E0FFE0FFE0FFE0FFE0FFE0FFE0FFE0FF29
:10E00000E0FFE0FFE0FFE0FF60CE004200420042A0
:10E0100000420042004200420042004200420042F0
:10E0200000420042004200420042004200420042E0
:10E03000E09CE0FF60AD004200420042004200422E
:10E0400000420042004200420042004200420042C0
:10E050000042004200420042004260CEE0FFE0FF8A
:10E06000E0FFE0FFE0FFE0FFE0FFE0FFE0FFE0FFB8
:10E07000E0FFE0FFE0FFE0FFE0FFE0FFE0FFE0FFA8
:10E08000E0FFE0FFE0FFE0FFE0FFE0FFE0FFE0FF98
:10E09000E0FFE0FFE0FFE0FFE0FFE0FFE0FFE0FF88
:10E0A000A0F700420042004200420042004200420B
:10E0B0000042004200420042004200420042004250
:10E0C0000042004200420042E0FFE0FFE0FFE0FFCC
:10E0D000E0FFE0FFE0FFE0FFE0FFE0FFE0FFE0FF48
:10E0E000E0FFE0FFE0FFE0FFE0FFE0FFE0FFE0FF38
:10E0F000E0FFE0FFE0FFE0FFE0FFE0FFE0FFE0FF28
:10E10000E0FFE0FFE0FFE0FFE0FFE0FFE0FFE0FF17
:10E11000E0FFE0FFE0FFE0FFE0FFE0FFE0FFE0FF07
:10E12000E0FFE0FFE0FFE0FFE0FFE0FFE0FFE0FFF7
:10E13000E0FFE0FFE0FFE0FFE0FFE0FFE0FFE0FFE7
:10E14000E0FFE0FFE0FFE0FFE0FFE0FFE0FFE0FFD7
:10E15000E0FFE0FFE0FFE0FFE0FFE0FFE0FFE0FFC7
:10E16000E0FFE0FFE0FFE0FFE0FFE0FFE0FFE0FFB7
:10E17000E0FFE0FFE0FFE0FFE0FFE0FFE0FFE0FFA7
:10E18000E0FFE0FFE0FFE0FFE0FFE0FFE0FFE0FF97
:10E19000E0FFE0FFE0FFE0FFE0FFE0FFE0FFE0FF87
:10E1A000E0FFE0FFE0FFE0FFE0FFE0FFE0FFE0FF77
:10E1B000E0FFE0FFE0FFE0FFE0FFE0FFE0FFE0FF67
:10E1C000E0FFE0FFE0FFE0FFE0FFE0FFE0FFE0FF57
:10E1D000E0FFE0FFE0FFE0FFE0FFE0FFE0FFE0FF47
:10E1E000E0FFE0FFE0FFE0FFE0FFE0FFE0FFE0FF37
:10E1F000E0FFE0FFE0FFE0FFE0FFE0FFE0FFE0FF27
:10E20000E0FFE0FFE0FFE0FFE0FFE0FFE0FFE0FF16
:10E21000E0FFE0FFE0FFE0FFE0FFE0FFE0FFE0FF06
:10E22000E0FFE0FFE0FFE0FFE0FFE0FFE0FFE0FFF6
:10E23000E0FFE0FFE0FFE0FFE0FFE0FFE0FFE0FFE6
:10E24000E0FFE0FFE0FFE0FFE0FFE0FFE0FFE0FFD6
:10E25000E0FFE0FFE0FFE0FFE0FFE0FFE0FFE0FFC6
:10E26000E0FFE0FFE0FFE0FFE0FFE0FFE0FFE0FFB6
:10E27000E0FFE0FFE0FFE0FFE0FFE0FFE0FFE0FFA6
:10E28000E0FFE0FFE0FFE0FFE0FFE0FFE0FFE0FF96
:10E29000E0FFE0FFE0FFE0FFE0FFE0FFE0FFE0FF86
:10E2A000E0FFE0FFE0FFE0FFE0FFE0FFE0FFE0FF76
:10E2B000E0FFE0FFE0FFE0FFE0FFE0FFE0FFE0FF66
:10E2C000E0FFE0FFE0FFE0FFE0FFE0FFE0FFE0FF56
:10E2D000E0FFE0FFE0FFE0FFE0FFE0FFE0FFE0FF46
:10E2E000E0FFE0FFE0FFE0FFE0FFE0FFE0FFE0FF36
:10E2F000E0FFE0FFE0FFE0FFE0FFE0FFE0FFE0FF26
:10E30000E0FFE0FFE0FFE0FFE0FFE0FFE0FFE0FF15
:10E31000E0FFE0FFE0FFE0FFE0FFE0FFE0FFE0FF05
:10E32000E0FFE0FFE0FFE0FFE0FFE0FFE0FFE0FFF5
:10E33000E0FFE0FFE0FFE0FFE0FFE0FFE0FFE0FFE5
:10E34000E0FFE0FFE0FFE0FFE0FFE0FFE0FFE0FFD5
:10E35000E0FFE0FFE0FFE0FFE0FFE0FFE0FFE0FFC5
:10E36000E0FFE0FFE0FFE0FFE0FFE0FFE0FFE0FFB5
:10E37000E0FFE0FFE0FFE0FFE0FFE0FFE0FFE0FFA5
:10E38000E0FFE0FFE0FFE0FFE0FFE0FFE0FFE0FF95
:10E39000E0FFE0FFE0FFE0FFE0FFE0FFE0FFE0FF85
:10E3A000E0FFE0FFE0FFE0FFE0FFE0FFE0FFE0FF75
:10E3B000E0FFE0FFE0FFE0FFE0FFE0FFE0FFE0FF65
:10E3C000E0FFE0FFE0FFE0FFE0FFE0FFE0FFE0FF55
:10E3D000E0FFE0FFE0FFE0FFE0FFE0FFE0FFE0FF45
:10E3E000E0FFE0FFE0FFE0FFE0FFE0FFE0FFE0FF35
:10E3F000E0FFE0FFE0FFE0FFE0FFE0FFE0FFE0FF25
:10E40000E0FFE0FFE0FFE0FFE0FFE0FFE0FFE0FF14
:10E41000E0FFE0FFE0FFE0FFE0FFE0FFE0FFE0FF04
:10E42000E0FFE0FFE0FFE0FFE0FFE0FFE0FFE0FFF4
:10E43000E0FFE0FFE0FFE0FFE0FFE0FFE0FFE0FFE4
:10E44000E0FFE0FFE0FFE0FFE0FFE0FFE0FFE0FFD4
:10E45000E0FFE0FFE0FFE0FFE0FFE0FFE0FFE0FFC4
:10E46000E0FFE0FFE0FFE0FFE0FFE0FFE0FFE0FFB4
:10E47000E0FFE0FFE0FFE0FFE0FF00E740EFE0FF4C
:10E48000E0FFE0FFE0FFE0FFE0FFE0FFE0FFE0FF94
:10E49000E0FFE0FFE0FFE0FFE0FFE0FFE0FFE0FF84
:10E4A000E0FFE0FFE0FFE0FFE0FFE0FFE0FFE0FF74
:10E4B000E0FFE0FFE0FFE0FFE0FFE0FFE0FFE0FF64
:10E4C000E0FFE0FFE0FFE0FFE0FFE0FFE0FFE0FF54
:10E4D000E0FFE0FFE0FFE0FFE0FFE0FFE0FFE0FF44
:10E4E000E0FFE0FFE0FFE0FFE0FFE0FFE0FFE0FF34
:10E4F000E0FFE0FFE0FFE0FFE0FFE0FFE0FFE0FF24
:10E50000E0FFE0FFE0FFE0FFE0FFE0FFE0FFE0FF13
:10E51000E0FFE0FFE0FFE0FFFFFFFFFFFFFFFFFF87
:10E52000FFFFFFFFFFFFFFFFFFFFFFFFFFFFFFFFFB
:10E53000FFFFFFFFFFFFFFFFFFFFFFFFFFFFFFFFEB
:10E54000FFFFFFFFFFFFFFFFFFFFFFFFFFFFFFFFDB
:10E55000FFFFFFFFFFFFFFFFFFFFFFFFFFFFFFFFCB
:10E56000FFFFFFFFFFFFFFFFFFFFFFFFFFFFFFFFBB
:10E57000FFFFFFFFFFFFFFFFFFFFFFFFFFFFFFFFAB
:10E58000FFFFFFFFFFFFFFFFFFFFFFFFFFFFFFFF9B
:10E59000FFFFFFFFFFFFFFFFFFFFFFFFFFFFFFFF8B
:10E5A000FFFFFFFFFFFFFFFFFFFFFFFFFFFFFFFF7B
:10E5B000FFFFFFFFFFFFFFFFFFFFFFFFFFFFFFFF6B
:10E5C000FFFFFFFFFFFFFFFFFFFFFFFFFFFFFFFF5B
:10E5D000FFFFFFFFFFFFFFFFFFFFFFFFFFFFFFFF4B
:10E5E000FFFFFFFFFFFFFFFFFFFFFFFFFFFFFFFF3B
:10E5F000FFFFFFFFFFFFFFFFFFFFFFFFFFFFFFFF2B
:10E60000FFFFFFFFFFFFFFFFFFFFFFFFFFFFFFFF1A
:10E61000FFFFFFFFFFFFFFFFFFFFFFFFFFFFFFFF0A
:10E62000FFFFFFFFFFFFFFFFFFFFFFFFFFFFFFFFFA
:10E63000FFFFFFFFFFFFFFFFFFFFFFFFFFFFFFFFEA
:10E64000FFFFFFFFFFFFFFFFFFFFFFFFFFFFFFFFDA
:10E65000FFFFFFFFFFFFFFFFFFFF0000000096B579
:10E66000FFFFFFFFFFFFFFFFFFFFFFFFFFFFFFFFBA
:10E67000FFFFFFFFFFFFFFFFFFFFFFFFFFFFFFFFAA
:10E68000FFFFFFFFFFFFFFFFFFFFFFFFFFFFFFFF9A
:10E69000FFFFFFFFFFFFFFFFFFFFFFFFFFFFFFFF8A
:10E6A000FFFFFFFFFFFFFFFFFFFFFFFFFFFFFFFF7A
:10E6B000FFFFFFFFFFFFFFFFFFFFFFFFFFFFFFFF6A
:10E6C000FFFFFFFFFFFFFFFFFFFFFFFFFFFFFFFF5A
:10E6D000FFFFFFFFFFFFFFFFFFFFFFFFFFFFFFFF4A
:10E6E000FFFFFFFFFFFFFFFFFFFFFFFFFFFFFFFF3A
:10E6F000FFFFFFFFFFFFFFFFE0FFE0FFE0FFE0FFA6
:10E70000E0FFE0FFE0FFE0FFE0FFE0FFE0FFE0FF11
:10E71000E0FFE0FFE0FFE0FFE0FFE0FFE0FFE0FF01
:10E72000E0FFE0FFE0FFE0FFE0FFE0FFE0FFE0FFF1
:10E73000E0FFE0FFE0FFE0FFE0FFE0FFE0FFE0FFE1
:10E74000E0FFE0FFE0FFE0FFE0FFE0FFE0FFE0FFD1
:10E75000E0FFE0FFE0FFE0FFE0FFE0FFE0FFE0FFC1
:10E76000E0FFE0FFE0FFE0FFE0FFE0FFE0FFE0FFB1
:10E77000E0FFE0FFE0FFE0FFE0FFE0FFE0FFE0FFA1
:10E78000E0FFE0FFE0FFE0FFE0FFE0FFE0FFE0FF91
:10E79000E0FFE0FFE0FFE0FFE0FFE0FFE0FFE0FF81
:10E7A000E0FFE0FFE0FFE0FFE0FFE0FFE0FFE0FF71
:10E7B000E0FFE0FFE0FFE0FFE0FFE0FFE0FFE0FF61
:10E7C000E0FFE0FFE0FFE0FFE0FFE0FFE0FFE0FF51
:10E7D000E0FFE0FFE0FFE0FFE0FFE0FFE0FFE0FF41
:10E7E000E0FFE0FFE0FFE0FFE0FFE0FFE0FFE0FF31
:10E7F000E0FFE0FFE0FFE0FFE0FFE0FFE0FFE0FF21
:10E80000E0FFE0FFE0FFE0FFE0FFE0FFE0FFE0FF10
:10E81000E0FFE0FFE0FFE0FFE0FFE0FFE0FFE0FF00
:10E82000E0FFE0FFE0FFE0FFE0FFE0FFE0FFE0FFF0
:10E83000E0FFE0FFE0FFE0FF00E700000000000075
:10E84000E0FFE0FFE0FFE0FFE0FFE0FFE0FFE0FFD0
:10E85000E0FFE0FFE0FFE0FFE0FFE0FFE0FFE0FFC0
:10E86000E0FFE0FFE0FFE0FFE0FFE0FFE0FFE0FFB0
:10E87000E0FFE0FFE0FFE0FFE0FFE0FFE0FFE0FFA0
:10E88000E0FFE0FFE0FFE0FFE0FFE0FFE0FFE0FF90
:10E89000E0FFE0FFE0FFE0FFE0FFE0FFE0FFE0FF80
:10E8A000E0FFE0FFE0FFE0FFE0FFE0FFE0FFE0FF70
:10E8B000E0FFE0FFE0FFE0FFE0FFE0FFE0FFE0FF60
:10E8C000E0FFE0FFE0FFE0FFE0FFE0FFE0FFE0FF50
:10E8D000E0FFE0FFE0FFE0FFE0FFE0FFE0FFE0FF40
:10E8E000E0FFE0FFE0FFE0FFE0FFE0FFE0FFE0FF30
:10E8F000E0FFE0FFE0FFE0FFE0FFE0FFE0FFE0FF20
:10E90000E0FFE0FFE0FFE0FFE0FFE0FFE0FFE0FF0F
:10E91000E0FFE0FFE0FFE0FFE0FFE0FFE0FFE0FFFF
:10E92000E0FFE0FFE0FFE0FFE0FFE0FFE0FFE0FFEF
:10E93000E0FFE0FFE0FFE0FFE0FFE0FFE0FFE0FFDF
:10E94000E0FFE0FFE0FFE0FFE0FFE0FFE0FFE0FFCF
:10E95000E0FFE0FFE0FFE0FFE0FFE0FFE0FFE0FFBF
:10E96000E0FFE0FFE0FFE0FFE0FFE0FFE0FFE0FFAF
:10E97000E0FFE0FFE0FFE0FFE0FFE0FFE0FFE0FF9F
:10E98000E0FFE0FFE0FFE0FFE0FFE0FFE0FFE0FF8F
:10E99000E0FFE0FFE0FFE0FFE0FFE0FFE0FFE0FF7F
:10E9A000E0FFE0FFE0FFE0FFE0FFE0FFE0FFE0FF6F
:10E9B000E0FFE0FFE0FFE0FFE0FFE0FFE0FFE0FF5F
:10E9C000E0FFE0FFE0FFE0FFE0FFE0FFE0FFE0FF4F
:10E9D000E0FFE0FFE0FFE0FFE0FFE0FFE0FFE0FF3F
:10E9E000E0FFE0FFE0FFE0FFE0FFE0FFE0FFE0FF2F
:10E9F000E0FFE0FFE0FFE0FFE0FFE0FFE0FFE0FF1F
:10EA0000E0FFE0FFE0FFE0FFE0FFE0FFE0FFE0FF0E
:10EA1000E0FFE0FFE0FFE0FF00E700000000000093
:10EA2000E0FFE0FFE0FFE0FFE0FFE0FFE0FFE0FFEE
:10EA3000E0FFE0FFE0FFE0FFE0FFE0FFE0FFE0FFDE
:10EA4000E0FFE0FFE0FFE0FFE0FFE0FFE0FFE0FFCE
:10EA5000E0FFE0FFE0FFE0FFE0FFE0FFE0FFE0FFBE
:10EA6000E0FFE0FFE0FFE0FFE0FFE0FFE0FFE0FFAE
:10EA7000E0FFE0FFE0FFE0FFE0FFE0FFE0FFE0FF9E
:10EA8000E0FFE0FFE0FFE0FFE0FFE0FFE0FFE0FF8E
:10EA9000E0FFE0FFE0FFE0FFE0FFE0FFE0FFE0FF7E
:10EAA000E0FFE0FFE0FFE0FFE0FFE0FFE0FFE0FF6E
:10EAB000E0FFE0FFE0FFE0FFE0FFE0FFE0FFE0FF5E
:10EAC000E0FFE0FFE0FFE0FFE0FFE0FFE0FFE0FF4E
:10EAD000E0FFE0FFE0FFE0FFE0FFE0FFE0FFE0FF3E
:10EAE000E0FFE0FFE0FFE0FFE0FFE0FFE0FFE0FF2E
:10EAF000E0FFE0FFE0FFE0FFE0FFE0FFE0FFE0FF1E
:10EB0000E0FFE0FFE0FFE0FFE0FFE0FFE0FFE0FF0D
:10EB1000E0FFE0FFE0FFE0FFE0FFE0FFE0FFE0FFFD
:10EB2000E0FFE0FFE0FFE0FFE0FFE0FFE0FFE0FFED
:10EB3000E0FFE0FFE0FFE0FFE0FFE0FFE0FFE0FFDD
:10EB4000E0FFE0FFE0FFE0FFE0FFE0FFE0FFE0FFCD
:10EB5000E0FFE0FFE0FFE0FFE0FFE0FFE0FFE0FFBD
:10EB6000E0FFE0FFE0FFE0FFE0FFE0FFE0FFE0FFAD
:10EB7000E0FFE0FFE0FFE0FFE0FFE0FFE0FFE0FF9D
:10EB8000E0FFE0FFE0FFE0FFE0FFE0FFE0FFE0FF8D
:10EB9000E0FFE0FFE0FFE0FFE0FFE0FFE0FFE0FF7D
:10EBA000E0FFE0FFE0FFE0FFE0FFE0FFE0FFE0FF6D
:10EBB000E0FFE0FFE0FFE0FFE0FFE0FFE0FFE0FF5D
:10EBC000E0FFE0FFE0FFE0FFE0FFE0FFE0FFE0FF4D
:10EBD000E0FFE0FFE0FFE0FFE0FFE0FFE0FFE0FF3D
:10EBE000E0FFE0FFE0FFE0FFE0FFE0FFE0FFE0FF2D
:10EBF000E0FFE0FFE0FFE0FFE0FF0000000080B585
:10EC0000E0FFE0FFE0FFE0FFE0FFE0FFE0FFE0FF0C
:10EC1000E0FFE0FFE0FFE0FFE0FFE0FFE0FFE0FFFC
:10EC2000E0FFE0FFE0FFE0FFE0FFE0FFE0FFE0FFEC
:10EC3000E0FFE0FFE0FFE0FFE0FFE0FFE0FFE0FFDC
:10EC4000E0FFE0FFE0FFE0FFE0FFE0FFE0FFE0FFCC
:10EC5000E0FFE0FFE0FFE0FFE0FFE0FFE0FFE0FFBC
:10EC6000E0FFE0FFE0FFE0FFE0FFE0FFE0FFE0FFAC
:10EC7000E0FFE0FFE0FFE0FFE0FFE0FFE0FFE0FF9C
:10EC8000E0FFE0FFE0FFE0FFE0FFE0FFE0FFE0FF8C
:10EC9000E0FFE0FFE0FFE0FFE0FFE0FFE0FFE0FF7C
:10ECA000E0FFE0FFE0FFE0FFE0FFE0FFE0FFE0FF6C
:10ECB000E0FFE0FFE0FFE0FFE0FFE0FFE0FFE0FF5C
:10ECC000E0FFE0FFE0FFE0FFE0FFE0FFE0FFE0FF4C
:10ECD000E0FFE0FFE0FFE0FFE0FFE0FFE0FFE0FF3C
:10ECE000E0FFE0FFE0FFE0FFE0FFE0FFE0FFE0FF2C
:10ECF000E0FFE0FFE0FFE0FFE0FFE0FFE0FFE0FF1C
:10ED0000E0FFE0FFE0FFE0FFE0FFE0FFE0FFE0FF0B
:10ED1000E0FFE0FFE0FFE0FFE0FFE0FFE0FFE0FFFB
:10ED2000E0FFE0FFE0FFE0FFE0FFE0FFE0FFE0FFEB
:10ED3000E0FFE0FFE0FFE0FFE0FFE0FFE0FFE0FFDB
:10ED4000E0FFE0FFE0FFE0FFE0FFE0FFE0FFE0FFCB
:10ED5000E0FFE0FFE0FFE0FFE0FFE0FFE0FFE0FFBB
:10ED6000E0FFE0FFE0FFE0FFE0FFE0FFE0FFE0FFAB
:10ED7000E0FFE0FFE0FFE0FFE0FFE0FFE0FFE0FF9B
:10ED8000E0FFE0FFE0FFE0FFE0FFE0FFE0FFE0FF8B
:10ED9000E0FFE0FFE0FFE0FFE0FFE0FFE0FFE0FF7B
:10EDA000E0FFE0FFE0FFE0FFE0FFE0FFE0FFE0FF6B
:10EDB000E0FFE0FFE0FFE0FFE0FFE0FFE0FFE0FF5B
:10EDC000E0FFE0FFE0FFE0FFE0FFE0FFE0FFE0FF4B
:10EDD000E0FFE0FFE0FFE0FFE0FFE0FFE0FFE0FF3B
:10EDE000E0FFE0FFE0FFE0FFE0FFE0FFE0FFE0FF2B
:10EDF000E0FFE0FFE0FFE0FFE0FFE0FFE0FFE0FF1B
:10EE0000E0FFE0FFE0FFE0FFE0FFE0FFE0FFE0FF0A
:10EE1000E0FFE0FFE0FFE0FFE0FFE0FFE0FFE0FFFA
:10EE2000E0FFE0FFE0FFE0FFE0FFE0FFE0FFE0FFEA
:10EE3000E0FFE0FFE0FFE0FFE0FFE0FFE0FFE0FFDA
:10EE4000E0FFE0FFE0FFE0FFE0FFE0FFE0FFE0FFCA
:10EE5000E0FFE0FFE0FFE0FFE0FFE0FFE0FFE0FFBA
:10EE6000E0FFE0FFE0FFE0FFE0FFE0FFE0FFE0FFAA
:10EE7000E0FFE0FFE0FFE0FFE0FFE0FFE0FFE0FF9A
:10EE8000E0FFE0FFE0FFE0FFE0FFE0FFE0FFE0FF8A
:10EE9000E0FFE0FFE0FFE0FFE0FFE0FFE0FFE0FF7A
:10EEA000E0FFE0FFE0FFE0FFE0FFE0FFE0FFE0FF6A
:10EEB000E0FFE0FFE0FFE0FFE0FFE0FFE0FFE0FF5A
:10EEC000E0FFE0FFE0FFE0FFE0FFE0FFE0FFE0FF4A
:10EED000E0FFE0FFE0FFE0FFE0FFE0FFE0FFE0FF3A
:10EEE000E0FFE0FFE0FFE0FFE0FFE0FFE0FFE0FF2A
:10EEF000E0FFE0FFE0FFE0FFE0FFE0FFE0FFE0FF1A
:10EF0000E0FFE0FFE0FFE0FFE0FFE0FFE0FFE0FF09
:10EF1000E0FFE0FFE0FFE0FFE0FFE0FFE0FFE0FFF9
:10EF2000E0FFE0FFE0FFE0FFE0FFE0FFE0FFE0FFE9
:10EF3000E0FFE0FFE0FFE0FFE0FFE0FFE0FFE0FFD9
:10EF4000E0FFE0FFE0FFE0FFE0FFE0FFE0FFE0FFC9
:10EF5000E0FFE0FFE0FFE0FFE0FFE0FFE0FFE0FFB9
:10EF6000E0FFE0FFE0FFE0FFE0FFE0FFE0FFE0FFA9
:10EF7000E0FFE0FFE0FFE0FFE0FFE0FFE0FFE0FF99
:10EF8000E0FFE0FFE0FFE0FFE0FFE0FFE0FFE0FF89
:10EF9000E0FFE0FFE0FFE0FFE0FFE0FFE0FFE0FF79
:10EFA000E0FFE0FFE0FFE0FFE0FFE0FFE0FFE0FF69
:10EFB000E0FFE0FFE0FFE0FFE0FFE0FFE0FFE0FF59
:10EFC000E0FFE0FFE0FFE0FFE0FFE0FFE0FFE0FF49
:10EFD000E0FFE0FFE0FFE0FFE0FFE0FFE0FFE0FF39
:10EFE000E0FFE0FFE0FFE0FFE0FFE0FFE0FFE0FF29
:10EFF000E0FFE0FFE0FFE0FFE0FFE0FFE0FFE0FF19
:10F00000E0FFE0FFE0FFE0FFE0FFE0FFE0FFE0FF08
:10F01000E0FFE0FFE0FFE0FFE0FFE0FFE0FFE0FFF8
:10F02000E0FFE0FFE0FFE0FFE0FFE0FFE0FFE0FFE8
:10F03000E0FFE0FFE0FFE0FFE0FFE0FFE0FFE0FFD8
:10F04000E0FFE0FFE0FFE0FFE0FFE0FFE0FFE0FFC8
:10F05000E0FFE0FFE0FFE0FFE0FFE0FFE0FFE0FFB8
:10F06000E0FFE0FFE0FFE0FFE0FFE0FFE0FFE0FFA8
:10F07000E0FFE0FFE0FFE0FFE0FFE0FFE0FFE0FF98
:10F08000E0FFE0FFE0FFE0FFE0FFE0FFE0FFE0FF88
:10F09000E0FFE0FFE0FFE0FFE0FFE0FFE0FFE0FF78
:10F0A000E0FFE0FFE0FFE0FFE0FFE0FFE0FFE0FF68
:10F0B000E0FFE0FFE0FFE0FFE0FFE0FFE0FFE0FF58
:10F0C000E0FFE0FFE0FFE0FFE0FFE0FFE0FFE0FF48
:10F0D000E0FFE0FFE0FFE0FFE0FFE0FFE0FFE0FF38
:10F0E000E0FFE0FFE0FFE0FFE0FFE0FFE0FFE0FF28
:10F0F000E0FFE0FFE0FFE0FFE0FFE0FFE0FFE0FF18
:10F10000E0FFE0FFE0FFE0FFE0FFE0FFE0FFE0FF07
:10F11000E0FFE0FFE0FFE0FFE0FFE0FFE0FFE0FFF7
:10F12000E0FFE0FFE0FFE0FFE0FFE0FFE0FFE0FFE7
:10F13000E0FFE0FFE0FFE0FFE0FFE0FFE0FFE0FFD7
:10F14000E0FFE0FFE0FFE0FFE0FFE0FFE0FFE0FFC7
:10F15000E0FFE0FFE0FFE0FFE0FFE0FFE0FFE0FFB7
:10F16000E0FFE0FFE0FFE0FFE0FFE0FFE0FFE0FFA7
:10F17000E0FFE0FFE0FFE0FFE0FFE0FFE0FFE0FF97
:10F18000E0FFE0FFE0FFE0FFE0FFE0FFE0FFE0FF87
:10F19000E0FFE0FFE0FFE0FFE0FFE0FFE0FFE0FF77
:10F1A000E0FFE0FFE0FFE0FFE0FFE0FFE0FFE0FF67
:10F1B000E0FFE0FFE0FFE0FFE0FFE0FFE0FFE0FF57
:10F1C000E0FFE0FFE0FFE0FFE0FFE0FFE0FFE0FF47
:10F1D000E0FFE0FFE0FFE0FFE0FFE0FFE0FFE0FF37
:10F1E000E0FFE0FFE0FFE0FFE0FFE0FFE0FFE0FF27
:10F1F000E0FFE0FFE0FFE0FFE0FFE0FFE0FFE0FF17
:10F20000E0FFE0FFE0FFE0FFE0FFE0FFE0FFE0FF06
:10F21000E0FFE0FFE0FFE0FFE0FFE0FFE0FFE0FFF6
:10F22000E0FFE0FFE0FFE0FFE0FFE0FFE0FFE0FFE6
:10F23000E0FFE0FFE0FFE0FFE0FFE0FFE0FFE0FFD6
:10F24000E0FFE0FFE0FFE0FFE0FFE0FFE0FFE0FFC6
:10F25000E0FFE0FFE0FFE0FFE0FFE0FFE0FFE0FFB6
:10F26000E0FFE0FFE0FFE0FFE0FFE0FFE0FFE0FFA6
:10F27000E0FFE0FFE0FFE0FFE0FFE0FFE0FFE0FF96
:10F28000E0FFE0FFE0FFE0FFE0FFE0FFE0FFE0FF86
:10F29000E0FFE0FFE0FFE0FFE0FFE0FFE0FFE0FF76
:10F2A000E0FFE0FFE0FFE0FFE0FFE0FFE0FFE0FF66
:10F2B000E0FFE0FFE0FFE0FFE0FF000000000000F3
:10F2C000E0FFE0FFE0FFE0FFE0FFE0FFE0FFE0FF46
:10F2D000E0FFE0FFE0FFE0FFE0FFE0FFE0FFE0FF36
:10F2E000E0FFE0FFE0FFE0FFE0FFE0FFE0FFE0FF26
:10F2F000E0FFE0FFE0FFE0FFE0FFE0FFE0FFE0FF16
:10F30000E0FFE0FFE0FFE0FFE0FFE0FFE0FFE0FF05
:10F31000E0FFE0FFE0FFE0FFE0FFE0FFE0FFE0FFF5
:10F32000E0FFE0FFE0FFE0FF000000000000E0FF82
:10F33000E0FFE0FFE0FFE0FFE0FFE0FFE0FFE0FFD5
:10F34000E0FFE0FFE0FFE0FFE0FFE0FFE0FFE0FFC5
:10F35000E0FFE0FFE0FFE0FFE0FFE0FFE0FFE0FFB5
:10F36000E0FFE0FFE0FFE0FFE0FFE0FFE0FFE0FFA5
:10F37000E0FFE0FFE0FFE0FFE0FFE0FFE0FFE0FF95
:10F38000E0FFE0FFE0FFE0FFE0FFE0FFE0FFE0FF85
:10F39000000000000000E0FFE0FFE0FFE0FFE0FF12
:10F3A000E0FFE0FFE0FFE0FFE0FFE0FFE0FFE0FF65
:10F3B000E0FFE0FFE0FFE0FFE0FFE0FFE0FFE0FF55
:10F3C000E0FFE0FFE0FFE0FFE0FFE0FFE0FFE0FF45
:10F3D000E0FFE0FFE0FFE0FFE0FFE0FFE0FFE0FF35
:10F3E000E0FFE0FFE0FFE0FFE0FFE0FFE0FFE0FF25
:10F3F000E0FFE0FFE0FFE0FFE0FFE0FFE0FF0000F4
:10F4000000000000E0FFE0FFE0FFE0FFE0FFE0FFC2
:10F41000E0FFE0FFE0FFE0FFE0FFE0FFE0FFE0FFF4
:10F42000E0FFE0FFE0FFE0FFE0FFE0FFE0FFE0FFE4
:10F43000E0FFE0FFE0FFE0FFE0FFE0FFE0FFE0FFD4
:10F44000E0FFE0FFE0FFE0FFE0FFE0FFE0FFE0FFC4
:10F45000E0FFE0FFE0FFE0FFE0FFE0FFE0FFE0FFB4
:10F46000E0FFE0FFE0FFE0FFE0FFE0FFE0FFE0FFA4
:10F47000E0FFE0FFE0FFE0FFE0FFE0FFE0FFE0FF94
:10F48000E0FFE0FFE0FFE0FFE0FFE0FFE0FFE0FF84
:10F49000E0FFE0FFE0FFE0FFE0FF00000000000011
:10F4A000E0FFE0FFE0FFE0FFE0FFE0FFE0FFE0FF64
:10F4B000E0FFE0FFE0FFE0FFE0FFE0FFE0FFE0FF54
:10F4C000E0FFE0FFE0FFE0FFE0FFE0FFE0FFE0FF44
:10F4D000E0FFE0FFE0FFE0FFE0FFE0FFE0FFE0FF34
:10F4E000E0FFE0FFE0FFE0FFE0FFE0FFE0FFE0FF24
:10F4F000E0FFE0FFE0FFE0FFE0FFE0FFE0FFE0FF14
:10F50000E0FFE0FFE0FFE0FF000000000000E0FFA0
:10F51000E0FFE0FFE0FFE0FFE0FFE0FFE0FFE0FFF3
:10F52000E0FFE0FFE0FFE0FFE0FFE0FFE0FFE0FFE3
:10F53000E0FFE0FFE0FFE0FFE0FFE0FFE0FFE0FFD3
:10F54000E0FFE0FFE0FFE0FFE0FFE0FFE0FFE0FFC3
:10F55000E0FFE0FFE0FFE0FFE0FFE0FFE0FFE0FFB3
:10F56000E0FFE0FFE0FFE0FFE0FFE0FFE0FFE0FFA3
:10F57000000000000000E0FFE0FFE0FFE0FFE0FF30
:10F58000E0FFE0FFE0FFE0FFE0FFE0FFE0FFE0FF83
:10F59000E0FFE0FFE0FFE0FFE0FFE0FFE0FFE0FF73
:10F5A000E0FFE0FFE0FFE0FFE0FFE0FFE0FFE0FF63
:10F5B000E0FFE0FFE0FFE0FFE0FFE0FFE0FFE0FF53
:10F5C000E0FFE0FFE0FFE0FFE0FFE0FFE0FFE0FF43
:10F5D000E0FFE0FFE0FFE0FFE0FFE0FFE0FF000012
:10F5E00000000000E0FFE0FFE0FFE0FFE0FFE0FFE1
:10F5F000E0FFE0FFE0FFE0FFE0FFE0FFE0FFE0FF13
:10F60000E0FFE0FFE0FFE0FFE0FFE0FFE0FFE0FF02
:10F61000E0FFE0FFE0FFE0FFE0FFE0FFE0FFE0FFF2
:10F62000E0FFE0FFE0FFE0FFE0FFE0FFE0FFE0FFE2
:10F63000E0FFE0FFE0FFE0FFE0FFE0FFE0FFE0FFD2
:10F64000E0FFE0FFE0FFE0FFE0FFE0FFE0FFE0FFC2
:10F65000E0FFE0FFE0FFE0FFE0FFE0FFE0FFE0FFB2
:10F66000E0FFE0FFE0FFE0FFE0FFE0FFE0FFE0FFA2
:10F67000E0FFE0FFE0FFE0FFE0FF0000000000002F
:10F68000E0FFE0FFE0FFE0FFE0FFE0FFE0FFE0FF82
:10F69000E0FFE0FFE0FFE0FFE0FFE0FFE0FFE0FF72
:10F6A000E0FFE0FFE0FFE0FFE0FFE0FFE0FFE0FF62
:10F6B000E0FFE0FFE0FFE0FFE0FFE0FFE0FFE0FF52
:10F6C000E0FFE0FFE0FFE0FFE0FFE0FFE0FFE0FF42
:10F6D000E0FFE0FFE0FFE0FFE0FFE0FFE0FFE0FF32
:10F6E000E0FFE0FFE0FFE0FF000000000000E0FFBF
:10F6F000E0FFE0FFE0FFE0FFE0FFE0FFE0FFE0FF12
:10F70000E0FFE0FFE0FFE0FFE0FFE0FFE0FFE0FF01
:10F71000E0FFE0FFE0FFE0FFE0FFE0FFE0FFE0FFF1
:10F72000E0FFE0FFE0FFE0FFE0FFE0FFE0FFE0FFE1
:10F73000E0FFE0FFE0FFE0FFE0FFE0FFE0FFE0FFD1
:10F74000E0FFE0FFE0FFE0FFE0FFE0FFE0FFE0FFC1
:10F75000000000000000E0FFE0FFE0FFE0FFE0FF4E
:10F76000E0FFE0FFE0FFE0FFE0FFE0FFE0FFE0FFA1
:10F77000E0FFE0FFE0FFE0FFE0FFE0FFE0FFE0FF91
:10F78000E0FFE0FFE0FFE0FFE0FFE0FFE0FFE0FF81
:10F79000E0FFE0FFE0FFE0FFE0FFE0FFE0FFE0FF71
:10F7A000E0FFE0FFE0FFE0FFE0FFE0FFE0FFE0FF61
:10F7B000E0FFE0FFE0FFE0FFE0FFE0FFE0FF000030
:10F7C00000000000E0FFE0FFE0FFE0FFE0FFE0FFFF
:10F7D000E0FFE0FFE0FFE0FFE0FFE0FFE0FFE0FF31
:10F7E000E0FFE0FFE0FFE0FFE0FFE0FFE0FFE0FF21
:10F7F000E0FFE0FFE0FFE0FFE0FFE0FFE0FFE0FF11
:10F80000E0FFE0FFE0FFE0FFE0FFE0FFE0FFE0FF00
:10F81000E0FFE0FFE0FFE0FFE0FFE0FFE0FFE0FFF0
:10F82000E0FFE0FFE0FFE0FFE0FFE0FFE0FFE0FFE0
:10F830000000000000000000E0FFE0FFE0FFE0FF4C
:10F84000E0FFE0FFE0FFE0FFE0FFE0FFE0FFE0FFC0
:10F85000E0FFE0FFE0FFE0FFE0FF0000000000004D
:10F86000E0FFE0FFE0FFE0FFE0FFE0FFE0FFE0FFA0
:10F87000E0FFE0FF0000E0FFE0FFE0FFE0FFE0FF6F
:10F88000E0FFE0FFE0FFE0FFE0FFE0FFE0FFE0FF80
:10F89000E0FFE0FFE0FFE0FFE0FFE0FFE0FFE0FF70
:10F8A000E0FFE0FFE0FFE0FFE0FFE0FFE0FFE0FF60
:10F8B000E0FFE0FF000000000000E0FFE0FFE0FFED
:10F8C000E0FFE0FFE0FFE0FF000000000000E0FFDD
:10F8D000E0FFE0FFE0FFE0FFE0FFE0FFE0FFE0FF30
:10F8E000E0FFE0FFE0FFE0FFE0FFE0FFE0FFE0FF20
:10F8F000E0FFE0FFE0FFE0FFE0FFE0FFE0FFE0FF10
:10F90000E0FFE0FFE0FFE0FFE0FFE0FFE0FFE0FFFF
:10F91000E0FFE0FFE0FFE0FFE0FFE0FFE0FFE0FFEF
:10F92000E0FFE0FFE0FFE0FFE0FFE0FFE0FFE0FFDF
:10F93000000000000000E0FFE0FFE0FFE0FFE0FF6C
:10F94000E0FFE0FF00000000000000000000E0FF1A
:10F95000E0FFE0FFE0FFE0FFE0FFE0FFE0FFE0FFAF
:10F96000E0FFE0FFE0FFE0FFE0FFE0FFE0FF00007E
:10F970000000000000000000E0FFE0FFE0FFE0FF0B
:10F98000E0FFE0FFE0FF0000000000000000E0FFFB
:10F99000E0FFE0FFE0FFE0FFE0FFE0FFE0FF00004E
:10F9A00000000000E0FFE0FFE0FFE0FFE0FFE0FF1D
:10F9B000E0FFE0FFE0FFE0FFE0FFE0FFE0FFE0FF4F
:10F9C000E0FFE0FFE0FFE0FFE0FFE0FFE0FFE0FF3F
:10F9D000E0FFE0FFE0FFE0FFE0FFE0FFE0FFE0FF2F
:10F9E000E0FF000000000000000000000000000038
:10F9F0000000E0FFE0FFE0FFE0FFE0FFE0FFE0FFEE
:10FA0000E0FFE0FFE0FFE0FFE0FFE0FF00000000BC
:10FA100000000000000000000000E0FFE0FFE0FF49
:10FA2000E0FFE0FFE0FFE0FFE0FFE0FFE0FFE0FFDE
:10FA3000E0FFE0FFE0FFE0FFE0FF0000000000006B
:10FA4000E0FFE0FFE0FFE0FFE0FFE0FFE0FFE0FFBE
:10FA5000E0FF00000000E0FFE0FFE0FFE0FFE0FF6C
:10FA6000E0FFE0FFE0FFE0FFE0FFE0FFE0FFE0FF9E
:10FA7000E0FFE0FF000000000000000000000000C8
:10FA80000000000000000000E0FFE0FFE0FFE0FFFA
:10FA9000E0FFE0FF000000000000E0FFE0FFE0FF0B
:10FAA000E0FFE0FFE0FFE0FF000000000000E0FFFB
:10FAB000E0FFE0FFE0FFE0FFE0FF000000000000EB
:10FAC00000000000000000000000E0FFE0FFE0FF99
:10FAD000E0FFE0FFE0FFE0FFE0FFE0FFE0FFE0FF2E
:10FAE0000000000000000000000000000000000016
:10FAF000E0FFE0FFE0FFE0FFE0FFE0FFE0FFE0FF0E
:10FB0000E0FFE0FFE0FFE0FFE0FFE0FFE0FFE0FFFD
:10FB1000000000000000E0FFE0FFE0FFE0FFE0FF8A
:10FB2000E0FF0000000000000000000000000000F6
:10FB3000E0FFE0FFE0FFE0FFE0FFE0FFE0FFE0FFCD
:10FB4000E0FFE0FFE0FFE0FFE0FFE0FF000000007B
:10FB500000000000000000000000E0FFE0FFE0FF08
:10FB6000E0FF0000000000000000000000000000B6
:10FB7000E0FFE0FFE0FFE0FFE0FFE0FFE0FF00006C
:10FB800000000000E0FFE0FFE0FFE0FFE0FFE0FF3B
:10FB9000E0FFE0FFE0FFE0FFE0FFE0FFE0FFE0FF6D
:10FBA000E0FFE0FFE0FFE0FFE0FFE0FFE0FFE0FF5D
:10FBB000E0FFE0FFE0FFE0FFE0FFE0FFE0FFE0FF4D
:10FBC000E0FF000000000000E0FFE0FFE0FFE0FFDA
:10FBD000E0FFE0FFE0FFE0FFE0FFE0FFE0FFE0FF2D
:10FBE000E0FFE0FFE0FFE0FFE0FFE0FF00000000DB
:10FBF0000000E0FF0000000000000000E0FFE0FF68
:10FC0000E0FFE0FFE0FFE0FFE0FFE0FFE0FFE0FFFC
:10FC1000E0FFE0FFE0FFE0FFE0FF00000000000089
:10FC2000E0FFE0FFE0FFE0FFE0FFE0FFE0FFE0FFDC
:10FC3000000000000000E0FFE0FFE0FFE0FFE0FF69
:10FC4000E0FFE0FFE0FFE0FFE0FFE0FFE0FFE0FFBC
:10FC5000E0FFE0FFE0FFE0FFE0FFE0FFE0FFE0FFAC
:10FC6000E0FF000000000000E0FFE0FFE0FFE0FF39
:10FC7000E0FF000000000000E0FFE0FFE0FFE0FF29
:10FC8000E0FFE0FFE0FFE0FF000000000000E0FF19
:10FC9000E0FFE0FFE0FFE0FFE0FF00000000000009
:10FCA000E0FFE0FFE0FFE0FFE0FFE0FFE0FFE0FF5C
:10FCB000E0FFE0FFE0FFE0FFE0FFE0FFE0FFE0FF4C
:10FCC000000000000000E0FFE0FFE0FFE0FFE0FFD9
:10FCD000E0FFE0FFE0FFE0FFE0FFE0FFE0FFE0FF2C
:10FCE000E0FFE0FFE0FFE0FFE0FFE0FFE0FFE0FF1C
:10FCF000000000000000E0FFE0FFE0FFE0FFE0FFA9
:10FD0000E0FF00000000E0FFE0FF00000000000056
:10FD10000000E0FFE0FFE0FFE0FFE0FFE0FFE0FFCA
:10FD2000E0FFE0FFE0FFE0FFE0FFE0FF0000000099
:10FD3000E0FFE0FFE0FF00000000E0FFE0FFE0FF89
:10FD4000E0FF000000000000E0FF000000000000F5
:10FD50000000E0FFE0FFE0FFE0FFE0FFE0FF000069
:10FD600000000000E0FFE0FFE0FFE0FFE0FFE0FF59
:10FD7000E0FFE0FFE0FFE0FFE0FFE0FFE0FFE0FF8B
:10FD8000E0FFE0FFE0FFE0FFE0FFE0FFE0FFE0FF7B
:10FD9000E0FFE0FFE0FFE0FFE0FFE0FFE0FFE0FF6B
:10FDA000E0FF000000000000E0FFE0FFE0FFE0FFF8
:10FDB000E0FFE0FFE0FFE0FFE0FFE0FFE0FFE0FF4B
:10FDC000E0FFE0FFE0FFE0FFE0FF000000000000D8
:10FDD000E0FFE0FFE0FF000000000000E0FFE0FFC8
:10FDE000E0FFE0FFE0FFE0FFE0FFE0FFE0FFE0FF1B
:10FDF000E0FFE0FFE0FFE0FFE0FF000000000000A8
:10FE0000E0FFE0FFE0FFE0FFE0FFE0FFE0FF0000D9
:10FE1000000000000000E0FFE0FFE0FFE0FFE0FF87
:10FE2000E0FFE0FFE0FFE0FFE0FFE0FFE0FFE0FFDA
:10FE3000E0FFE0FFE0FFE0FFE0FFE0FFE0FFE0FFCA
:10FE4000000000000000E0FFE0FFE0FFE0FFE0FF57
:10FE5000E0FF000000000000E0FFE0FFE0FFE0FF47
:10FE6000E0FFE0FFE0FFE0FF000000000000E0FF37
:10FE7000E0FFE0FFE0FFE0FFE0FF00000000000027
:10FE8000E0FFE0FFE0FFE0FFE0FFE0FFE0FFE0FF7A
:10FE9000E0FFE0FFE0FFE0FFE0FFE0FFE0FFE0FF6A
:10FEA000000000000000E0FFE0FFE0FFE0FFE0FFF7
:10FEB000E0FFE0FFE0FFE0FFE0FFE0FFE0FFE0FF4A
:10FEC000E0FFE0FFE0FFE0FFE0FFE0FFE0FFE0FF3A
:10FED000000000000000E0FFE0FFE0FFE0FFE0FFC7
:10FEE00000000000E0FFE0FFE0FFE0FF0000000096
:10FEF0000000E0FFE0FFE0FFE0FFE0FFE0FFE0FFE9
:10FF0000E0FFE0FFE0FFE0FFE0FF00000000E0FFB7
:10FF1000E0FFE0FFE0FF00000000E0FFE0FFE0FFA7
:10FF2000000000000000E0FFE0FFE0FF0000000034
:10FF30000000E0FFE0FFE0FFE0FFE0FFE0FF000087
:10FF400000000000E0FFE0FFE0FFE0FFE0FFE0FF77
:10FF5000E0FFE0FFE0FFE0FFE0FFE0FFE0FFE0FFA9
:10FF6000E0FFE0FFE0FFE0FFE0FFE0FFE0FFE0FF99
:10FF7000E0FFE0FFE0FFE0FFE0FFE0FFE0FFE0FF89
:10FF8000E0FF000000000000E0FFE0FFE0FFE0FF16
:10FF9000E0FFE0FFE0FFE0FFE0FFE0FFE0FFE0FF69
:10FFA000E0FFE0FFE0FFE0FFE0FF000000000000F6
:10FFB000E0FFE0FFE0FF000000000000E0FFE0FFE6
:10FFC000E0FFE0FFE0FFE0FFE0FFE0FFE0FFE0FF39
:10FFD000E0FFE0FFE0FFE0FFE0FF000000000000C6
:10FFE000E0FFE0FFE0FFE0FFE0FFE0FF00000000D7
:10FFF000000000000000E0FFE0FFE0FFE0FFE0FFA6
:020000040803EF
:10000000E0FFE0FFE0FFE0FFE0FFE0FFE0FFE0FFF8
:10001000E0FFE0FFE0FFE0FFE0FFE0FFE0FFE0FFE8
:10002000000000000000E0FFE0FFE0FFE0FFE0FF75
:10003000000000000000E0FFE0FFE0FFE0FFE0FF65
:10004000E0FFE0FFE0FFE0FF000000000000E0FF55
:10005000E0FFE0FFE0FFE0FFE0FF00000000000045
:10006000E0FFE0FFE0FFE0FFE0FFE0FFE0FFE0FF98
:10007000E0FFE0FFE0FFE0FFE0FFE0FFE0FFE0FF88
:10008000000000000000E0FFE0FFE0FFE0FFE0FF15
:10009000E0FFE0FFE0FFE0FFE0FFE0FFE0FFE0FF68
:1000A000E0FFE0FFE0FFE0FFE0FFE0FFE0FFE0FF58
:1000B000000000000000E0FFE0FFE0FFE0FFE0FFE5
:1000C00000000000E0FFE0FFE0FFE0FF00000000B4
:1000D0000000E0FFE0FFE0FFE0FFE0FFE0FFE0FF07
:1000E000E0FFE0FFE0FFE0FFE0FF00000000E0FFD6
:1000F000E0FFE0FFE0FF00000000E0FFE0FFE0FFC6
:10010000000000000000E0FFE0FFE0FF0000000052
:100110000000E0FFE0FFE0FFE0FFE0FFE0FF0000A5
:1001200000000000E0FFE0FFE0FFE0FFE0FFE0FF95
:10013000E0FFE0FFE0FFE0FFE0FFE0FFE0FFE0FFC7
:10014000E0FFE0FFE0FFE0FFE0FFE0FFE0FFE0FFB7
:10015000E0FFE0FFE0FFE0FFE0FFE0FFE0FFE0FFA7
:10016000E0FF00000000E0FFE0FFE0FFE0FFE0FF55
:10017000E0FFE0FFE0FFE0FFE0FFE0FFE0FFE0FF87
:10018000E0FFE0FFE0FFE0FFE0FFE0FFE0FFE0FF77
:10019000E0FFE0FFE0FF000000000000E0FFE0FF04
:1001A000E0FFE0FFE0FFE0FFE0FFE0FFE0FFE0FF57
:1001B000E0FFE0FFE0FFE0FFE0FF000000000000E4
:1001C000E0FFE0FFE0FFE0FFE0FFE0FF00000000F5
:1001D000E0FF00000000E0FFE0FFE0FFE0FFE0FFE5
:1001E000E0FFE0FFE0FFE0FFE0FFE0FFE0FFE0FF17
:1001F000E0FFE0FFE0FFE0FFE0FFE0FFE0FF0000E6
:1002000000000000E0FFE0FFE0FFE0FFE0FF000093
:1002100000000000E0FFE0FFE0FFE0FFE0FFE0FFA4
:10022000E0FFE0FFE0FFE0FF000000000000E0FF73
:10023000E0FFE0FFE0FFE0FFE0FF00000000E0FF84
:10024000E0FFE0FFE0FFE0FFE0FFE0FFE0FFE0FFB6
:10025000E0FFE0FFE0FFE0FFE0FFE0FFE0FFE0FFA6
:1002600000000000E0FFE0FFE0FFE0FFE0FFE0FF54
:10027000E0FFE0FFE0FFE0FFE0FFE0FFE0FFE0FF86
:10028000E0FFE0FFE0FFE0FFE0FFE0FFE0FFE0FF76
:10029000000000000000E0FFE0FFE0FFE0FFE0FF03
:1002A000E0FFE0FFE0FFE0FFE0FFE0FF0000000014
:1002B0000000E0FFE0FFE0FFE0FFE0FFE0FFE0FF25
:1002C000E0FFE0FFE0FFE0FFE0FFE0FFE0FFE0FF36
:1002D000E0FFE0FFE0FF00000000E0FFE0FFE0FFE4
:1002E000E0FFE0FFE0FFE0FFE0FFE0FF00000000D4
:1002F0000000E0FFE0FFE0FFE0FFE0FFE0FF0000C4
:1003000000000000E0FFE0FFE0FFE0FFE0FFE0FFB3
:10031000E0FFE0FFE0FFE0FFE0FFE0FFE0FFE0FFE5
:10032000E0FFE0FFE0FFE0FFE0FFE0FFE0FFE0FFD5
:10033000E0FFE0FFE0FFE0FFE0FFE0FFE0FFE0FFC5
:1003400000000000000000000000000000000000AD
:100350000000E0FFE0FFE0FFE0FFE0FFE0FFE0FF84
:10036000E0FFE0FFE0FFE0FFE0FFE0FFE0FFE0FF95
:10037000E0FFE0FF000000000000E0FFE0FFE0FF22
:10038000E0FFE0FFE0FFE0FFE0FFE0FFE0FFE0FF75
:10039000E0FFE0FFE0FFE0FFE0FF00000000000002
:1003A000E0FFE0FFE0FFE0FFE0FFE0FFE0FFE0FF55
:1003B000E0FF00000000E0FFE0FFE0FFE0FFE0FF03
:1003C000E0FFE0FFE0FFE0FFE0FFE0FFE0FFE0FF35
:1003D000E0FFE0FFE0FFE0FFE0FFE0FFE0FF000004
:1003E0000000E0FFE0FFE0FFE0FFE0FF00000000B2
:1003F000000000000000000000000000E0FFE0FF3F
:10040000E0FFE0FFE0FFE0FF000000000000E0FF91
:10041000E0FFE0FFE0FFE0FF000000000000000060
:10042000E0FF0000000000000000E0FFE0FFE0FF50
:10043000E0FFE0FFE0FFE0FFE0FFE0FFE0FF0000A3
:10044000000000000000E0FF0000000000000000CD
:10045000E0FFE0FFE0FFE0FFE0FFE0FFE0FFE0FFA4
:10046000E0FFE0FFE0FFE0FFE0FFE0FFE0FFE0FF94
:10047000000000000000E0FFE0FFE0FFE0FFE0FF21
:10048000E0FFE0FFE0FFE0FFE0FF00000000000011
:10049000E0FFE0FFE0FFE0FFE0FFE0FFE0FFE0FF64
:1004A000E0FFE0FFE0FFE0FFE0FFE0FFE0FFE0FF54
:1004B00000000000000000000000E0FFE0FFE0FF9F
:1004C000E0FFE0FFE0FFE0FFE0FF000000000000D1
:1004D000E0FFE0FFE0FFE0FFE0FFE0FFE0FF000003
:1004E00000000000E0FFE0FFE0FFE0FFE0FFE0FFD2
:1004F000E0FFE0FFE0FFE0FFE0FFE0FFE0FFE0FF04
:10050000E0FFE0FFE0FFE0FFE0FFE0FFE0FFE0FFF3
:10051000E0FFE0FFE0FFE0FFE0FFE0FFE0FFE0FFE3
:10052000000000000000E0FFE0FFE0FF000000002E
:100530000000E0FFE0FFE0FFE0FFE0FFE0FFE0FFA2
:10054000E0FFE0FFE0FFE0FFE0FFE0FFE0FFE0FFB3
:10055000E0FFE0FF000000000000E0FFE0FFE0FF40
:10056000E0FFE0FFE0FFE0FFE0FFE0FFE0FFE0FF93
:10057000E0FFE0FFE0FFE0FFE0FF00000000000020
:10058000E0FFE0FFE0FFE0FFE0FFE0FFE0FFE0FF73
:10059000E0FF00000000E0FFE0FFE0FFE0FFE0FF21
:1005A000E0FFE0FFE0FFE0FFE0FFE0FFE0FFE0FF53
:1005B000E0FFE0FFE0FFE0FFE0FFE0FFE0FF000022
:1005C0000000E0FFE0FFE0FFE0FFE0FF00000000D0
:1005D0000000E0FFE0FFE0FF000000000000E0FF9F
:1005E000E0FFE0FFE0FFE0FF000000000000E0FFB0
:1005F000E0FFE0FFE0FFE0FF000000000000E0FFA0
:10060000E0FFE0FF000000000000E0FFE0FFE0FF8F
:10061000E0FFE0FFE0FFE0FFE0FFE0FFE0FF0000C1
:1006200000000000E0FFE0FFE0FFE0FF000000004E
:10063000E0FFE0FFE0FFE0FFE0FFE0FFE0FFE0FFC2
:10064000E0FFE0FFE0FFE0FFE0FFE0FFE0FFE0FFB2
:10065000000000000000E0FFE0FFE0FFE0FFE0FF3F
:10066000E0FFE0FFE0FFE0FFE0FF0000000000002F
:10067000E0FFE0FFE0FFE0FFE0FFE0FFE0FFE0FF82
:10068000E0FFE0FFE0FFE0FFE0FFE0FFE0FFE0FF72
:1006900000000000000000000000E0FFE0FFE0FFBD
:1006A000E0FFE0FFE0FFE0FFE0FF000000000000EF
:1006B000E0FFE0FFE0FFE0FFE0FFE0FFE0FF000021
:1006C00000000000E0FFE0FFE0FFE0FFE0FFE0FFF0
:1006D000E0FFE0FFE0FFE0FFE0FFE0FFE0FFE0FF22
:1006E000E0FFE0FFE0FFE0FFE0FFE0FFE0FFE0FF12
:1006F000E0FFE0FFE0FFE0FFE0FFE0FFE0FFE0FF02
:10070000E0FFE0FFE0FFE0FFE0FFE0FF00000000AF
:100710000000E0FFE0FFE0FFE0FFE0FFE0FFE0FFC0
:10072000E0FFE0FFE0FFE0FFE0FFE0FFE0FFE0FFD1
:10073000E0FF000000000000E0FFE0FFE0FFE0FF5E
:10074000E0FFE0FFE0FFE0FFE0FFE0FFE0FFE0FFB1
:10075000E0FFE0FFE0FFE0FFE0FF0000000000003E
:10076000E0FFE0FFE0FFE0FFE0FFE0FFE0FFE0FF91
:10077000E0FF00000000E0FFE0FFE0FFE0FFE0FF3F
:10078000E0FFE0FFE0FFE0FFE0FFE0FFE0FFE0FF71
:10079000E0FFE0FFE0FFE0FFE0FFE0FF000000001F
:1007A000E0FFE0FFE0FFE0FFE0FFE0FF000000000F
:1007B000E0FFE0FFE0FFE0FFE0FF00000000E0FFFF
:1007C000E0FFE0FFE0FFE0FF000000000000E0FFCE
:1007D000E0FFE0FFE0FFE0FFE0FFE0FFE0FFE0FF21
:1007E000E0FFE0FF000000000000E0FFE0FFE0FFAE
:1007F000E0FFE0FFE0FFE0FFE0FFE0FFE0FFE0FF01
:10080000E0FFE0FFE0FFE0FFE0FFE0FF00000000AE
:10081000E0FFE0FFE0FFE0FFE0FFE0FFE0FFE0FFE0
:10082000E0FFE0FFE0FFE0FFE0FFE0FFE0FFE0FFD0
:10083000000000000000E0FFE0FFE0FFE0FFE0FF5D
:10084000E0FFE0FFE0FFE0FF000000000000E0FF4D
:10085000E0FFE0FFE0FFE0FFE0FFE0FFE0FFE0FFA0
:10086000E0FFE0FFE0FFE0FFE0FFE0FFE0FFE0FF90
:10087000E0FFE0FF000000000000E0FFE0FFE0FF1D
:10088000E0FFE0FFE0FFE0FF000000000000E0FF0D
:10089000E0FFE0FFE0FFE0FFE0FFE0FFE0FF00003F
:1008A00000000000E0FFE0FFE0FFE0FFE0FFE0FF0E
:1008B000E0FFE0FFE0FFE0FFE0FFE0FFE0FFE0FF40
:1008C000E0FFE0FFE0FFE0FFE0FFE0FFE0FFE0FF30
:1008D000E0FFE0FFE0FFE0FFE0FFE0FFE0FFE0FF20
:1008E000E0FFE0FFE0FFE0FFE0FFE0FFE0FF0000EF
:1008F00000000000E0FFE0FFE0FFE0FFE0FFE0FFBE
:10090000E0FFE0FFE0FFE0FFE0FFE0FFE0FFE0FFEF
:10091000E0FF00000000E0FFE0FFE0FFE0FFE0FF9D
:10092000E0FFE0FFE0FFE0FFE0FFE0FFE0FFE0FFCF
:10093000E0FFE0FFE0FFE0FFE0FF0000000000005C
:10094000E0FFE0FFE0FFE0FFE0FFE0FFE0FFE0FFAF
:10095000E0FF00000000E0FFE0FFE0FFE0FFE0FF5D
:10096000E0FFE0FFE0FFE0FFE0FFE0FFE0FFE0FF8F
:10097000E0FFE0FFE0FFE0FFE0FFE0FF000000003D
:10098000E0FFE0FFE0FFE0FFE0FFE0FF000000002D
:10099000E0FFE0FFE0FFE0FFE0FF00000000E0FF1D
:1009A000E0FFE0FFE0FFE0FF000000000000E0FFEC
:1009B000E0FFE0FFE0FFE0FFE0FFE0FFE0FFE0FF3F
:1009C000E0FFE0FFE0FF000000000000E0FFE0FFCC
:1009D000E0FFE0FFE0FFE0FFE0FFE0FFE0FFE0FF1F
:1009E000E0FFE0FFE0FFE0FFE0FFE0FF00000000CD
:1009F0000000E0FFE0FFE0FFE0FFE0FFE0FFE0FFDE
:100A0000E0FFE0FFE0FFE0FFE0FFE0FFE0FFE0FFEE
:100A1000000000000000E0FFE0FFE0FFE0FFE0FF7B
:100A2000E0FFE0FFE0FF000000000000E0FFE0FF6B
:100A3000E0FFE0FFE0FFE0FFE0FFE0FFE0FFE0FFBE
:100A4000E0FFE0FFE0FFE0FFE0FFE0FFE0FFE0FFAE
:100A5000E0FFE0FFE0FF00000000E0FFE0FFE0FF5C
:100A6000E0FFE0FFE0FFE0FF00000000E0FFE0FF4C
:100A7000E0FFE0FFE0FFE0FFE0FFE0FFE0FF00005D
:100A800000000000E0FFE0FFE0FFE0FFE0FFE0FF2C
:100A9000E0FFE0FFE0FFE0FFE0FFE0FFE0FFE0FF5E
:100AA000E0FFE0FFE0FFE0FFE0FFE0FFE0FFE0FF4E
:100AB000E0FFE0FFE0FFE0FFE0FFE0FFE0FFE0FF3E
:100AC000E0FFE0FFE0FFE0FFE0FFE0FFE0FF00000D
:100AD00000000000E0FFE0FFE0FFE0FFE0FFE0FFDC
:100AE000E0FFE0FFE0FFE0FFE0FFE0FFE0FFE0FF0E
:100AF000000000000000E0FFE0FFE0FFE0FFE0FF9B
:100B0000E0FFE0FFE0FFE0FFE0FFE0FFE0FFE0FFED
:100B1000E0FFE0FFE0FFE0FFE0FF0000000000007A
:100B2000E0FFE0FFE0FFE0FFE0FFE0FFE0FFE0FFCD
:100B3000E0FF00000000E0FFE0FFE0FFE0FFE0FF7B
:100B4000E0FFE0FFE0FFE0FFE0FFE0FFE0FFE0FFAD
:100B5000E0FFE0FFE0FFE0FFE0FFE0FF000000005B
:100B6000E0FFE0FFE0FFE0FFE0FFE0FF000000004B
:100B7000E0FFE0FFE0FFE0FFE0FF00000000E0FF3B
:100B8000E0FFE0FFE0FFE0FF000000000000E0FF0A
:100B9000E0FFE0FFE0FFE0FFE0FFE0FFE0FFE0FF5D
:100BA000E0FFE0FFE0FF000000000000E0FFE0FFEA
:100BB000E0FFE0FFE0FFE0FFE0FFE0FFE0FFE0FF3D
:100BC000E0FFE0FFE0FFE0FFE0FFE0FF00000000EB
:100BD0000000E0FFE0FFE0FFE0FFE0FFE0FFE0FFFC
:100BE000E0FFE0FFE0FFE0FFE0FFE0FFE0FFE0FF0D
:100BF000000000000000E0FFE0FFE0FFE0FFE0FF9A
:100C0000E0FFE0FF0000000000000000E0FFE0FF68
:100C1000E0FFE0FFE0FFE0FFE0FFE0FFE0FFE0FFDC
:100C2000E0FFE0FFE0FFE0FFE0FFE0FFE0FFE0FFCC
:100C3000E0FFE0FFE0FFE0FF00000000E0FFE0FF7A
:100C4000E0FFE0FFE0FF000000000000E0FFE0FF49
:100C5000E0FFE0FFE0FFE0FFE0FFE0FFE0FF00007B
:100C600000000000E0FFE0FFE0FFE0FFE0FFE0FF4A
:100C7000E0FFE0FFE0FFE0FFE0FFE0FFE0FFE0FF7C
:100C8000E0FFE0FFE0FFE0FFE0FFE0FFE0FFE0FF6C
:100C9000E0FFE0FFE0FFE0FFE0FFE0FFE0FF00003B
:100CA00000000000E0FFE0FFE0FFE0FF00000000C8
:100CB0000000E0FFE0FFE0FFE0FFE0FFE0FFE0FF1B
:100CC000E0FFE0FFE0FFE0FFE0FFE0FFE0FF00000B
:100CD00000000000E0FFE0FFE0FFE0FFE0FFE0FFDA
:100CE000E0FFE0FFE0FFE0FFE0FFE0FFE0FFE0FF0C
:100CF000E0FFE0FFE0FFE0FFE0FF00000000000099
:100D0000E0FFE0FFE0FFE0FFE0FFE0FFE0FFE0FFEB
:100D1000E0FF00000000E0FFE0FFE0FFE0FFE0FF99
:100D2000E0FFE0FFE0FFE0FFE0FFE0FFE0FFE0FFCB
:100D3000E0FFE0FFE0FFE0FFE0FF00000000E0FF79
:100D4000E0FFE0FFE0FFE0FFE0FFE0FF0000000069
:100D5000E0FFE0FFE0FFE0FFE0FF00000000E0FF59
:100D6000E0FFE0FFE0FFE0FF000000000000E0FF28
:100D7000E0FFE0FFE0FF000000000000E0FFE0FF18
:100D8000E0FFE0FF000000000000E0FFE0FFE0FF08
:100D9000E0FFE0FFE0FFE0FFE0FFE0FFE0FF00003A
:100DA0000000E0FFE0FFE0FFE0FFE0FF00000000E8
:100DB000E0FFE0FFE0FFE0FFE0FFE0FFE0FFE0FF3B
:100DC000E0FFE0FFE0FFE0FFE0FFE0FFE0FFE0FF2B
:100DD000000000000000E0FFE0FFE0FFE0FFE0FFB8
:100DE000E0FFE0FF000000000000E0FFE0FFE0FFA8
:100DF000E0FFE0FFE0FFE0FFE0FFE0FFE0FFE0FFFB
:100E0000E0FFE0FFE0FFE0FFE0FF00000000E0FFA8
:100E1000E0FFE0FFE0FFE0FF00000000E0FFE0FF98
:100E2000E0FFE0FF000000000000E0FFE0FFE0FF67
:100E3000E0FFE0FFE0FFE0FFE0FFE0FFE0FF000099
:100E400000000000E0FFE0FFE0FFE0FFE0FFE0FF68
:100E5000E0FFE0FFE0FFE0FFE0FFE0FFE0FFE0FF9A
:100E6000E0FFE0FFE0FFE0FFE0FFE0FFE0FFE0FF8A
:100E7000E0FFE0FFE0FFE0FFE0FFE0FFE0FFE0FF7A
:100E8000000000000000E0FFE0FF000000000000A4
:100E90000000E0FFE0FFE0FFE0FFE0FFE0FFE0FF39
:100EA000E0FFE0FFE0FFE0FFE0FFE0FF0000000008
:100EB0000000E0FFE0FFE0FFE0FFE0FFE0FFE0FF19
:100EC000E0FFE0FFE0FFE0FFE0FFE0FFE0FFE0FF2A
:100ED000E0FFE0FFE0FFE0FFE0FF000000000000B7
:100EE000E0FFE0FFE0FFE0FFE0FFE0FFE0FFE0FF0A
:100EF000E0FF00000000E0FFE0FFE0FFE0FFE0FFB8
:100F0000E0FFE0FFE0FFE0FFE0FFE0FFE0FFE0FFE9
:100F1000E0FFE0FFE0FFE0FFE0FF00000000E0FF97
:100F2000E0FFE0FFE0FFE0FFE0FFE0FF0000000087
:100F30000000E0FFE0FFE0FF00000000E0FFE0FF56
:100F4000E0FFE0FFE0FFE0FF000000000000E0FF46
:100F5000E0FFE0FFE0FFE0FF000000000000E0FF36
:100F6000E0FFE0FF000000000000E0FFE0FFE0FF26
:100F7000E0FFE0FFE0FFE0FFE0FFE0FFE0FF000058
:100F800000000000E0FFE0FFE0FF000000000000C4
:100F9000E0FFE0FFE0FFE0FFE0FFE0FFE0FFE0FF59
:100FA000E0FFE0FFE0FFE0FFE0FFE0FFE0FFE0FF49
:100FB000000000000000E0FFE0FFE0FFE0FFE0FFD6
:100FC000E0FF00000000E0FFE0FFE0FFE0FFE0FFE7
:100FD000E0FFE0FFE0FFE0FFE0FFE0FFE0FFE0FF19
:100FE000E0FFE0FFE0FFE0FFE0FFE0FF00000000C7
:100FF000E0FFE0FF000000000000E0FFE0FFE0FF96
:10100000E0FF000000000000E0FFE0FFE0FFE0FF85
:10101000E0FFE0FFE0FFE0FFE0FFE0FFE0FF0000B7
:1010200000000000E0FFE0FFE0FFE0FFE0FFE0FF86
:10103000E0FFE0FFE0FFE0FFE0FFE0FFE0FFE0FFB8
:10104000E0FFE0FFE0FFE0FFE0FFE0FFE0FFE0FFA8
:10105000E0FFE0FFE0FFE0FFE0FFE0FFE0FFE0FF98
:10106000E0FF0000000000000000000000000000A1
:10107000E0FFE0FFE0FFE0FFE0FFE0FFE0FFE0FF78
:10108000E0FFE0FFE0FFE0FFE0FF00000000000005
:101090000000000000000000000000000000E0FF71
:1010A000E0FFE0FFE0FFE0FFE0FFE0FFE0FFE0FF48
:1010B000E0FFE0FFE0FFE0FFE0FF000000000000D5
:1010C000E0FFE0FFE0FFE0FFE0FFE0FFE0FFE0FF28
:1010D000E0FF00000000E0FFE0FFE0FFE0FFE0FFD6
:1010E000E0FFE0FFE0FFE0FFE0FFE0FFE0FFE0FF08
:1010F000E0FFE0FFE0FFE0FF000000000000E0FF95
:10110000E0FFE0FFE0FFE0FFE0FFE0FFE0FF0000C6
:10111000000000000000000000000000E0FFE0FF11
:10112000E0FFE0FFE0FFE0FF000000000000E0FF64
:10113000E0FFE0FFE0FFE0FFE0FF00000000000054
:101140000000000000000000E0FFE0FFE0FFE0FF23
:10115000E0FFE0FFE0FFE0FFE0FFE0FFE0FFE0FF97
:101160000000000000000000000000000000E0FFA0
:10117000E0FFE0FFE0FFE0FFE0FFE0FFE0FFE0FF77
:10118000E0FFE0FFE0FFE0FFE0FFE0FFE0FFE0FF67
:10119000000000000000E0FFE0FFE0FFE0FFE0FFF4
:1011A000000000000000000000000000000000003F
:1011B0000000E0FFE0FFE0FFE0FFE0FFE0FFE0FF16
:1011C000E0FFE0FFE0FFE0FFE0FFE0FF00000000E5
:1011D00000000000000000000000E0FFE0FFE0FF72
:1011E00000000000000000000000000000000000FF
:1011F00000000000E0FFE0FFE0FFE0FFE0FF000094
:1012000000000000E0FFE0FFE0FFE0FFE0FFE0FFA4
:10121000E0FFE0FFE0FFE0FFE0FFE0FFE0FFE0FFD6
:10122000E0FFE0FFE0FFE0FFE0FFE0FFE0FFE0FFC6
:10123000E0FFE0FFE0FFE0FFE0FFE0FFE0FFE0FFB6
:10124000E0FFE0FFE0FF000000000000E0FFE0FF43
:10125000E0FFE0FFE0FFE0FFE0FFE0FFE0FFE0FF96
:10126000E0FFE0FFE0FFE0FFE0FFE0FFE0FFE0FF86
:10127000E0FFE0FFE0FFE0FFE0FFE0FFE0FFE0FF76
:10128000E0FFE0FFE0FFE0FFE0FFE0FFE0FFE0FF66
:10129000E0FFE0FFE0FFE0FFE0FF000000000000F3
:1012A000E0FFE0FFE0FFE0FFE0FFE0FFE0FFE0FF46
:1012B000E0FFE0FFE0FFE0FFE0FFE0FFE0FFE0FF36
:1012C000E0FFE0FFE0FFE0FFE0FFE0FFE0FFE0FF26
:1012D000E0FFE0FFE0FFE0FFE0FFE0FFE0FFE0FF16
:1012E000E0FFE0FFE0FFE0FFE0FFE0FFE0FFE0FF06
:1012F00000000000000000000000E0FFE0FFE0FF51
:10130000E0FFE0FFE0FFE0FF000000000000E0FF82
:10131000E0FFE0FFE0FFE0FFE0FFE0FFE0FF0000B4
:1013200000000000E0FFE0FFE0FFE0FFE0FFE0FF83
:10133000E0FFE0FFE0FFE0FFE0FFE0FFE0FFE0FFB5
:10134000E0FFE0FF0000000000000000E0FFE0FF21
:10135000E0FFE0FFE0FFE0FFE0FFE0FFE0FFE0FF95
:10136000E0FFE0FFE0FFE0FFE0FFE0FFE0FFE0FF85
:10137000000000000000E0FFE0FFE0FFE0FFE0FF12
:10138000E0FFE0FFE0FFE0FFE0FFE0FFE0FFE0FF65
:10139000E0FFE0FFE0FFE0FFE0FFE0FFE0FFE0FF55
:1013A000E0FFE0FFE0FFE0FFE0FFE0FFE0FF000024
:1013B000000000000000E0FFE0FFE0FFE0FFE0FFD2
:1013C000E0FFE0FFE0FFE0FFE0FFE0FFE0FFE0FF25
:1013D000E0FFE0FFE0FFE0FFE0FFE0FFE0FF0000F4
:1013E00000000000E0FFE0FFE0FFE0FFE0FFE0FFC3
:1013F000E0FFE0FFE0FFE0FFE0FFE0FFE0FFE0FFF5
:10140000E0FFE0FFE0FFE0FFE0FFE0FFE0FFE0FFE4
:10141000E0FFE0FFE0FFE0FFE0FFE0FFE0FFE0FFD4
:10142000E0FFE0FFE0FFE0FFE0FFE0FFE0FFE0FFC4
:10143000E0FFE0FFE0FFE0FFE0FFE0FFE0FFE0FFB4
:10144000E0FFE0FFE0FFE0FFE0FFE0FFE0FFE0FFA4
:10145000E0FFE0FFE0FFE0FFE0FFE0FFE0FFE0FF94
:10146000E0FFE0FFE0FFE0FFE0FFE0FFE0FFE0FF84
:10147000E0FFE0FFE0FFE0FFE0FF00000000000011
:10148000E0FFE0FFE0FFE0FFE0FFE0FFE0FFE0FF64
:10149000E0FFE0FFE0FFE0FFE0FFE0FFE0FFE0FF54
:1014A000E0FFE0FFE0FFE0FFE0FFE0FFE0FFE0FF44
:1014B000E0FFE0FFE0FFE0BDE0BDE0BDE0BDE0BD7E
:1014C000E0BDE0BDE0BDE0BDE0BDE0BDE0BDE0BD34
:1014D000E0BDE0BDE0BDE0BDE0BDE0FFE0FFE0FF5E
:1014E000E0FFE0FFE0FFE0FF000000000000E0FFA1
:1014F000E0FFE0FFE0FFE0FFE0FFE0FFE0FFE0FFF4
:10150000E0FFE0FFE0FFE0FFE0FFE0FFE0FFE0FFE3
:10151000E0FFE0FFE0FFE0FFE0FFE0FFE0FFE0FFD3
:10152000E0FFE0FFE0FFE0FFE0FFE0FFE0FFE0FFC3
:10153000E0FFE0FFE0FFE0FFE0FFE0FFE0FFE0FFB3
:10154000E0FFE0FFE0FFE0FFE0FFE0FFE0FFE0FFA3
:10155000000000000000E0FFE0FFE0FFE0FFE0FF30
:10156000E0FFE0FFE0FFE0FFE0FFE0FFE0FFE0FF83
:10157000E0FFE0FFE0FFE0FFE0FFE0FFE0FFE0FF73
:10158000E0FFE0FFE0FFE0FFA0F7E0BDE0BDE0BD71
:10159000E0BDE0BDE0BDE0BDE0BDE0BDE0BDE0BD63
:1015A000E0BDE0BDE0BDE0BDE0BDE0BD60CEE0FF80
:1015B000E0FFE0FFE0FFE0FFE0FFE0FFE0FF000012
:1015C00000000000E0FFE0FFE0FFE0FFE0FFE0FFE1
:1015D000E0FFE0FFE0FFE0FFE0FFE0FFE0FFE0FF13
:1015E000E0FFE0FFE0FFE0FFE0FFE0FFE0FFE0FF03
:1015F000E0FFE0FFE0FFE0FFE0FFE0FFE0FFE0FFF3
:10160000E0FFE0FFE0FFE0FFE0FFE0FFE0FFE0FFE2
:10161000E0FFE0FFE0FFE0FFE0FFE0FFE0FFE0FFD2
:10162000E0FFE0FFE0FFE0FFE0FFE0FFE0FFE0FFC2
:10163000E0FFE0FFE0FFE0FFE0FFE0FFE0FFE0FFB2
:10164000E0FFE0FFE0FFE0FFE0FFE0FFE0FFE0FFA2
:10165000E0FFE0FFE0FFE0FFE0FF0000000000002F
:10166000E0FFE0FFE0FFE0FFE0FFE0FFE0FFE0FF82
:10167000E0FFE0FFE0FFE0FFE0FFE0FFE0FFE0FF72
:10168000E0FFE0FFE0FFE0FFE0FFE0FFE0FFE0FF62
:10169000E0FFE0FFE07B0000000000000000000031
:1016A000000000000000000000000000000000003A
:1016B0000000000000000000000020A5E0FFE0FFA7
:1016C000E0FFE0FFE0FFE0FF000000000000E0FFBF
:1016D000E0FFE0FFE0FFE0FF00E740EFE0FFE0FFBA
:1016E000E0FFE0FFE0FFE0FFE0FFE0FFE0FFE0FF02
:1016F000E0FFE0FFE0FFE0FFE0FFE0FFE0FFE0FFF2
:10170000E0FFE0FFE0FFE0FFE0FFE0FFE0FFE0FFE1
:10171000E0FFE0FFE0FFE0FFE0FFE0FFE0FFE0FFD1
:10172000E0FFE0FFE0FFE0FFE0FFE0FFE0FFE0FFC1
:10173000000000000000E0FFE0FFE0FFE0FFE0FF4E
:10174000E0FFE0FFE0FFE0FFE0FFE0FFE0FFE0FFA1
:10175000E0FFE0FFE0FFE0FFE0FFE0FFE0FFE0FF91
:10176000E0FFE0FFE0FFE0FFE07B000000000000A2
:101770000000000000000000000000000000000069
:101780000000000000000000000000000000E0BDBC
:10179000E0FFE0FFE0FFE0FFE0FFE0FFE0FF000030
:1017A00000000000E0FFE0FFE0FFE0FFE0FFE0FFFF
:1017B000E0FFE0FFE0FFE0FFE0FFE0FFE0FFE0FF31
:1017C000E0FFE0FFE0FFE0FFE0FFE0FFE0FFE0FF21
:1017D000E0FFE0FFE0FFE0FFE0FFE0FFE0FFE0FF11
:1017E000E0FFE0FFE0FFE0FFE0FFE0FFE0FFE0FF01
:1017F000E0FFE0FFE0FFE0FFE0FFE0FFE0FFE0FFF1
:10180000E0FFE0FFE0FFE0FFE0FFE0FFE0FFE0FFE0
:10181000E0FFE0FFE0FFE0FFE0FFE0FFE0FFE0FFD0
:10182000E0FFE0FFE0FFE0FFE0FFE0FFE0FFE0FFC0
:10183000E0FFE0FFE0FFE0FFE0FF0000000000004D
:10184000E0FFE0FFE0FFE0FFE0FFE0FFE0FFE0FFA0
:10185000E0FFE0FFE0FFE0FFE0FFE0FFE0FFE0FF90
:10186000E0FFE0FFE0FFE0FFE0FFE0FFE0FFE0FF80
:10187000E0FFE0FF20E72084E07BE07BE07BE07B93
:10188000E07BE07BE07BE07BE07BE07BE07BE07B80
:10189000E07BE07BE07BE07BE07B60EFE0FFE0FF74
:1018A000E0FFE0FFE0FFE0FF000000000000E0FFDD
:1018B000E0FFE0FFE0FFE07B0000000080B5E0FF1C
:1018C000E0FFE0FFE0FFE0FFE0FFE0FFE0FFE0FF20
:1018D000E0FFE0FFE0FFE0FFE0FFE0FFE0FFE0FF10
:1018E000E0FFE0FFE0FFE0FFE0FFE0FFE0FFE0FF00
:1018F000E0FFE0FFE0FFE0FFE0FFE0FFE0FFE0FFF0
:10190000E0FFE0FFE0FFE0FFE0FFE0FFE0FFE0FFDF
:10191000000000000000E0FFE0FFE0FFE0FFE0FF6C
:10192000E0FFE0FFE0FFE0FFE0FFE0FFE0FFE0FFBF
:10193000E0FFE0FFE0FFE0FFE0FFE0FFE0FFE0FFAF
:10194000E0FFE0FFE0FFE0FF20E72084E07BE07BBA
:10195000E07BE07BE07BE07BE07BE07BE07BE07BAF
:10196000E07BE07BE07BE07BE07BE07BA094A0F78A
:10197000E0FFE0FFE0FFE0FFE0FFE0FFE0FF00004E
:1019800000000000E0FFE0FFE0FFE0FFE0FFE0FF1D
:10199000E0FFE0FFE0FFE0FFE0FFE0FFE0FFE0FF4F
:1019A000E0FFE0FFE0FFE0FFE0FFE0FFE0FFE0FF3F
:1019B000E0FFE0FFE0FFE0FFE0FFE0FFE0FFE0FF2F
:1019C000E0FFE0FFE0FFE0FFE0FFE0FFE0FFE0FF1F
:1019D000E0FFE0FFE0FFE0FFE0FFE0FFE0FFE0FF0F
:1019E000E0FFE0FFE0FFE0FFE0FFE0FFE0FFE0FFFF
:1019F000E0FFE0FFE0FFE0FFE0FFE0FFE0FFE0FFEF
:101A0000E0FFE0FFE0FFE0FFE0FFE0FFE0FFE0FFDE
:101A1000E0FFE0FFE0FFE0FFE0FFE0FFE0FFE0FFCE
:101A2000E0FFE0FFE0FFE0FFE0FFE0FFE0FFE0FFBE
:101A3000E0FFE0FFE0FFE0FFE0FFE0FFE0FFE0FFAE
:101A4000E0FFE0FFE0FFE0FFE0FFE0FFE0FFE0FF9E
:101A5000E0FFE0FFE0FFE0FFE0FFE0FFE0FFE0FF8E
:101A6000E0FFE0FFE0FFE0FFE0FFE0FFE0FFE0FF7E
:101A7000E0FFE0FFE0FFE0FFE0FFE0FFE0FFE0FF6E
:101A8000E0FFE0FFE0FFE0FFE0FFE0FFE0FFE0FF5E
:101A9000E0FFE0FFE0FF0000000000000000E0FFCA
:101AA000E0FFE0FFE0FFE0FFE0FFE0FFE0FFE0FF3E
:101AB000E0FFE0FFE0FFE0FFE0FFE0FFE0FFE0FF2E
:101AC000E0FFE0FFE0FFE0FFE0FFE0FFE0FFE0FF1E
:101AD000E0FFE0FFE0FFE0FFE0FFE0FFE0FFE0FF0E
:101AE000E0FFE0FFE0FFE0FFE0FFE0FFE0FFE0FFFE
:101AF000E0FFE0FFE0FFE0FFE0FFE0FFE0FFE0FFEE
:101B0000E0FFE0FFE0FFE0FFE0FFE0FFE0FFE0FFDD
:101B1000E0FFE0FFE0FFE0FFE0FFE0FFE0FFE0FFCD
:101B2000E0FFE0FFE0FFE0FFE0FFE0FFE0FFE0FFBD
:101B3000E0FFE0FFE0FFE0FFE0FFE0FFE0FFE0FFAD
:101B4000E0FFE0FFE0FFE0FFE0FFE0FFE0FFE0FF9D
:101B5000E0FFE0FFE0FFE0FFE0FFE0FFE0FFE0FF8D
:101B6000E0FFE0FFE0FFE0FFE0FFE0FFE0FFE0FF7D
:101B7000E0FFE0FFE0FFE0FFE0FFE0FFE0FFE0FF6D
:101B8000E0FFE0FFE0FFE0FFE0FFE0FFE0FFE0FF5D
:101B9000E0FFE0FFE0FFE0FFE0FFE0FFE0FFE0FF4D
:101BA000E0FFE0FFE0FFE0FFE0FFE0FFE0FFE0FF3D
:101BB000E0FFE0FFE0FFE0FFE0FFE0FFE0FFE0FF2D
:101BC000E0FFE0FFE0FFE0FFE0FFE0FFE0FFE0FF1D
:101BD000E0FFE0FFE0FFE0FFE0FFE0FFE0FFE0FF0D
:101BE000E0FFE0FFE0FFE0FFE0FFE0FFE0FFE0FFFD
:101BF000E0FFE0FFE0FFE0FFE0FFE0FFE0FFE0FFED
:101C0000E0FFE0FFE0FFE0FFE0FFE0FFE0FFE0FFDC
:101C1000E0FFE0FFE0FFE0FFE0FFE0FFE0FFE0FFCC
:101C2000E0FFE0FFE0FFE0FFE0FFE0FFE0FFE0FFBC
:101C3000E0FFE0FFE0FF00E740EFE0FFE0FFE0FF54
:101C4000E0FFE0FFE0FFE0FFE0FFE0FFE0FF00E794
:101C500040EFE0FFE0FFE0FFE0FFE0FFE0FFE0FF3C
:101C6000E0FFE0FFE0FFE0FFE0FFE0FFE0FFE0FF7C
:101C7000E0FFE0FFE0FF406B0000000080B5E0FF08
:101C8000E0FFE0FFE0FFE0FFE0FFE0FFE0FFE0FF5C
:101C9000E0FFE0FFE0FFE0FFE0FFE0FFE0FFE0FF4C
:101CA000E0FFE0FFE0FFE0FFE0FFE0FFE0FFE0FF3C
:101CB000E0FFE0FFE0FFE0FFE0FFE0FFE0FFE0FF2C
:101CC000E0FFE0FFE0FFE0FFE0FFE0FFE0FFE0FF1C
:101CD000E0FFE0FFE0FFE0FFE0FFE0FFE0FFE0FF0C
:101CE000E0FFE0FFE0FFE0FFE0FFE0FFE0FFE0FFFC
:101CF000E0FFE0FFE0FFE0FFE0FFE0FFE0FFE0FFEC
:101D0000E0FFE0FFE0FFE0FFE0FFE0FFE0FFE0FFDB
:101D1000E0FFE0FFE0FFE0FFE0FFE0FFE0FFE0FFCB
:101D2000E0FFE0FFE0FFE0FFE0FFE0FFE0FFE0FFBB
:101D3000E0FFE0FFE0FFE0FFE0FFE0FFE0FFE0FFAB
:101D4000E0FFE0FFE0FFE0FFE0FFE0FFE0FFE0FF9B
:101D5000E0FFE0FFE0FFE0FFE0FFE0FFE0FFE0FF8B
:101D6000E0FFE0FFE0FFE0FFE0FFE0FFE0FFE0FF7B
:101D7000E0FFE0FFE0FFE0FFE0FFE0FFE0FFE0FF6B
:101D8000E0FFE0FFE0FFE0FFE0FFE0FFE0FFE0FF5B
:101D9000E0FFE0FFE0FFE0FFE0FFE0FFE0FFE0FF4B
:101DA000E0FFE0FFE0FFE0FFE0FFE0FFE0FFE0FF3B
:101DB000E0FFE0FFE0FFE0FFE0FFE0FFE0FFE0FF2B
:101DC000E0FFE0FFE0FFE0FFE0FFE0FFE0FFE0FF1B
:101DD000E0FFE0FFE0FFE0FFE0FFE0FFE0FFE0FF0B
:101DE000E0FFE0FFE0FFE0FFE0FFE0FFE0FFE0FFFB
:101DF000E0FFE0FFE0FFE0FFE0FFE0FFE0FFE0FFEB
:101E0000E0FFE0FFE0FFE0FFE0FFE0FFE0FFE0FFDA
:101E1000E0FFE0FFE07B0000000080B5E0FFE0FFB6
:101E2000E0FFE0FFE0FFE0FFE0FFE0FFE07B00001D
:101E3000000080B5E0FFE0FFE0FFE0FFE0FFE0FF33
:101E4000E0FFE0FFE0FFE0FFE0FFE0FFE0FFE0FF9A
:101E5000E0FFE0FFE0FFE0FF00E740EFE0FFE0FF32
:101E6000E0FFE0FFE0FFE0FFE0FFE0FFE0FFE0FF7A
:101E7000E0FFE0FFE0FFE0FFE0FFE0FFE0FFE0FF6A
:101E8000E0FFE0FFE0FFE0FFE0FFE0FFE0FFE0FF5A
:101E9000E0FFE0FFE0FFE0FFE0FFE0FFE0FFE0FF4A
:101EA000E0FFE0FFE0FFE0FFE0FFE0FFE0FFE0FF3A
:101EB000E0FFE0FFE0FFE0FFE0FFE0FFE0FFE0FF2A
:101EC000E0FFE0FFE0FFE0FFE0FFE0FFE0FFE0FF1A
:101ED000E0FFE0FFE0FFE0FFE0FFE0FFE0FFE0FF0A
:101EE000E0FFE0FFE0FFE0FFE0FFE0FFE0FFE0FFFA
:101EF000E0FFE0FFE0FFE0FFE0FFE0FFE0FFE0FFEA
:101F0000E0FFE0FFE0FFE0FFE0FFE0FFE0FFE0FFD9
:101F1000E0FFE0FFE0FFE0FFE0FFE0FFE0FFE0FFC9
:101F2000E0FFE0FFE0FFE0FFE0FFE0FFE0FFE0FFB9
:101F3000E0FFE0FFE0FFE0FFFFFFFFFFFFFFFFFF2D
:101F4000FFFFFFFFFFFFFFFFFFFFFFFFFFFFFFFFA1
:101F5000FFFFFFFFFFFFFFFFFFFFFFFFFFFFFFFF91
:101F6000FFFFFFFFFFFFFFFFFFFFFFFFFFFFFFFF81
:101F7000FFFFFFFFFFFFFFFFFFFFFFFFFFFFFFFF71
:101F8000FFFFFFFFFFFFFFFFFFFFFFFFFFFFFFFF61
:101F9000FFFFFFFFFFFFFFFFFFFFFFFFFFFFFFFF51
:101FA000FFFFFFFFFFFFFFFFFFFFFFFFFFFFFFFF41
:101FB000FFFFFFFFFFFFFFFFFFFFFFFFFFFFFFFF31
:101FC000FFFFFFFFFFFFFFFFFFFFFFFFFFFFFFFF21
:101FD000FFFFFFFFFFFFFFFFFFFFFFFFFFFFFFFF11
:101FE000FFFFFFFFFFFFFFFFFFFFFFFFFFFFFFFF01
:101FF000FFFF1CE70000000000000000FFFFFFFFE4
:10200000FFFFFFFFFFFFFFFFFFFFFFFF00000000DC
:1020100000000000FFFFFFFFFFFFFFFFFFFFFFFFCC
:10202000FFFFFFFFFFFFFFFFFFFFFFFFFFFFFFFFC0
:10203000FFFFFFFFFFFFFFFFFFFFFFFFFFFFFFFFB0
:10204000FFFFFFFFFFFFFFFFFFFFFFFFFFFFFFFFA0
:10205000FFFFFFFFFFFFFFFFFFFFFFFFFFFFFFFF90
:10206000FFFFFFFFFFFFFFFFFFFFFFFFFFFFFFFF80
:10207000FFFFFFFFFFFFFFFFFFFFFFFFFFFFFFFF70
:10208000FFFFFFFFFFFFFFFFFFFFFFFFFFFFFFFF60
:10209000FFFFFFFFFFFFFFFFFFFFFFFFFFFFFFFF50
:1020A000FFFFFFFFFFFFFFFFFFFFFFFFFFFFFFFF40
:1020B000FFFFFFFFFFFFFFFFFFFFFFFFFFFFFFFF30
:1020C000FFFFFFFFFFFFFFFFFFFFFFFFFFFFFFFF20
:1020D000FFFFFFFFFFFFFFFFFFFFFFFFFFFFFFFF10
:1020E000FFFFFFFFFFFFFFFFFFFFFFFFFFFFFFFF00
:1020F000FFFFFFFFFFFFFFFFFFFFFFFFFFFFFFFFF0
:10210000FFFFFFFFFFFFFFFFFFFFFFFFFFFFFFFFDF
:10211000FFFFFFFFFFFFFFFFE0FFE0FFE0FFE0FF4B
:10212000E0FFE0FFE0FFE0FFE0FFE0FFE0FFE0FFB7
:10213000E0FFE0FFE0FFE0FFE0FFE0FFE0FFE0FFA7
:10214000E0FFE0FFE0FFE0FFE0FFE0FFE0FFE0FF97
:10215000E0FFE0FFE0FFE0FFE0FFE0FFE0FFE0FF87
:10216000E0FFE0FFE0FFE0FFE0FFE0FFE0FFE0FF77
:10217000E0FFE0FFE0FFE0FFE0FFE0FFE0FFE0FF67
:10218000E0FFE0FFE0FFE0FFE0FFE0FFE0FFE0FF57
:10219000E0FFE0FFE0FFE0FFE0FFE0FFE0FFE0FF47
:1021A000E0FFE0FFE0FFE0FFE0FFE0FFE0FFE0FF37
:1021B000E0FFE0FFE0FFE0FFE0FFE0FFE0FFE0FF27
:1021C000E0FFE0FFE0FFE0FFE0FFE0FFE0FFE0FF17
:1021D000E0FF00E70000000000000000E0FFE0FF7B
:1021E000E0FFE0FFE0FFE0FFE0FFE0FF00000000B5
:1021F00000000000E0FFE0FFE0FFE0FFE0FFE0FFA5
:10220000E0FFE0FFE0FFE0FFE0FFE0FFE0FFE0FFD6
:10221000E0FFE0FFE0FFE0FFE0FFE0FFE0FFE0FFC6
:10222000E0FFE0FFE0FFE0FFE0FFE0FFE0FFE0FFB6
:10223000E0FFE0FFE0FFE0FFE0FFE0FFE0FFE0FFA6
:10224000E0FFE0FFE0FFE0FFE0FFE0FFE0FFE0FF96
:10225000E0FFE0FFE0FFE0FFE0FFE0FFE0FFE0FF86
:10226000E0FFE0FFE0FFE0FFE0FFE0FFE0FFE0FF76
:10227000E0FFE0FFE0FFE0FFE0FFE0FFE0FFE0FF66
:10228000E0FFE0FFE0FFE0FFE0FFE0FFE0FFE0FF56
:10229000E0FFE0FFE0FFE0FFE0FFE0FFE0FFE0FF46
:1022A000E0FFE0FFE0FFE0FFE0FFE0FFE0FFE0FF36
:1022B000E0FFE0FFE0FFE0FFE0FFE0FFE0FFE0FF26
:1022C000E0FFE0FFE0FFE0FFE0FFE0FFE0FFE0FF16
:1022D000E0FFE0FFE0FFE0FFE0FFE0FFE0FFE0FF06
:1022E000E0FFE0FFE0FFE0FFE0FFE0FFE0FFE0FFF6
:1022F000E0FFE0FFE0FFE0FFE0FFE0FFE0FFE0FFE6
:10230000E0FFE0FFE0FFE0FFE0FFE0FFE0FFE0FFD5
:10231000E0FFE0FFE0FFE0FFE0FFE0FFE0FFE0FFC5
:10232000E0FFE0FFE0FFE0FFE0FFE0FFE0FFE0FFB5
:10233000E0FFE0FFE0FFE0FFE0FFE0FFE0FFE0FFA5
:10234000E0FFE0FFE0FFE0FFE0FFE0FFE0FFE0FF95
:10235000E0FFE0FFE0FFE0FFE0FFE0FFE0FFE0FF85
:10236000E0FFE0FFE0FFE0FFE0FFE0FFE0FFE0FF75
:10237000E0FFE0FFE0FFE0FFE0FFE0FFE0FFE0FF65
:10238000E0FFE0FFE0FFE0FFE0FFE0FFE0FFE0FF55
:10239000E0FFE0FFE0FFE0FFE0FFE0FFE0FFE0FF45
:1023A000E0FFE0FFE0FFE0FFE0FFE0FFE0FFE0FF35
:1023B000E0FFE0FF406B0000000080B5E0FFE0FFC1
:1023C000E0FFE0FFE0FFE0FFE0FFE0FF406B000028
:1023D000000080B5E0FFE0FFE0FFE0FFE0FFE0FF8E
:1023E000E0FFE0FFE0FFE0FFE0FFE0FFE0FFE0FFF5
:1023F000E0FFE0FFE0FFE0FFE0FFE0FFE0FFE0FFE5
:10240000E0FFE0FFE0FFE0FFE0FFE0FFE0FFE0FFD4
:10241000E0FFE0FFE0FFE0FFE0FFE0FFE0FFE0FFC4
:10242000E0FFE0FFE0FFE0FFE0FFE0FFE0FFE0FFB4
:10243000E0FFE0FFE0FFE0FFE0FFE0FFE0FFE0FFA4
:10244000E0FFE0FFE0FFE0FFE0FFE0FFE0FFE0FF94
:10245000E0FFE0FFE0FFE0FFE0FFE0FFE0FFE0FF84
:10246000E0FFE0FFE0FFE0FFE0FFE0FFE0FFE0FF74
:10247000E0FFE0FFE0FFE0FFE0FFE0FFE0FFE0FF64
:10248000E0FFE0FFE0FFE0FFE0FFE0FFE0FFE0FF54
:10249000E0FFE0FFE0FFE0FFE0FFE0FFE0FFE0FF44
:1024A000E0FFE0FFE0FFE0FFE0FFE0FFE0FFE0FF34
:1024B000E0FFE0FFE0FFE0FFE0FFE0FFE0FFE0FF24
:1024C000E0FFE0FFE0FFE0FFE0FFE0FFE0FFE0FF14
:1024D000E0FFE0FFE0FFE0FFE0FFE0FFE0FFE0FF04
:1024E000E0FFE0FFE0FFE0FFE0FFE0FFE0FFE0FFF4
:1024F000E0FFE0FFE0FFE0FFE0FFE0FFE0FFE0FFE4
:10250000E0FFE0FFE0FFE0FFE0FFE0FFE0FFE0FFD3
:10251000E0FFE0FFE0FFE0FFE0FFE0FFE0FFE0FFC3
:10252000E0FFE0FFE0FFE0FFE0FFE0FFE0FFE0FFB3
:10253000E0FFE0FFE0FFE0FFE0FFE0FFE0FFE0FFA3
:10254000E0FFE0FFE0FFE0FFE0FFE0FFE0FFE0FF93
:10255000E0FFE0FFE0FFE0FFE0FFE0FFE0FFE0FF83
:10256000E0FFE0FFE0FFE0FFE0FFE0FFE0FFE0FF73
:10257000E0FFE0FFE0FFE0FFE0FFE0FFE0FFE0FF63
:10258000E0FFE0FFE0FFE0FFE0FFE0FFE0FFE0FF53
:10259000E0FFE0FFE0FFE0FFE0FFE0FFE0FFE0FF43
:1025A000E0FFE0FFE0FFE0FFE0FFE0FFE0FFE0FF33
:1025B000E0FFE0FFE0FFE0FFE0FFE0FFE0FFE0FF23
:1025C000E0FFE0FFE0FFE0FFE0FFE0FFE0FFE0FF13
:1025D000E0FFE0FFE0FFE0FFE0FFE0FFE0FFE0FF03
:1025E000E0FFE0FFE0FFE0FFE0FFE0FFE0FFE0FFF3
:1025F000E0FFE0FFE0FFE0FFE0FFE0FFE0FFE0FFE3
:10260000E0FFE0FFE0FFE0FFE0FFE0FFE0FFE0FFD2
:10261000E0FFE0FFE0FFE0FFE0FFE0FFE0FFE0FFC2
:10262000E0FFE0FFE0FFE0FFE0FFE0FFE0FFE0FFB2
:10263000E0FFE0FFE0FFE0FFE0FFE0FFE0FFE0FFA2
:10264000E0FFE0FFE0FFE0FFE0FFE0FFE0FFE0FF92
:10265000E0FFE0FFE0FFE0FFE0FFE0FFE0FFE0FF82
:10266000E0FFE0FFE0FFE0FFE0FFE0FFE0FFE0FF72
:10267000E0FFE0FFE0FFE0FFE0FFE0FFE0FFE0FF62
:10268000E0FFE0FFE0FFE0FFE0FFE0FFE0FFE0FF52
:10269000E0FFE0FFE0FFE0FFE0FFE0FFE0FFE0FF42
:1026A000E0FFE0FFE0FFE0FFE0FFE0FFE0FFE0FF32
:1026B000E0FFE0FFE0FFE0FFE0FFE0FFE0FFE0FF22
:1026C000E0FFE0FFE0FFE0FFE0FFE0FFE0FFE0FF12
:1026D000E0FFE0FFE0FFE0FFE0FFE0FFE0FFE0FF02
:1026E000E0FFE0FFE0FFE0FFE0FFE0FFE0FFE0FFF2
:1026F000E0FFE0FFE0FFE0FFE0FFE0FFE0FFE0FFE2
:10270000E0FFE0FFE0FFE0FFE0FFE0FFE0FFE0FFD1
:10271000E0FFE0FFE0FFE0FFE0FFE0FFE0FFE0FFC1
:10272000E0FFE0FFE0FFE0FFE0FFE0FFE0FFE0FFB1
:10273000E0FFE0FFE0FFE0FFE0FFE0FFE0FFE0FFA1
:10274000E0FFE0FFE0FFE0FFE0FFE0FFE0FFE0FF91
:10275000E0FFE0FFE0FFE0FFE0FFE0FFE0FFE0FF81
:10276000E0FFE0FFE0FFE0FFE0FFE0FFE0FFE0FF71
:10277000E0FFE0FFE0FFE0FFE0FFE0FFE0FFE0FF61
:10278000E0FFE0FFE0FFE0FFE0FFE0FFE0FFE0FF51
:10279000E0FFE0FFE0FFE0FFE0FFE0FFE0FFE0FF41
:1027A000E0FFE0FFE0FFE0FFE0FFE0FFE0FFE0FF31
:1027B000E0FFE0FFE0FFE0FFE0FFE0FFE0FFE0FF21
:1027C000E0FFE0FFE0FFE0FFE0FFE0FFE0FFE0FF11
:1027D000E0FFE0FFE0FFE0FFE0FFE0FFE0FFE0FF01
:1027E000E0FFE0FFE0FFE0FFE0FFE0FFE0FFE0FFF1
:1027F000E0FFE0FFE0FFE0FFE0FFE0FFE0FFE0FFE1
:10280000E0FFE0FFE0FFE0FFE0FFE0FFE0FFE0FFD0
:10281000E0FFE0FFE0FFE0FFE0FFE0FFE0FFE0FFC0
:10282000E0FFE0FFE0FFE0FFE0FFE0FFE0FFE0FFB0
:10283000E0FFE0FFE0FFE0FFE0FFE0FFE0FFE0FFA0
:10284000E0FFE0FFE0FFE0FFE0FFE0FFE0FFE0FF90
:10285000E0FFE0FFE0FFE0FFE0FFE0FFE0FFE0FF80
:10286000E0FFE0FFE0FFE0FFE0FFE0FFE0FFE0FF70
:10287000E0FFE0FFE0FFE0FFE0FFE0FFE0FFE0FF60
:10288000E0FFE0FFE0FFE0FFE0FFE0FFE0FFE0FF50
:10289000E0FFE0FFE0FFE0FFE0FFE0FFE0FFE0FF40
:1028A000E0FFE0FFE0FFE0FFE0FFE0FFE0FFE0FF30
:1028B000E0FFE0FFE0FFE0FFE0FFE0FFE0FFE0FF20
:1028C000E0FFE0FFE0FFE0FFE0FFE0FFE0FFE0FF10
:1028D000E0FFE0FFE0FFE0FFE0FFE0FFE0FFE0FF00
:1028E000E0FFE0FFE0FFE0FFE0FFE0FFE0FFE0FFF0
:1028F000E0FFE0FFE0FFE0FFE0FFE0FFE0FFE0FFE0
:10290000E0FFE0FFE0FFE0FFE0FFE0FFE0FFE0FFCF
:10291000E0FFE0FFE0FFE0FFE0FFE0FFE0FFE0FFBF
:10292000E0FFE0FFE0FFE0FFE0FFE0FFE0FFE0FFAF
:10293000E0FFE0FFE0FFE0FFE0FFE0FFE0FFE0FF9F
:10294000E0FFE0FFE0FFE0FFE0FFE0FFE0FFE0FF8F
:10295000E0FFE0FFE0FFE0FFE0FFE0FFE0FFE0FF7F
:10296000E0FFE0FFE0FFE0FFE0FFE0FFE0FFE0FF6F
:10297000E0FFE0FFE0FFE0FFE0FFE0FFE0FFE0FF5F
:10298000E0FFE0FFE0FFE0FFE0FFE0FFE0FFE0FF4F
:10299000E0FFE0FFE0FFE0FFE0FFE0FFE0FFE0FF3F
:1029A000E0FFE0FFE0FFE0FFE0FFE0FFE0FFE0FF2F
:1029B000E0FFE0FFE0FFE0FFE0FFE0FFE0FFE0FF1F
:1029C000E0FFE0FFE0FFE0FFE0FFE0FFE0FFE0FF0F
:1029D000E0FFE0FFE0FFE0FFE0FFE0FFE0FFE0FFFF
:1029E000E0FFE0FFE0FFE0FFE0FFE0FFE0FFE0FFEF
:1029F000E0FFE0FFE0FFE0FFE0FFE0FFE0FFE0FFDF
:102A0000E0FFE0FFE0FFE0FFE0FFE0FFE0FFE0FFCE
:102A1000E0FFE0FFE0FFE0FFE0FFE0FFE0FFE0FFBE
:102A2000E0FFE0FFE0FFE0FFE0FFE0FFE0FFE0FFAE
:102A3000E0FFE0FFE0FFE0FFE0FFE0FFE0FFE0FF9E
:102A4000E0FFE0FFE0FFE0FFE0FFE0FFE0FFE0FF8E
:102A5000E0FFE0FFE0FFE0FFE0FFE0FFE0FFE0FF7E
:102A6000E0FFE0FFE0FFE0FFE0FFE0FFE0FFE0FF6E
:102A7000E0FFE0FFE0FFE0FFE0FFE0FFE0FFE0FF5E
:102A8000E0FFE0FFE0FFE0FFE0FFE0FFE0FFE0FF4E
:102A9000E0FFE0FFE0FFE0FFE0FFE0FFE0FFE0FF3E
:102AA000E0FFE0FFE0FFE0FFE0FFE0FFE0FFE0FF2E
:102AB000E0FFE0FFE0FFE0FFE0FFE0FFE0FFE0FF1E
:102AC000E0FFE0FFE0FFE0FFE0FFE0FFE0FFE0FF0E
:102AD000E0FFE0FFE0FFE0FFE0FFE0FFE0FFE0FFFE
:102AE000E0FFE0FFE0FFE0FFE0FFE0FFE0FFE0FFEE
:102AF000E0FFE0FFE0FFE0FFE0FFE0FFE0FFE0FFDE
:102B0000E0FFE0FFE0FFE0FFE0FFE0FFE0FFE0FFCD
:102B1000E0FFE0FFE0FFE0FFE0FFE0FFE0FFE0FFBD
:102B2000E0FFE0FFE0FFE0FFE0FFE0FFE0FFE0FFAD
:102B3000E0FFE0FFE0FFE0FFE0FFE0FFE0FFE0FF9D
:102B4000E0FFE0FFE0FFE0FFE0FFE0FFE0FFE0FF8D
:102B5000E0FFE0FFE0FFE0FFE0FFE0FFE0FFE0FF7D
:102B6000E0FFE0FFE0FFE0FFE0FFE0FFE0FFE0FF6D
:102B7000E0FFE0FFE0FFE0FFE0FFE0FFE0FFE0FF5D
:102B8000E0FFE0FFE0FFE0FFE0FFE0FFE0FFE0FF4D
:102B9000E0FFE0FFE0FFE0FFE0FFE0FFE0FFE0FF3D
:102BA000E0FFE0FFE0FFE0FFE0FFE0FFE0FFE0FF2D
:102BB000E0FFE0FFE0FFE0FFE0FFE0FFE0FFE0FF1D
:102BC000E0FFE0FFE0FFE0FFE0FFE0FFE0FFE0FF0D
:102BD000E0FFE0FFE0FFE0FFE0FFE0FFE0FFE0FFFD
:102BE000E0FFE0FFE0FFE0FFE0FFE0FFE0FFE0FFED
:102BF000E0FFE0FFE0FFE0FFE0FFE0FFE0FFE0FFDD
:102C0000E0FFE0FFE0FFE0FFE0FFE0FFE0FFE0FFCC
:102C1000E0FFE0FFE0FFE0FFE0FFE0FFE0FFE0FFBC
:102C2000E0FFE0FFE0FFE0FFE0FFE0FFE0FFE0FFAC
:102C3000E0FFE0FFE0FFE0FFE0FFE0FFE0FFE0FF9C
:102C4000E0FFE0FFE0FFE0FFE0FFE0FFE0FFE0FF8C
:102C5000E0FFE0FFE0FFE0FFE0FFE0FFE0FFE0FF7C
:102C6000E0FFE0FFE0FFE0FFE0FFE0FFE0FFE0FF6C
:102C7000E0FFE0FFE0FFE0FFE0FFE0FFE0FFE0FF5C
:102C8000E0FFE0FFE0FFE0FFE0FFE0FFE0FFE0FF4C
:102C9000E0FFE0FFE0FFE0FFE0FFE0FFE0FFE0FF3C
:102CA000E0FFE0FFE0FFE0FFE0FFE0FFE0FFE0FF2C
:102CB000E0FFE0FFE0FFE0FFE0FFE0FFE0FFE0FF1C
:102CC000E0FFE0FFE0FFE0FFE0FFE0FFE0FFE0FF0C
:102CD000E0FFE0FFE0FFE0FFE0FFE0FFE0FF0000DB
:102CE00000000000E0FFE0FFE0FFE0FFE0FFE0FFAA
:102CF000E0FFE0FFE0FFE0FFE0FFE0FFE0FFE0FFDC
:102D0000E0FFE0FFE0FFE0FFE0FFE0FFE0FFE0FFCB
:102D1000E0FFE0FFE0FFE0FFE0FFE0FFE0FFE0FFBB
:102D2000E0FFE0FFE0FFE0FFE0FFE0FFE0FFE0FFAB
:102D3000E0FFE0FFE0FFE0FFE0FFE0FFE0FFE0FF9B
:102D4000E0FFE0FFE0FFE0FFE0FFE0FF0000000049
:102D50000000E0FFE0FFE0FFE0FFE0FFE0FFE0FF5A
:102D6000E0FFE0FFE0FFE0FFE0FFE0FFE0FFE0FF6B
:102D7000E0FFE0FFE0FFE0FFE0FFE0FFE0FFE0FF5B
:102D8000E0FFE0FFE0FFE0FFE0FFE0FFE0FFE0FF4B
:102D9000E0FFE0FFE0FFE0FFE0FFE0FFE0FFE0FF3B
:102DA000E0FFE0FFE0FFE0FFE0FFE0FFE0FFE0FF2B
:102DB000E0FFE0FFE0FF000000000000E0FFE0FFB8
:102DC000E0FFE0FFE0FFE0FFE0FFE0FFE0FFE0FF0B
:102DD000E0FFE0FFE0FFE0FFE0FFE0FFE0FFE0FFFB
:102DE000E0FFE0FFE0FFE0FFE0FFE0FFE0FFE0FFEB
:102DF000E0FFE0FFE0FFE0FFE0FFE0FFE0FFE0FFDB
:102E0000E0FFE0FFE0FFE0FFE0FFE0FFE0FFE0FFCA
:102E1000E0FFE0FFE0FFE0FFE0FF00000000000057
:102E2000E0FFE0FFE0FFE0FFE0FFE0FFE0FFE0FFAA
:102E3000E0FFE0FFE0FFE0FFE0FFE0FFE0FFE0FF9A
:102E4000E0FFE0FFE0FFE0FFE0FFE0FFE0FFE0FF8A
:102E5000E0FFE0FFE0FFE0FFE0FFE0FFE0FFE0FF7A
:102E6000E0FFE0FFE0FFE0FFE0FFE0FFE0FFE0FF6A
:102E7000E0FFE0FFE0FFE0FFE0FFE0FFE0FFE0FF5A
:102E8000E0FFE0FFE0FFE0FFE0FFE0FFE0FFE0FF4A
:102E9000E0FFE0FFE0FFE0FFE0FFE0FFE0FFE0FF3A
:102EA000E0FFE0FFE0FFE0FFE0FFE0FFE0FFE0FF2A
:102EB000E0FFE0FFE0FFE0FFE0FFE0FFE0FF0000F9
:102EC00000000000E0FFE0FFE0FFE0FFE0FFE0FFC8
:102ED000E0FFE0FFE0FFE0FFE0FFE0FFE0FFE0FFFA
:102EE000E0FFE0FFE0FFE0FFE0FFE0FFE0FFE0FFEA
:102EF000E0FFE0FFE0FFE0FFE0FFE0FFE0FFE0FFDA
:102F0000E0FFE0FFE0FFE0FFE0FFE0FFE0FFE0FFC9
:102F1000E0FFE0FFE0FFE0FFE0FFE0FFE0FFE0FFB9
:102F2000E0FFE0FFE0FFE0FFE0FFE0FF0000000067
:102F30000000E0FFE0FFE0FFE0FFE0FFE0FFE0FF78
:102F4000E0FFE0FFE0FFE0FFE0FFE0FFE0FFE0FF89
:102F5000E0FFE0FFE0FFE0FFE0FFE0FFE0FFE0FF79
:102F6000E0FFE0FFE0FFE0FFE0FFE0FFE0FFE0FF69
:102F7000E0FFE0FFE0FFE0FFE0FFE0FFE0FFE0FF59
:102F8000E0FFE0FFE0FFE0FFE0FFE0FFE0FFE0FF49
:102F9000E0FFE0FFE0FF000000000000E0FFE0FFD6
:102FA000E0FFE0FFE0FFE0FFE0FFE0FFE0FFE0FF29
:102FB000E0FFE0FFE0FFE0FFE0FFE0FFE0FFE0FF19
:102FC000E0FFE0FFE0FFE0FFE0FFE0FFE0FFE0FF09
:102FD000E0FFE0FFE0FFE0FFE0FFE0FFE0FFE0FFF9
:102FE000E0FFE0FFE0FFE0FFE0FFE0FFE0FFE0FFE9
:102FF000E0FFE0FFE0FFE0FFE0FF00000000000076
:10300000E0FFE0FFE0FFE0FFE0FFE0FFE0FFE0FFC8
:10301000E0FFE0FFE0FFE0FFE0FFE0FFE0FFE0FFB8
:10302000E0FFE0FFE0FFE0FFE0FFE0FFE0FFE0FFA8
:10303000E0FFE0FFE0FFE0FFE0FFE0FFE0FFE0FF98
:10304000E0FFE0FFE0FFE0FFE0FFE0FFE0FFE0FF88
:10305000E0FFE0FFE0FFE0FFE0FFE0FFE0FFE0FF78
:10306000E0FFE0FFE0FFE0FFE0FFE0FFE0FFE0FF68
:10307000E0FFE0FFE0FFE0FFE0FFE0FFE0FFE0FF58
:10308000E0FFE0FFE0FFE0FFE0FFE0FFE0FFE0FF48
:10309000E0FFE0FFE0FFE0FFE0FFE0FFE0FF000017
:1030A00000000000E0FFE0FFE0FFE0FFE0FFE0FFE6
:1030B000E0FFE0FFE0FFE0FFE0FFE0FFE0FFE0FF18
:1030C000E0FFE0FFE0FFE0FFE0FFE0FFE0FFE0FF08
:1030D000E0FFE0FFE0FFE0FFE0FFE0FFE0FFE0FFF8
:1030E000E0FFE0FFE0FFE0FFE0FFE0FFE0FFE0FFE8
:1030F000E0FFE0FFE0FFE0FFE0FFE0FFE0FFE0FFD8
:10310000E0FFE0FFE0FFE0FFE0FFE0FF0000000085
:103110000000E0FFE0FFE0FFE0FFE0FFE0FFE0FF96
:10312000E0FFE0FFE0FFE0FFE0FFE0FFE0FFE0FFA7
:10313000E0FFE0FFE0FFE0FFE0FFE0FFE0FFE0FF97
:10314000E0FFE0FFE0FFE0FFE0FFE0FFE0FFE0FF87
:10315000E0FFE0FFE0FFE0FFE0FFE0FFE0FFE0FF77
:10316000E0FFE0FFE0FFE0FFE0FFE0FFE0FFE0FF67
:10317000E0FFE0FFE0FF000000000000E0FFE0FFF4
:10318000E0FFE0FFE0FFE0FFE0FFE0FFE0FFE0FF47
:10319000E0FFE0FFE0FFE0FFE0FFE0FFE0FFE0FF37
:1031A000E0FFE0FFE0FFE0FFE0FFE0FFE0FFE0FF27
:1031B000E0FFE0FFE0FFE0FFE0FFE0FFE0FFE0FF17
:1031C000E0FFE0FFE0FFE0FFE0FFE0FFE0FFE0FF07
:1031D000E0FFE0FFE0FFE0FFE0FF00000000000094
:1031E000E0FFE0FFE0FFE0FFE0FFE0FFE0FFE0FFE7
:1031F000E0FFE0FFE0FFE0FFE0FFE0FFE0FFE0FFD7
:10320000E0FFE0FFE0FFE0FFE0FFE0FFE0FFE0FFC6
:10321000E0FFE0FFE0FFE0FFE0FFE0FFE0FFE0FFB6
:10322000E0FFE0FFE0FFE0FF00000000E0FFE0FF64
:10323000E0FFE0FFE0FFE0FFE0FFE0FFE0FFE0FF96
:10324000E0FFE0FFE0FFE0FFE0FFE0FFE0FFE0FF86
:10325000E0FF00000000E0FFE0FFE0FFE0FFE0FF34
:10326000E0FFE0FFE0FFE0FFE0FF00000000000003
:10327000E0FFE0FFE0FFE0FFE0FFE0FFE0FF000035
:1032800000000000E0FFE0FFE0FFE0FFE0FFE0FF04
:10329000E0FFE0FF0000000000000000E0FFE0FFB2
:1032A000E0FFE0FFE0FFE0FFE0FF000000000000C3
:1032B0000000E0FFE0FFE0FFE0FFE0FFE0FFE0FFF5
:1032C00000000000000000000000E0FFE0FFE0FF61
:1032D000E0FFE0FFE0FFE0FFE0FF0000E0FFE0FFD5
:1032E000E0FFE0FFE0FFE0FFE0FFE0FF00000000A4
:1032F0000000E0FFE0FFE0FFE0FFE0FFE0FFE0FFB5
:103300000000000000000000E0FFE0FFE0FFE0FF41
:10331000E0FFE0FFE0FFE0FF00000000E0FFE0FF73
:10332000E0FFE0FFE0FFE0FFE0FFE0FFE0FFE0FFA5
:10333000E0FFE0FFE0FFE0FFE0FFE0FFE0FFE0FF95
:10334000E0FFE0FF000000000000E0FFE0FFE0FF22
:10335000E0FFE0FFE0FF000000000000E0FFE0FF12
:10336000E0FFE0FFE0FFE0FFE0FFE0FFE0FFE0FF65
:10337000E0FFE0FFE0FFE0FFE0FFE0FFE0FFE0FF55
:10338000E0FFE0FFE0FFE0FFE0FFE0FFE0FFE0FF45
:10339000E0FFE0FFE0FFE0FFE0FFE0FFE0FFE0FF35
:1033A000E0FFE0FFE0FFE0FFE0FFE0FFE0FFE0FF25
:1033B000E0FFE0FFE0FFE0FFE0FF000000000000B2
:1033C000E0FFE0FFE0FFE0FFE0FFE0FFE0FFE0FF05
:1033D000E0FFE0FFE0FFE0FFE0FFE0FFE0FFE0FFF5
:1033E000E0FFE0FFE0FFE0FFE0FFE0FFE0FFE0FFE5
:1033F000E0FFE0FFE0FFE0FFE0FFE0FFE0FFE0FFD5
:10340000E0FFE0FFE0FFE0FF00000000E0FFE0FF82
:10341000E0FFE0FFE0FFE0FFE0FFE0FFE0FFE0FFB4
:10342000E0FFE0FFE0FFE0FFE0FFE0FFE0FFE0FFA4
:10343000E0FF00000000E0FFE0FFE0FFE0FFE0FF52
:10344000E0FFE0FFE0FFE0FFE0FF00000000E0FF42
:10345000E0FFE0FFE0FFE0FFE0FFE0FFE0FF000053
:1034600000000000E0FFE0FFE0FFE0FFE0FFE0FF22
:103470000000000000000000000000000000E0FF6D
:10348000E0FFE0FFE0FFE0FF0000000000000000C0
:1034900000000000E0FFE0FFE0FFE0FFE0FF0000D1
:1034A000000000000000000000000000E0FFE0FF5E
:1034B000E0FFE0FFE0FFE0FF00000000E0FFE0FFD2
:1034C000E0FFE0FFE0FFE0FFE0FFE0FF00000000C2
:1034D0000000E0FFE0FFE0FFE0FFE0FF0000000091
:1034E00000000000000000000000E0FFE0FFE0FF3F
:1034F000E0FFE0FFE0FF000000000000E0FFE0FF71
:10350000E0FFE0FFE0FF000000000000000000001E
:1035100000000000000000000000E0FFE0FFE0FF0E
:10352000E0FFE0FF00000000E0FFE0FFE0FFE0FF61
:10353000E0FFE0FFE0FF000000000000E0FFE0FF30
:10354000E0FFE0FFE0FF00000000000000000000DE
:10355000000000000000E0FFE0FFE0FFE0FFE0FF10
:10356000E0FFE0FFE0FFE0FFE0FFE0FFE0FFE0FF63
:10357000E0FFE0FFE0FFE0FFE0FFE0FFE0FFE0FF53
:10358000E0FFE0FFE0FFE0FFE0FFE0FFE0FFE0FF43
:10359000E0FFE0FFE0FFE0FFE0FF000000000000D0
:1035A000E0FFE0FFE0FFE0FFE0FFE0FFE0FFE0FF23
:1035B000E0FFE0FFE0FFE0FFE0FFE0FFE0FFE0FF13
:1035C000E0FFE0FFE0FFE0FFE0FFE0FFE0FFE0FF03
:1035D000E0FFE0FFE0FFE0FFE0FFE0FFE0FFE0FFF3
:1035E000E0FFE0FFE0FF000000000000E0FFE0FF80
:1035F000E0FFE0FFE0FFE0FFE0FFE0FFE0FFE0FFD3
:10360000E0FFE0FFE0FFE0FFE0FFE0FFE0FFE0FFC2
:10361000000000000000E0FFE0FFE0FFE0FFE0FF4F
:10362000E0FFE0FFE0FFE0FF00000000E0FFE0FF60
:10363000E0FFE0FFE0FFE0FFE0FFE0FFE0FF000071
:1036400000000000E0FFE0FFE0FFE0FFE0FFE0FF40
:10365000000000000000E0FF00000000000000008B
:10366000E0FFE0FFE0FF000000000000E0FFE0FFFF
:10367000E0FF00000000E0FFE0FFE0FFE0FF0000EF
:103680000000E0FFE0FF000000000000E0FFE0FFBE
:10369000E0FFE0FFE0FF000000000000E0FFE0FFCF
:1036A000E0FFE0FFE0FFE0FFE0FFE0FF00000000E0
:1036B0000000E0FFE0FFE0FFE0FFE0FF00000000AF
:1036C0000000E0FF0000000000000000E0FFE0FF5D
:1036D000E0FFE0FF0000000000000000E0FFE0FF6E
:1036E000E0FFE0FFE0FFE0FFE0FFE0FFE0FFE0FFE2
:1036F000E0FFE0FF000000000000E0FFE0FFE0FF6F
:10370000E0FF000000000000E0FFE0FFE0FFE0FF5E
:10371000E0FFE0FFE0FF000000000000E0FFE0FF4E
:10372000E0FFE0FFE0FF000000000000E0FFE0FF3E
:10373000E0FFE0FFE0FFE0FFE0FFE0FFE0FFE0FF91
:10374000E0FFE0FFE0FFE0FFE0FFE0FFE0FFE0FF81
:10375000E0FFE0FFE0FFE0FFE0FFE0FFE0FFE0FF71
:10376000E0FFE0FFE0FFE0FFE0FFE0FFE0FFE0FF61
:10377000E0FFE0FFE0FFE0FFE0FF000000000000EE
:10378000E0FFE0FFE0FFE0FFE0FFE0FFE0FFE0FF41
:10379000E0FFE0FFE0FFE0FFE0FFE0FFE0FFE0FF31
:1037A000E0FFE0FFE0FFE0FFE0FFE0FFE0FFE0FF21
:1037B000E0FFE0FFE0FFE0FFE0FFE0FFE0FFE0FF11
:1037C000E0FFE0FF0000000000000000E0FFE0FF7D
:1037D000E0FFE0FFE0FFE0FFE0FFE0FFE0FFE0FFF1
:1037E000E0FFE0FFE0FFE0FFE0FFE0FFE0FF0000C0
:1037F000000000000000E0FFE0FFE0FFE0FFE0FF6E
:10380000E0FFE0FFE0FFE0FF00000000E0FFE0FF7E
:10381000E0FFE0FFE0FFE0FFE0FFE0FFE0FF00008F
:1038200000000000E0FFE0FFE0FFE0FFE0FF00003D
:1038300000000000E0FFE0FFE0FF000000000000EB
:10384000E0FFE0FF000000000000E0FFE0FFE0FF1D
:10385000E0FF00000000E0FFE0FFE0FF00000000EC
:10386000E0FFE0FFE0FFE0FF00000000E0FFE0FF1E
:10387000E0FFE0FF0000000000000000E0FFE0FFCC
:10388000E0FFE0FFE0FFE0FFE0FFE0FF00000000FE
:103890000000E0FFE0FFE0FFE0FF000000000000AC
:1038A000E0FFE0FFE0FF000000000000E0FFE0FFBD
:1038B000E0FF00000000000000000000E0FFE0FF6B
:1038C000E0FFE0FFE0FFE0FFE0FFE0FFE0FFE0FF00
:1038D000E0FF000000000000E0FFE0FFE0FFE0FF8D
:1038E000E0FF000000000000E0FFE0FFE0FFE0FF7D
:1038F000E0FFE0FFE0FF000000000000E0FFE0FF6D
:10390000E0FFE0FFE0FF000000000000E0FFE0FF5C
:10391000E0FFE0FFE0FFE0FFE0FFE0FFE0FFE0FFAF
:10392000E0FFE0FFE0FFE0FFE0FFE0FFE0FFE0FF9F
:10393000E0FFE0FFE0FFE0FFE0FFE0FFE0FFE0FF8F
:10394000E0FFE0FFE0FFE0FFE0FFE0FFE0FFE0FF7F
:10395000E0FFE0FFE0FFE0FFE0FF0000000000000C
:10396000E0FFE0FFE0FFE0FFE0FFE0FFE0FFE0FF5F
:10397000E0FFE0FFE0FFE0FFE0FFE0FFE0FFE0FF4F
:10398000E0FFE0FFE0FFE0FFE0FFE0FFE0FFE0FF3F
:10399000E0FFE0FFE0FFE0FFE0FFE0FFE0FFE0FF2F
:1039A000E0FF00000000000000000000E0FFE0FF7A
:1039B000E0FFE0FFE0FFE0FFE0FFE0FFE0FFE0FF0F
:1039C000E0FFE0FFE0FFE0FFE0FFE0FF00000000BD
:1039D000000000000000E0FFE0FFE0FFE0FFE0FF8C
:1039E000E0FFE0FFE0FF000000000000E0FFE0FF7C
:1039F000E0FFE0FFE0FFE0FFE0FFE0FFE0FF0000AE
:103A000000000000E0FFE0FFE0FFE0FFE0FF00005B
:103A100000000000E0FFE0FFE0FF00000000000009
:103A2000E0FFE0FF000000000000E0FFE0FFE0FF3B
:103A3000E0FF00000000E0FFE0FFE0FF000000000A
:103A4000E0FFE0FFE0FFE0FF00000000E0FFE0FF3C
:103A5000E0FF00000000000000000000E0FFE0FFC9
:103A6000E0FFE0FFE0FFE0FFE0FFE0FF000000001C
:103A70000000E0FFE0FFE0FFE0FF000000000000CA
:103A8000E0FFE0FFE0FF000000000000E0FFE0FFDB
:103A9000E0FF00000000000000000000E0FFE0FF89
:103AA000E0FFE0FFE0FFE0FFE0FFE0FFE0FFE0FF1E
:103AB000E0FF000000000000E0FFE0FFE0FFE0FFAB
:103AC000000000000000E0FFE0FFE0FFE0FFE0FF9B
:103AD000E0FFE0FFE0FF000000000000E0FFE0FF8B
:103AE000E0FFE0FFE0FF000000000000E0FFE0FF7B
:103AF000E0FFE0FFE0FFE0FFE0FFE0FFE0FFE0FFCE
:103B0000E0FFE0FFE0FFE0FFE0FFE0FFE0FFE0FFBD
:103B1000E0FFE0FFE0FFE0FFE0FFE0FFE0FFE0FFAD
:103B2000E0FFE0FFE0FFE0FFE0FFE0FFE0FFE0FF9D
:103B3000E0FFE0FFE0FFE0FFE0FF0000000000002A
:103B4000E0FFE0FFE0FFE0FFE0FFE0FFE0FFE0FF7D
:103B5000E0FFE0FFE0FFE0FFE0FFE0FFE0FFE0FF6D
:103B6000E0FFE0FFE0FFE0FFE0FFE0FFE0FFE0FF5D
:103B7000E0FFE0FFE0FFE0FFE0FFE0FFE0FFE0FF4D
:103B8000E0FFE0FFE0FFE0FF00000000E0FFE0FFFB
:103B9000E0FFE0FFE0FFE0FFE0FFE0FFE0FFE0FF2D
:103BA000E0FFE0FFE0FFE0FFE0FFE0FFE0FFE0FF1D
:103BB000E0FF00000000E0FFE0FFE0FFE0FFE0FFCB
:103BC000E0FFE0FF00000000000000000000E0FF58
:103BD000E0FFE0FFE0FFE0FFE0FFE0FFE0FF0000CC
:103BE00000000000E0FFE0FFE0FFE0FFE0FFE0FF9B
:103BF000E0FFE0FFE0FFE0FFE0FF0000000000006A
:103C0000E0FFE0FFE0FFE0FFE0FFE0FFE0FFE0FFBC
:103C1000E0FF00000000E0FFE0FFE0FFE0FFE0FF6A
:103C2000E0FFE0FFE0FFE0FF00000000E0FFE0FF5A
:103C3000E0FFE0FFE0FFE0FF00000000E0FFE0FF4A
:103C4000E0FFE0FFE0FFE0FFE0FFE0FF000000003A
:103C50000000E0FFE0FFE0FFE0FFE0FFE0FFE0FF4B
:103C6000E0FFE0FFE0FF000000000000E0FFE0FFF9
:103C7000E0FFE0FFE0FF000000000000E0FFE0FFE9
:103C8000E0FFE0FFE0FFE0FFE0FFE0FFE0FFE0FF3C
:103C9000000000000000E0FFE0FFE0FFE0FF0000A8
:103CA0000000000000000000E0FFE0FFE0FFE0FF98
:103CB000E0FFE0FFE0FF000000000000E0FFE0FFA9
:103CC000E0FFE0FF00000000000000000000000036
:103CD00000000000E0FFE0FFE0FFE0FFE0FFE0FFAA
:103CE000E0FFE0FFE0FFE0FFE0FFE0FFE0FFE0FFDC
:103CF000E0FFE0FFE0FFE0FFE0FFE0FFE0FFE0FFCC
:103D0000E0FFE0FFE0FFE0FFE0FFE0FFE0FFE0FFBB
:103D1000E0FFE0FFE0FFE0FFE0FF00000000000048
:103D2000E0FFE0FFE0FFE0FFE0FFE0FFE0FFE0FF9B
:103D3000E0FFE0FFE0FFE0FFE0FFE0FFE0FFE0FF8B
:103D4000E0FFE0FFE0FFE0FFE0FFE0FFE0FFE0FF7B
:103D5000E0FFE0FFE0FFE0FFE0FFE0FFE0FFE0FF6B
:103D6000E0FFE0FFE0FFE0FF00000000E0FFE0FF19
:103D7000E0FFE0FFE0FFE0FFE0FFE0FFE0FFE0FF4B
:103D8000E0FFE0FFE0FFE0FFE0FFE0FFE0FFE0FF3B
:103D9000E0FF00000000E0FFE0FFE0FFE0FFE0FFE9
:103DA000E0FF000000000000000000000000000034
:103DB0000000E0FFE0FFE0FFE0FFE0FFE0FF0000C9
:103DC00000000000E0FFE0FFE0FFE0FFE0FFE0FFB9
:103DD000E0FFE0FFE0FFE0FF000000000000E0FF88
:103DE000E0FFE0FFE0FFE0FFE0FFE0FF0000000099
:103DF00000000000E0FFE0FFE0FFE0FFE0FFE0FF89
:103E0000E0FFE0FFE0FF000000000000E0FFE0FF57
:103E1000E0FFE0FFE0FFE0FF00000000E0FFE0FF68
:103E2000E0FFE0FFE0FFE0FFE0FFE0FF0000000058
:103E30000000E0FFE0FFE0FFE0FFE0FFE0FFE0FF69
:103E4000E0FFE0FF000000000000E0FFE0FFE0FF17
:103E5000E0FFE0FFE0FF000000000000E0FFE0FF07
:103E6000E0FFE0FFE0FFE0FFE0FFE0FFE0FF000039
:103E700000000000E0FFE0FFE0FFE0FF00000000C6
:103E8000000000000000000000000000E0FFE0FF74
:103E9000E0FFE0FFE0FF000000000000E0FFE0FFC7
:103EA000E0FFE0FF0000000000000000E0FF000075
:103EB000000000000000E0FFE0FFE0FFE0FFE0FFA7
:103EC000E0FFE0FFE0FFE0FFE0FFE0FFE0FFE0FFFA
:103ED000E0FFE0FFE0FFE0FFE0FFE0FFE0FFE0FFEA
:103EE000E0FFE0FFE0FFE0FFE0FFE0FFE0FFE0FFDA
:103EF000E0FFE0FFE0FFE0FFE0FF00000000000067
:103F0000E0FFE0FFE0FFE0FFE0FFE0FFE0FFE0FFB9
:103F1000E0FFE0FFE0FFE0FFE0FFE0FFE0FFE0FFA9
:103F2000E0FFE0FFE0FFE0FFE0FFE0FFE0FFE0FF99
:103F3000E0FFE0FFE0FFE0FFE0FFE0FFE0FFE0FF89
:103F4000E0FFE0FFE0FFE0FF00000000E0FFE0FF37
:103F5000E0FFE0FFE0FFE0FFE0FFE0FFE0FFE0FF69
:103F6000E0FFE0FFE0FFE0FFE0FFE0FFE0FFE0FF59
:103F7000E0FF00000000E0FFE0FFE0FFE0FFE0FF07
:103F8000E0FF000000000000E0FFE0FF0000000094
:103F900000000000E0FFE0FFE0FFE0FFE0FF0000C6
:103FA00000000000E0FFE0FFE0FFE0FFE0FFE0FFD7
:103FB000E0FFE0FFE0FFE0FF000000000000E0FFA6
:103FC000E0FFE0FFE0FFE0FFE0FFE0FF00000000B7
:103FD00000000000E0FFE0FFE0FFE0FFE0FFE0FFA7
:103FE000E0FFE0FFE0FF000000000000E0FFE0FF76
:103FF000E0FFE0FFE0FFE0FF00000000E0FFE0FF87
:10400000E0FFE0FFE0FFE0FFE0FFE0FF0000000076
:104010000000E0FFE0FFE0FFE0FFE0FFE0FFE0FF87
:10402000E0FFE0FF000000000000E0FFE0FFE0FF35
:10403000E0FFE0FFE0FF000000000000E0FFE0FF25
:10404000E0FFE0FFE0FFE0FFE0FFE0FFE0FF000057
:1040500000000000E0FFE0FFE0FFE0FF00000000E4
:104060000000E0FFE0FFE0FF000000000000E0FFD4
:10407000E0FFE0FFE0FF000000000000E0FFE0FFE5
:10408000E0FFE0FF000000000000E0FFE0FFE0FFD5
:10409000E0FF00000000E0FFE0FFE0FFE0FFE0FFE6
:1040A000E0FFE0FFE0FFE0FF000000000000000094
:1040B000000000000000000000000000E0FFE0FF42
:1040C000E0FFE0FFE0FFE0FFE0FFE0FFE0FFE0FFF8
:1040D000E0FFE0FFE0FFE0FFE0FF00000000000085
:1040E000E0FFE0FFE0FFE0FFE0FFE0FFE0FFE0FFD8
:1040F000E0FFE0FFE0FFE0FFE0FFE0FFE0FFE0FFC8
:10410000E0FFE0FFE0FFE0FFE0FFE0FFE0FFE0FFB7
:10411000E0FFE0FFE0FFE0FFE0FFE0FFE0FFE0FFA7
:10412000E0FFE0FFE0FFE0FF00000000E0FFE0FF55
:10413000E0FFE0FFE0FFE0FFE0FFE0FFE0FFE0FF87
:10414000E0FFE0FFE0FFE0FFE0FFE0FFE0FFE0FF77
:10415000E0FF00000000E0FFE0FFE0FFE0FFE0FF25
:10416000000000000000E0FFE0FFE0FFE0FF0000D3
:1041700000000000E0FFE0FFE0FFE0FFE0FF0000E4
:1041800000000000E0FFE0FFE0FFE0FFE0FFE0FFF5
:10419000E0FFE0FFE0FF000000000000E0FFE0FFC4
:1041A000E0FFE0FFE0FFE0FFE0FFE0FFE0FFE0FF17
:1041B000000000000000E0FFE0FFE0FFE0FFE0FFA4
:1041C000E0FFE0FF000000000000E0FFE0FFE0FF94
:1041D000E0FFE0FFE0FFE0FF00000000E0FFE0FFA5
:1041E000E0FFE0FFE0FFE0FFE0FFE0FF0000000095
:1041F0000000E0FFE0FFE0FFE0FFE0FFE0FFE0FFA6
:10420000E0FFE0FF00000000E0FFE0FFE0FFE0FF74
:10421000E0FFE0FFE0FF000000000000E0FFE0FF43
:10422000E0FFE0FFE0FFE0FFE0FFE0FF0000000054
:104230000000E0FFE0FFE0FFE0FF00000000000002
:10424000E0FFE0FFE0FFE0FF000000000000E0FF13
:10425000E0FFE0FFE0FF000000000000E0FFE0FF03
:10426000E0FFE0FFE0FFE0FFE0FFE0FFE0FFE0FF56
:10427000E0FF00000000E0FFE0FFE0FFE0FFE0FF04
:10428000E0FFE0FFE0FFE0FFE0FFE0FFE0FFE0FF36
:10429000E0FFE0FFE0FFE0FFE0FFE0FFE0FFE0FF26
:1042A000E0FFE0FFE0FFE0FFE0FFE0FFE0FFE0FF16
:1042B000E0FFE0FFE0FFE0FFE0FF000000000000A3
:1042C000E0FFE0FFE0FFE0FFE0FFE0FFE0FFE0FFF6
:1042D000E0FFE0FFE0FFE0FFE0FFE0FFE0FFE0FFE6
:1042E000E0FFE0FFE0FFE0FFE0FFE0FFE0FFE0FFD6
:1042F000E0FFE0FFE0FFE0FFE0FFE0FFE0FFE0FFC6
:10430000E0FFE0FFE0FFE0FF00000000E0FFE0FF73
:10431000E0FFE0FFE0FFE0FFE0FFE0FFE0FFE0FFA5
:10432000E0FFE0FFE0FFE0FFE0FFE0FFE0FFE0FF95
:10433000E0FF00000000E0FFE0FFE0FFE0FFE0FF43
:10434000000000000000E0FFE0FFE0FFE0FF0000F1
:1043500000000000E0FFE0FFE0FFE0FFE0FF000002
:1043600000000000E0FFE0FFE0FFE0FFE0FFE0FF13
:10437000E0FFE0FFE0FF00000000E0FFE0FFE0FF03
:10438000E0FFE0FFE0FFE0FFE0FFE0FFE0FFE0FF35
:10439000E0FF00000000E0FFE0FFE0FFE0FFE0FFE3
:1043A000E0FF000000000000E0FFE0FFE0FFE0FFB2
:1043B000E0FFE0FFE0FFE0FF00000000E0FFE0FFC3
:1043C000E0FFE0FFE0FFE0FFE0FFE0FF00000000B3
:1043D0000000E0FFE0FFE0FFE0FFE0FFE0FFE0FFC4
:1043E000E0FF00000000E0FFE0FFE0FFE0FFE0FF93
:1043F000E0FFE0FFE0FF000000000000E0FFE0FF62
:10440000E0FFE0FFE0FFE0FFE0FFE0FF0000000072
:104410000000E0FFE0FFE0FFE0FF00000000000020
:10442000E0FFE0FFE0FFE0FF000000000000E0FF31
:10443000E0FFE0FFE0FF000000000000E0FFE0FF21
:10444000E0FFE0FFE0FFE0FFE0FFE0FFE0FFE0FF74
:10445000E0FF000000000000E0FFE0FFE0FFE0FF01
:10446000E0FFE0FFE0FFE0FFE0FFE0FFE0FFE0FF54
:10447000E0FFE0FFE0FFE0FFE0FFE0FFE0FFE0FF44
:10448000E0FFE0FFE0FFE0FFE0FFE0FFE0FFE0FF34
:10449000E0FFE0FFE0FFE0FFE0FF000000000000C1
:1044A000E0FFE0FFE0FFE0FFE0FFE0FFE0FFE0FF14
:1044B000E0FFE0FFE0FFE0FFE0FFE0FFE0FFE0FF04
:1044C000E0FFE0FFE0FFE0FFE0FFE0FFE0FFE0FFF4
:1044D000E0FFE0FFE0FFE0FFE0FFE0FFE0FFE0FFE4
:1044E000E0FFE0FFE0FFE0FF00000000E0FFE0FF92
:1044F000E0FFE0FFE0FFE0FFE0FFE0FFE0FFE0FFC4
:10450000E0FFE0FFE0FFE0FFE0FFE0FFE0FFE0FFB3
:10451000E0FF00000000E0FFE0FFE0FFE0FFE0FF61
:10452000000000000000E0FFE0FFE0FFE0FF00000F
:1045300000000000E0FFE0FFE0FFE0FFE0FF000020
:1045400000000000E0FFE0FFE0FFE0FFE0FFE0FF31
:10455000E0FFE0FF000000000000E0FFE0FFE0FF00
:10456000E0FFE0FFE0FFE0FFE0FFE0FFE0FFE0FF53
:10457000E0FF000000000000E0FFE0FFE0FFE0FFE0
:104580000000000000000000E0FFE0FFE0FFE0FFAF
:10459000E0FFE0FFE0FFE0FF00000000E0FFE0FFE1
:1045A000E0FFE0FFE0FFE0FFE0FFE0FF00000000D1
:1045B0000000E0FFE0FFE0FFE0FFE0FFE0FFE0FFE2
:1045C000000000000000E0FFE0FFE0FFE0FFE0FF90
:1045D000E0FFE0FFE0FF000000000000E0FFE0FF80
:1045E000E0FFE0FFE0FFE0FFE0FFE0FF0000000091
:1045F0000000E0FFE0FFE0FFE0FF0000000000003F
:10460000E0FFE0FFE0FFE0FF000000000000E0FF4F
:10461000E0FFE0FFE0FF000000000000E0FFE0FF3F
:10462000E0FFE0FFE0FFE0FFE0FFE0FFE0FFE0FF92
:10463000E0FF000000000000E0FFE0FFE0FFE0FF1F
:10464000E0FFE0FFE0FFE0FFE0FFE0FFE0FFE0FF72
:10465000E0FFE0FFE0FFE0FFE0FFE0FFE0FFE0FF62
:10466000E0FFE0FFE0FFE0FFE0FFE0FFE0FFE0FF52
:10467000E0FFE0FFE0FFE0FFE0FF000000000000DF
:10468000E0FFE0FFE0FFE0FFE0FFE0FFE0FFE0FF32
:10469000E0FFE0FFE0FFE0FFE0FFE0FFE0FFE0FF22
:1046A000E0FFE0FFE0FFE0FFE0FFE0FFE0FFE0FF12
:1046B000E0FFE0FFE0FFE0FFE0FFE0FFE0FFE0FF02
:1046C000E0FFE0FFE0FFE0FF00000000E0FFE0FFB0
:1046D000E0FFE0FFE0FFE0FFE0FFE0FFE0FFE0FFE2
:1046E000E0FFE0FFE0FFE0FFE0FFE0FFE0FFE0FFD2
:1046F000E0FF00000000E0FFE0FFE0FFE0FFE0FF80
:10470000000000000000E0FFE0FFE0FFE0FF00002D
:1047100000000000E0FFE0FFE0FFE0FFE0FF00003E
:1047200000000000E0FFE0FFE0FFE0FFE0FFE0FF4F
:10473000000000000000E0FFE0FFE0FFE0FFE0FF1E
:10474000E0FFE0FF000000000000E0FFE0FFE0FF0E
:10475000E0FF00000000E0FFE0FFE0FFE0FF0000FE
:1047600000000000E0FFE0FFE0FFE0FFE0FFE0FF0F
:10477000E0FFE0FFE0FFE0FF00000000E0FFE0FFFF
:10478000E0FFE0FFE0FFE0FFE0FFE0FF00000000EF
:104790000000E0FFE0FFE0FFE0FFE0FF00000000BE
:1047A00000000000E0FFE0FFE0FFE0FFE0FFE0FFCF
:1047B000E0FFE0FFE0FF000000000000E0FFE0FF9E
:1047C000E0FFE0FFE0FFE0FFE0FFE0FF00000000AF
:1047D000E0FFE0FFE0FFE0FFE0FF0000000000007E
:1047E000E0FFE0FFE0FFE0FF000000000000E0FF6E
:1047F000E0FFE0FFE0FF000000000000E0FFE0FF5E
:10480000E0FFE0FF000000000000E0FFE0FFE0FF4D
:10481000E0FF00000000E0FFE0FFE0FFE0FFE0FF5E
:10482000E0FFE0FFE0FFE0FFE0FFE0FFE0FFE0FF90
:10483000E0FFE0FFE0FFE0FFE0FFE0FFE0FFE0FF80
:10484000E0FFE0FFE0FFE0FFE0FFE0FFE0FFE0FF70
:10485000E0FFE0FFE0FFE0FFE0FF000000000000FD
:10486000E0FFE0FFE0FFE0FFE0FFE0FFE0FFE0FF50
:10487000E0FFE0FFE0FFE0FFE0FFE0FFE0FFE0FF40
:10488000E0FFE0FFE0FFE0FFE0FFE0FFE0FFE0FF30
:10489000E0FFE0FFE0FFE0FFE0FFE0FFE0FFE0FF20
:1048A000E0FFE0FFE0FFE0FF00000000E0FFE0FFCE
:1048B000E0FFE0FFE0FFE0FFE0FFE0FFE0FFE0FF00
:1048C000E0FFE0FFE0FFE0FFE0FFE0FFE0FFE0FFF0
:1048D000E0FF00000000E0FFE0FFE0FFE0FFE0FF9E
:1048E000E0FF000000000000E0FFE0FF000000002B
:1048F0000000E0FFE0FFE0FFE0FFE0FFE0FF00007E
:1049000000000000E0FFE0FFE0FFE0FFE0FFE0FF6D
:10491000000000000000E0FFE0FFE0FFE0FFE0FF3C
:10492000E0FFE0FFE0FF000000000000E0FFE0FF2C
:10493000000000000000E0FFE0FFE0FFE0FF0000FB
:104940000000E0FFE0FFE0FFE0FFE0FFE0FFE0FF4E
:10495000E0FFE0FFE0FFE0FF00000000E0FFE0FF1D
:10496000E0FFE0FFE0FFE0FFE0FFE0FF000000000D
:104970000000E0FFE0FFE0FFE0FFE0FF00000000DC
:104980000000E0FFE0FFE0FFE0FFE0FFE0FFE0FF0E
:10499000E0FFE0FFE0FF000000000000E0FFE0FFBC
:1049A000E0FFE0FFE0FFE0FFE0FFE0FF00000000CD
:1049B000E0FFE0FFE0FFE0FFE0FFE0FF00000000BD
:1049C0000000E0FFE0FFE0FF00000000E0FFE0FF8C
:1049D000E0FFE0FFE0FF000000000000E0FFE0FF7C
:1049E000E0FFE0FF000000000000E0FFE0FFE0FF6C
:1049F000000000000000E0FFE0FFE0FFE0FFE0FF5C
:104A0000E0FFE0FFE0FFE0FFE0FFE0FFE0FFE0FFAE
:104A1000E0FFE0FFE0FFE0FFE0FFE0FFE0FFE0FF9E
:104A2000E0FFE0FFE0FFE0FFE0FFE0FFE0FFE0FF8E
:104A3000E0FFE0FFE0FFE0FFE0FF0000000000001B
:104A4000E0FFE0FFE0FFE0FFE0FFE0FFE0FFE0FF6E
:104A5000E0FFE0FFE0FFE0FFE0FFE0FFE0FFE0FF5E
:104A6000E0FFE0FFE0FFE0FFE0FFE0FFE0FFE0FF4E
:104A7000E0FFE0FFE0FFE0FFE0FFE0FFE0FFE0FF3E
:104A8000E0FFE0FFE0FFE0FF00000000E0FFE0FFEC
:104A9000E0FFE0FFE0FFE0FFE0FFE0FFE0FFE0FF1E
:104AA000E0FFE0FFE0FFE0FFE0FFE0FFE0FFE0FF0E
:104AB000E0FF00000000E0FFE0FFE0FFE0FFE0FFBC
:104AC000E0FFE0FF00000000000000000000000028
:104AD0000000E0FFE0FFE0FFE0FFE0FFE0FF00009C
:104AE00000000000E0FFE0FFE0FFE0FFE0FF00006B
:104AF00000000000000000000000000000000000B6
:104B00000000E0FFE0FFE0FF000000000000000008
:104B100000000000E0FFE0FFE0FFE0FF0000000019
:104B20000000000000000000000000000000E0FFA6
:104B3000E0FFE0FFE0FFE0FF00000000E0FFE0FF3B
:104B4000E0FFE0FFE0FFE0FFE0FFE0FF000000002B
:104B50000000E0FFE0FFE0FFE0FF000000000000D9
:104B60000000000000000000000000000000E0FF66
:104B7000E0FFE0FFE0FF000000000000E0FFE0FFDA
:104B8000E0FFE0FFE0FFE0FFE0FF00000000E0FFEB
:104B9000E0FFE0FFE0FFE0FFE0FFE0FFE0FF0000FC
:104BA000000000000000000000000000E0FFE0FF47
:104BB000E0FFE0FFE0FF000000000000E0FFE0FF9A
:104BC000E0FFE0FFE0FF0000000000000000000048
:104BD00000000000E0FFE0FFE0FFE0FFE0FFE0FF9B
:104BE000E0FFE0FFE0FFE0FFE0FFE0FFE0FFE0FFCD
:104BF000E0FFE0FFE0FFE0FFE0FFE0FFE0FFE0FFBD
:104C0000E0FFE0FFE0FFE0FFE0FFE0FFE0FFE0FFAC
:104C1000E0FFE0FFE0FFE0FFE0FF00000000000039
:104C2000E0FFE0FFE0FFE0FFE0FFE0FFE0FFE0FF8C
:104C3000E0FFE0FFE0FFE0FFE0FFE0FFE0FFE0FF7C
:104C4000E0FFE0FFE0FFE0FFE0FFE0FFE0FFE0FF6C
:104C5000E0FFE0FFE0FFE0FFE0FFE0FFE0FFE0FF5C
:104C6000E0FFE0FFE0FFE0FFE0FFE0FFE0FFE0FF4C
:104C7000E0FFE0FFE0FFE0FFE0FFE0FFE0FFE0FF3C
:104C8000E0FFE0FFE0FFE0FFE0FFE0FFE0FFE0FF2C
:104C9000E0FFE0FFE0FFE0FFE0FFE0FFE0FFE0FF1C
:104CA000E0FFE0FFE0FF0000000000000000E0FF88
:104CB000E0FFE0FFE0FFE0FFE0FFE0FFE0FF0000DB
:104CC00000000000E0FFE0FFE0FFE0FFE0FFE0FFAA
:104CD000E0FFE0FFE0FFE0FFE0FFE0FFE0FFE0FFDC
:104CE000E0FFE0FFE0FFE0FFE0FF00000000000069
:104CF0000000E0FFE0FFE0FFE0FFE0FFE0FFE0FF9B
:104D0000E0FFE0FFE0FFE0FFE0FFE0FFE0FFE0FFAB
:104D1000E0FFE0FFE0FFE0FFE0FFE0FFE0FFE0FF9B
:104D2000E0FFE0FFE0FFE0FFE0FFE0FF0000000049
:104D30000000E0FFE0FFE0FFE0FFE0FFE0FFE0FF5A
:104D4000E0FFE0FFE0FFE0FFE0FFE0FFE0FFE0FF6B
:104D5000E0FFE0FFE0FFE0FFE0FFE0FFE0FFE0FF5B
:104D6000E0FFE0FFE0FFE0FFE0FFE0FFE0FFE0FF4B
:104D7000E0FFE0FFE0FFE0FFE0FFE0FFE0FFE0FF3B
:104D80000000000000000000E0FFE0FFE0FFE0FFA7
:104D9000E0FFE0FFE0FF000000000000E0FFE0FFB8
:104DA000E0FFE0FFE0FFE0FFE0FF000000000000A8
:104DB0000000E0FFE0FFE0FFE0FFE0FFE0FFE0FFDA
:104DC000E0FFE0FFE0FFE0FFE0FFE0FFE0FFE0FFEB
:104DD000E0FFE0FFE0FFE0FFE0FFE0FFE0FFE0FFDB
:104DE000E0FFE0FFE0FFE0FFE0FFE0FFE0FFE0FFCB
:104DF000E0FFE0FFE0FFE0FFE0FF00000000000058
:104E0000E0FFE0FFE0FFE0FFE0FFE0FFE0FFE0FFAA
:104E1000E0FFE0FFE0FFE0FFE0FFE0FFE0FFE0FF9A
:104E2000E0FFE0FFE0FFE0FFE0FFE0FFE0FFE0FF8A
:104E3000E0FFE0FFE0FFE0FFE0FFE0FFE0FFE0FF7A
:104E4000E0FFE0FFE0FFE0FFE0FFE0FFE0FFE0FF6A
:104E5000E0FFE0FFE0FFE0FFE0FFE0FFE0FFE0FF5A
:104E6000E0FFE0FFE0FFE0FFE0FFE0FFE0FFE0FF4A
:104E7000E0FFE0FFE0FFE0FFE0FFE0FFE0FFE0FF3A
:104E8000E0FFE0FFE0FFE0FFE0FFE0FFE0FFE0FF2A
:104E9000E0FFE0FFE0FFE0FFE0FFE0FFE0FF0000F9
:104EA00000000000E0FFE0FFE0FFE0FFE0FFE0FFC8
:104EB000E0FFE0FFE0FFE0FFE0FFE0FFE0FFE0FFFA
:104EC000E0FFE0FFE0FFE0FFE0FFE0FFE0FFE0FFEA
:104ED000E0FFE0FFE0FFE0FFE0FFE0FFE0FFE0FFDA
:104EE000E0FFE0FFE0FFE0FFE0FFE0FFE0FFE0FFCA
:104EF000E0FFE0FFE0FFE0FFE0FFE0FFE0FFE0FFBA
:104F0000E0FFE0FFE0FFE0FFE0FFE0FF0000000067
:104F10000000E0FFE0FFE0FFE0FFE0FFE0FFE0FF78
:104F2000E0FFE0FFE0FFE0FFE0FFE0FFE0FFE0FF89
:104F3000E0FFE0FFE0FFE0FFE0FFE0FFE0FFE0FF79
:104F4000E0FFE0FFE0FFE0FFE0FFE0FFE0FFE0FF69
:104F5000E0FFE0FFE0FFE0FFE0FFE0FFE0FFE0FF59
:104F6000E0FFE0FFE0FFE0FFE0FFE0FFE0FFE0FF49
:104F7000E0FFE0FFE0FF000000000000E0FFE0FFD6
:104F8000E0FFE0FFE0FFE0FFE0FFE0FFE0FFE0FF29
:104F9000E0FFE0FFE0FFE0FFE0FFE0FFE0FFE0FF19
:104FA000E0FFE0FFE0FFE0FFE0FFE0FFE0FFE0FF09
:104FB000E0FFE0FFE0FFE0FFE0FFE0FFE0FFE0FFF9
:104FC000E0FFE0FFE0FFE0FFE0FFE0FFE0FFE0FFE9
:104FD000E0FFE0FFE0FFE0FFE0FF00000000000076
:104FE000E0FFE0FFE0FFE0FFE0FFE0FFE0FFE0FFC9
:104FF000E0FFE0FFE0FFE0FFE0FFE0FFE0FFE0FFB9
:10500000E0FFE0FFE0FFE0FFE0FFE0FFE0FFE0FFA8
:10501000E0FFE0FFE0FFE0FFE0FFE0FFE0FFE0FF98
:10502000E0FFE0FFE0FFE0FFE0FFE0FFE0FFE0FF88
:10503000E0FFE0FFE0FFE0FFE0FFE0FFE0FFE0FF78
:10504000E0FFE0FFE0FFE0FFE0FFE0FFE0DE2084C4
:10505000E07BE07BE07BE07BE07BE07BE07BE07B78
:10506000E07BE07BE07BE07BE07BE07BE07BE07B68
:1050700020A5E0FFE0FFE0FFE0FFE0FFE0FF000031
:1050800000000000E0FFE0FFA0F7E09CE07BE07B99
:10509000E07BE07BE07BE07BE07BE07BE07BE07B38
:1050A000E07BE07BE07BE07BE07BE07BE07B608C97
:1050B00020E7E0FF20E7608CE07BE07BE07BE07BAB
:1050C000E07BE07BE07BE07BE07BE07BE07BE07B08
:1050D000E07BE07BE07BE07BE07BA0F7E0FFE0FFB4
:1050E000E0FFE0FFE0FFE0FFE0FFE0FF0000000086
:1050F0000000A0F7E09CE07BE07BE07BE07BE07BD6
:10510000E07BE07BE07BE07BE07BE07BE07BE07BC7
:10511000E07BE07BE07B2084E0DEE0FFE0FFE0FF7F
:10512000E0FF20A5E07BE07BE07BE07BE07BE07BB9
:10513000E07BE07BE07BE07BE07BE07BE07BE07B97
:10514000E07BE07BE07B2084E0FFE0FFE0FFE0FF2E
:10515000E0FFE0FFE0FF000000000000E0FFE0FFF4
:10516000E0FFE0FFE0FFE0FFE0FFE0FFE0FFE0FF47
:10517000E0FFE0FFE0FFE0FFE0FFE0FFE0FFE0FF37
:10518000E0FFE0FFE0FFE0FFE0FFE0FFE0FFE0FF27
:10519000E0FFE0FFE0FFE0FFE0FFE0FFE0FFE0FF17
:1051A000E0FFE0FFE0FFE0FFE0FFE0FFE0FFE0FF07
:1051B000E0FFE0FFE0FFE0FFE0FF00000000000094
:1051C000E0FFE0FFE0FFE0FFE0FFE0FFE0FFE0FFE7
:1051D000E0FFE0FFE0FFE0FFE0FFE0FFE0FFE0FFD7
:1051E000E0FFE0FFE0FFE0FFE0FFE0FFE0FFE0FFC7
:1051F000E0FFE0FFE0FFE0FFE0FFE0FFE0FFE0FFB7
:10520000E0FFE0FFE0FFE0FFE0FFE0FFE0FFE0FFA6
:10521000E0FFE0FFE0FFE0FFE0FFE0FFE0FFE0FF96
:10522000E0FFE0FFE0FFE0FFE0FFE0FF8052000072
:10523000000000000000000000000000000000006E
:10524000000000000000000000000000000000005E
:10525000000060CEE0FFE0FFE0FFE0FFE0FF0000C5
:1052600000000000E0FFE0FF60AD00000000000073
:10527000000000000000000000000000000000002E
:10528000000000000000000000000000000000001E
:105290008073E0FF608C0000000000000000000050
:1052A00000000000000000000000000000000000FE
:1052B0000000000000000000000060ADE0FFE0FF23
:1052C000E0FFE0FFE0FFE0FFE0FFE0FF00000000A4
:1052D000000060CE000000000000000000000000A0
:1052E00000000000000000000000000000000000BE
:1052F00000000000000000008052E0FFE0FFE0FF3F
:1053000060EF00000000000000000000000000004E
:10531000000000000000000000000000000000008D
:105320000000000000000000E0FFE0FFE0FFE0FF01
:10533000E0FFE0FFE0FF000000000000E0FFE0FF12
:10534000E0FFE0FFE0FFE0FFE0FFE0FFE0FFE0FF65
:10535000E0FFE0FFE0FFE0FFE0FFE0FFE0FFE0FF55
:10536000E0FFE0FFE0FFE0FFE0FFE0FFE0FFE0FF45
:10537000E0FFE0FFE0FFE0FFE0FFE0FFE0FFE0FF35
:10538000E0FFE0FFE0FFE0FFE0FFE0FFE0FFE0FF25
:10539000E0FFE0FFE0FFE0FFE0FF000000000000B2
:1053A000E0FFE0FFE0FFE0FFE0FFE0FFE0FFE0FF05
:1053B000E0FFE0FFE0FFE0FFE0FFE0FFE0FFE0FFF5
:1053C000E0FFE0FFE0FFE0FFE0FFE0FFE0FFE0FFE5
:1053D000E0FFE0FFE0FFE0FFE0FFE0FFE0FFE0FFD5
:1053E000E0FFE0FFE0FFE0FFE0FFE0FFE0FFE0FFC5
:1053F000E0FFE0FFE0FFE0FFE0FFE0FFE0FFE0FFB5
:10540000E0FFE0FFE0FFE0FFE0FFE0FFE0FFE0FFA4
:10541000E0FFE0FFE0FFE0FFE0FFE0FFE0FFE0FF94
:10542000E0FFE0FFE07B0000000080B5E0FFE0FF70
:10543000E0FFE0FFE0FFE0FFE0FFE0FFE0FFE0FF74
:10544000E0FFE0FFE0FFE0FFE0FFE0FFE0FFE0FF64
:10545000E0FFE0FFE0FFE0FFE0FFE0FFE0FFE0FF54
:10546000E0FFE0FFE0FFE0FFE0FFE0FFE0FFE0FF44
:10547000E0FFE0FFE0FFE0FFE0FFE0FFE0FFE0FF34
:10548000E0FFE0FFE0FFE0FFE0FFE0FFE0FFE0FF24
:10549000E0FFE0FFE0FFE0FFE0FFE0FFE0FFE0FF14
:1054A000E0FFE0FFE0FFE0FFE0FFE0FFE0FFE0FF04
:1054B000E0FFE0FFE0FFE0FFE0FFE0FFE0FFE0FFF4
:1054C000E0FFE0FFE0FFE0FFE0FFE0FFE0FFE0FFE4
:1054D000E0FFE0FFE0FFE0FFE0FFE0FFE0FFE0FFD4
:1054E000E0FFE0FFE0FFE0FFE0FFE0FF40EFE0FF74
:1054F000E0FFE0FFE0FFE0FFE0FFE0FFE0FFE0FFB4
:10550000E0FF00E740EFE0FFE0FFE0FFE0FFE0FF4B
:10551000E0FFE0FFE0FFE0FFE0FFE0FFE0FFE0FF93
:10552000E0FFE0FF0000000080B5E0FFE0FFE0FFEB
:10553000E0FFE0FFE0FFE0FFE0FFE0FFE0FFE0FF73
:10554000E0FFE0FFE0FFE0FFE0FFE0FFE0FFE0FF63
:10555000E0FFE0FFE0FFE0FFE0FFE0FFE0FFE0FF53
:10556000E0FFE0FFE0FFE0FFE0FFE0FFE0FFE0FF43
:10557000E0FFE0FFE0FFE0FFE0FFE0FFE0FFE0FF33
:10558000E0FFE0FFE0FFE0FFE0FFE0FFE0FFE0FF23
:10559000E0FFE0FFE0FFE0FFE0FFE0FFE0FFE0FF13
:1055A000E0FFE0FFE0FFE0FFE0FFE0FFE0FFE0FF03
:1055B000E0FFE0FFE0FFE0FFE0FFE0FFE0FFE0FFF3
:1055C000E0FFE0FFE0FFE0FFE0FFE0FFE0FFE0FFE3
:1055D000E0FFE0FFE0FFE0FFE0FFE0FFE0FFE0FFD3
:1055E000E0FFE0FFE0FFE0FFE0FFE0FFE0FFE0FFC3
:1055F000E0FFE0FFE0FFE0FFE0FFE0FFE0FFE0FFB3
:10560000E0FF00E70000000000000000E0FFE0FF16
:10561000E0FFE0FFE0FFE0FFE0FFE0FFE0FFE0FF92
:10562000E0FFE0FFE0FFE0FFE0FFE0FFE0FFE0FF82
:10563000E0FFE0FFE0FFE0FFE0FFE0FFE0FFE0FF72
:10564000E0FFE0FFE0FFE0FFE0FFE0FFE0FFE0FF62
:10565000E0FFE0FFE0FFE0FFE0FFE0FFE0FFE0FF52
:10566000E0FFE0FFE0FFE0FFE0FFE0FFE0FFE0FF42
:10567000E0FFE0FFE0FFE0FFE0FFE0FFE0FFE0FF32
:10568000E0FFE0FFE0FFE0FFE0FFE0FFE0FFE0FF22
:10569000E0FFE0FFE0FFE0FFE0FFE0FFE0FFE0FF12
:1056A000E0FFE0FFE0FFE0FFE0FFE0FFE0FFE0FF02
:1056B000E0FFE0FFE0FFE0FFE0FFE0FFE0FFE0FFF2
:1056C000E0FFE0FFE0FFE0FFE0FFE07B000080B5EF
:1056D000E0FFE0FFE0FFE0FFE0FFE0FFE0FFE0FFD2
:1056E000E07B0000000080B5E0FFE0FFE0FFE0FFAE
:1056F000E0FFE0FFE0FFE0FFE0FFE0FFE0FFE0FFB2
:10570000E0FF00E7000000000000E0FFE0FFE0FF36
:10571000E0FFE0FFE0FFE0FFE0FFE0FFE0FFE0FF91
:10572000E0FFE0FFE0FFE0FFE0FFE0FFE0FFE0FF81
:10573000E0FFE0FFE0FFE0FFE0FFE0FFE0FFE0FF71
:10574000E0FFE0FFE0FFE0FFE0FFE0FFE0FFE0FF61
:10575000E0FFE0FFE0FFE0FFE0FFE0FFE0FFE0FF51
:10576000E0FFE0FFE0FFE0FFE0FFE0FFE0FFE0FF41
:10577000E0FFE0FFE0FFE0FFE0FFE0FFE0FFE0FF31
:10578000E0FFE0FFE0FFE0FFE0FFE0FFE0FFE0FF21
:10579000E0FFE0FFE0FFE0FFE0FFE0FFE0FFE0FF11
:1057A000E0FFE0FFE0FFE0FFE0FFE0FFE0FFE0FF01
:1057B000E0FFE0FFE0FFE0FFE0FFE0FFE0FFE0FFF1
:1057C000E0FFE0FFE0FFE0FFE0FFE0FFE0FFE0FFE1
:1057D000E0FFE0FFE0FFE0FFE0FFE0FFE0FFE0FFD1
:1057E000E0FF00E70000000000000000E0FFE0FF35
:1057F000E0FFE0FFE0FFE0FFE0FFE0FFE0FFE0FFB1
:10580000E0FFE0FFE0FFE0FFE0FFE0FFE0FFE0FFA0
:10581000E0FFE0FFE0FFE0FFE0FFE0FFE0FFE0FF90
:10582000E0FFE0FFE0FFE0FFE0FFE0FFE0FFE0FF80
:10583000E0FFE0FFE0FFE0FFE0FFE0FFE0FFE0FF70
:10584000E0FFE0FFE0FFE0FFE0FFE0FFE0FFE0FF60
:10585000E0FFE0FFE0FFE0FFE0FFE0FFE0FFE0FF50
:10586000E0FFE0FFE0FFE0FFE0FFE0FFE0FFE0FF40
:10587000E0FFE0FFE0FFE0FFE0FFE0FFE0FFE0FF30
:10588000E0FFE0FFE0FFE0FFE0FFE0FFE0FFE0FF20
:10589000E0FFE0FFE0FFE0FFE0FFE0FFE0FFE0FF10
:1058A000E0FFE0FFE0FFE0FF00E700000000000095
:1058B000E0FFE0FFE0FFE0FFE0FFE0FFE0FF00E7E8
:1058C0000000000000000000E0FFE0FFE0FFE0FF5C
:1058D000E0FFE0FFE0FFE0FFE0FFE0FFE0FFE0FFD0
:1058E000E0FF00E7000000000000E0FFE0FFE0FF55
:1058F000E0FFE0FFE0FFE0FFE0FFE0FFE0FFE0FFB0
:10590000E0FFE0FFE0FFE0FFE0FFE0FFE0FFE0FF9F
:10591000E0FFE0FFE0FFE0FFE0FFE0FFE0FFE0FF8F
:10592000E0FFE0FFE0FFE0FFE0FFE0FFE0FFE0FF7F
:10593000E0FFE0FFE0FFE0FFE0FFE0FFE0FFE0FF6F
:10594000E0FFE0FFE0FFE0FFE0FFE0FFE0FFE0FF5F
:10595000E0FFE0FFE0FFE0FFFFFFFFFFFFFFFFFFD3
:10596000FFFFFFFFFFFFFFFFFFFFFFFFFFFFFFFF47
:10597000FFFFFFFFFFFFFFFFFFFFFFFFFFFFFFFF37
:10598000FFFFFFFFFFFFFFFFFFFFFFFFFFFFFFFF27
:10599000FFFFFFFFFFFFFFFFFFFFFFFFFFFFFFFF17
:1059A000FFFFFFFFFFFFFFFFFFFFFFFFFFFFFFFF07
:1059B000FFFFFFFFFFFFFFFFFFFFFFFFFFFFFFFFF7
:1059C000FFFFFFFF4D6B0000000096B5FFFFFFFFDC
:1059D000FFFFFFFFFFFFFFFFFFFFFFFFFFFFFFFFD7
:1059E000FFFFFFFFFFFFFFFFFFFFFFFFFFFFFFFFC7
:1059F000FFFFFFFFFFFFFFFFFFFFFFFFFFFFFFFFB7
:105A0000FFFFFFFFFFFFFFFFFFFFFFFFFFFFFFFFA6
:105A1000FFFFFFFFFFFFFFFFFFFFFFFFFFFFFFFF96
:105A2000FFFFFFFFFFFFFFFFFFFFFFFFFFFFFFFF86
:105A3000FFFFFFFFFFFFFFFFFFFFFFFFFFFFFFFF76
:105A4000FFFFFFFFFFFFFFFFFFFFFFFFFFFFFFFF66
:105A5000FFFFFFFFFFFFFFFFFFFFFFFFFFFFFFFF56
:105A6000FFFFFFFFFFFFFFFFFFFFFFFFFFFFFFFF46
:105A7000FFFFFFFFFFFFFFFFFFFFFFFFFFFFFFFF36
:105A8000FFFFFFFFFFFFFFFF1CE70000000000001B
:105A9000FFFFFFFFFFFFFFFFFFFFFFFFFFFF1CE711
:105AA0000000000000000000FFFFFFFFFFFFFFFFFE
:105AB000FFFFFFFFFFFFFFFFFFFFFFFFFFFFFFFFF6
:105AC000FFFFFFFF0000000096B5FFFFFFFFFFFF95
:105AD000FFFFFFFFFFFFFFFFFFFFFFFFFFFFFFFFD6
:105AE000FFFFFFFFFFFFFFFFFFFFFFFFFFFFFFFFC6
:105AF000FFFFFFFFFFFFFFFFFFFFFFFFFFFFFFFFB6
:105B0000FFFFFFFFFFFFFFFFFFFFFFFFFFFFFFFFA5
:105B1000FFFFFFFFFFFFFFFFFFFFFFFFFFFFFFFF95
:105B2000FFFFFFFFFFFFFFFFFFFFFFFFFFFFFFFF85
:105B3000FFFFFFFFFFFFFFFFE0FFE0FFE0FFE0FFF1
:105B4000E0FFE0FFE0FFE0FFE0FFE0FFE0FFE0FF5D
:105B5000E0FFE0FFE0FFE0FFE0FFE0FFE0FFE0FF4D
:105B6000E0FFE0FFE0FFE0FFE0FFE0FFE0FFE0FF3D
:105B7000E0FFE0FFE0FFE0FFE0FFE0FFE0FFE0FF2D
:105B8000E0FFE0FFE0FFE0FFE0FFE0FFE0FFE0FF1D
:105B9000E0FFE0FFE0FFE0FFE0FFE0FFE0FFE0FF0D
:105BA000E0FFE0FFE0FF00E740EFE0FFE0FFE0FFA5
:105BB000E0FFE0FFE0FFE0FFE0FFE0FFE0FFE0FFED
:105BC000E0FFE0FFE0FFE0FFE0FFE0FFE0FFE0FFDD
:105BD000E0FFE0FFE0FFE0FFE0FFE0FFE0FFE0FFCD
:105BE000E0FFE0FFE0FFE0FFE0FFE0FFE0FFE0FFBD
:105BF000E0FFE0FFE0FFE0FFE0FFE0FFE0FFE0FFAD
:105C0000E0FFE0FFE0FFE0FFE0FFE0FFE0FFE0FF9C
:105C1000E0FFE0FFE0FFE0FFE0FFE0FFE0FFE0FF8C
:105C2000E0FFE0FFE0FFE0FFE0FFE0FFE0FFE0FF7C
:105C3000E0FFE0FFE0FFE0FFE0FFE0FFE0FFE0FF6C
:105C4000E0FFE0FFE0FFE0FFE0FFE0FFE0FFE0FF5C
:105C5000E0FFE0FFE0FFE0FFE0FFE0FFE0FFE0FF4C
:105C6000E0FFE0FFE0FFE0FFE0FF406B000080B5F9
:105C7000E0FFE0FFE0FFE0FFE0FFE0FFE0FFE0FF2C
:105C8000406B0000000080B5E0FFE0FFE0FFE0FFB8
:105C9000E0FFE0FFE0FFE0FFE0FFE0FFE0FFE0FF0C
:105CA000E0FFE0FF00E740EFE0FFE0FFE0FFE0FFA4
:105CB000E0FFE0FFE0FFE0FFE0FFE0FFE0FFE0FFEC
:105CC000E0FFE0FFE0FFE0FFE0FFE0FFE0FFE0FFDC
:105CD000E0FFE0FFE0FFE0FFE0FFE0FFE0FFE0FFCC
:105CE000E0FFE0FFE0FFE0FFE0FFE0FFE0FFE0FFBC
:105CF000E0FFE0FFE0FFE0FFE0FFE0FFE0FFE0FFAC
:105D0000E0FFE0FFE0FFE0FFE0FFE0FFE0FFE0FF9B
:105D1000E0FFE0FFE0FFE0FFE0FFE0FFE0FFE0FF8B
:105D2000E0FFE0FFE0FFE0FFE0FFE0FFE0FFE0FF7B
:105D3000E0FFE0FFE0FFE0FFE0FFE0FFE0FFE0FF6B
:105D4000E0FFE0FFE0FFE0FFE0FFE0FFE0FFE0FF5B
:105D5000E0FFE0FFE0FFE0FFE0FFE0FFE0FFE0FF4B
:105D6000E0FFE0FFE0FFE0FFE0FFE0FFE0FFE0FF3B
:105D7000E0FFE0FFE0FFE0FFE0FFE0FFE0FFE0FF2B
:105D8000E0FFE0FFE0FFE0FFE0FFE0FFE0FFE0FF1B
:105D9000E0FFE0FFE0FFE0FFE0FFE0FFE0FFE0FF0B
:105DA000E0FFE0FFE0FFE0FFE0FFE0FFE0FFE0FFFB
:105DB000E0FFE0FFE0FFE0FFE0FFE0FFE0FFE0FFEB
:105DC000E0FFE0FFE0FFE0FFE0FFE0FFE0FFE0FFDB
:105DD000E0FFE0FFE0FFE0FFE0FFE0FFE0FFE0FFCB
:105DE000E0FFE0FFE0FFE0FFE0FFE0FFE0FFE0FFBB
:105DF000E0FFE0FFE0FFE0FFE0FFE0FFE0FFE0FFAB
:105E0000E0FFE0FFE0FFE0FFE0FFE0FFE0FFE0FF9A
:105E1000E0FFE0FFE0FFE0FFE0FFE0FFE0FFE0FF8A
:105E2000E0FFE0FFE0FFE0FFE0FFE0FFE0FFE0FF7A
:105E3000E0FFE0FFE0FFE0FFE0FFE0FFE0FFE0FF6A
:105E4000E0FFE0FFE0FFE0FFE0FFE0FF40EFE0FF0A
:105E5000E0FFE0FFE0FFE0FFE0FFE0FFE0FFE0FF4A
:105E6000E0FF00E740EFE0FFE0FFE0FFE0FFE0FFE2
:105E7000E0FFE0FFE0FFE0FFE0FFE0FFE0FFE0FF2A
:105E8000E0FFE0FFE0FFE0FFE0FFE0FFE0FFE0FF1A
:105E9000E0FFE0FFE0FFE0FFE0FFE0FFE0FFE0FF0A
:105EA000E0FFE0FFE0FFE0FFE0FFE0FFE0FFE0FFFA
:105EB000E0FFE0FFE0FFE0FFE0FFE0FFE0FFE0FFEA
:105EC000E0FFE0FFE0FFE0FFE0FFE0FFE0FFE0FFDA
:105ED000E0FFE0FFE0FFE0FFE0FFE0FFE0FFE0FFCA
:105EE000E0FFE0FFE0FFE0FFE0FFE0FFE0FFE0FFBA
:105EF000E0FFE0FFE0FFE0FFE0FFE0FFE0FFE0FFAA
:105F0000E0FFE0FFE0FFE0FFE0FFE0FFE0FFE0FF99
:105F1000E0FFE0FFE0FFE0FFE0FFE0FFE0FFE0FF89
:105F2000E0FFE0FFE0FFE0FFE0FFE0FFE0FFE0FF79
:105F3000E0FFE0FFE0FFE0FFE0FFE0FFE0FFE0FF69
:105F4000E0FFE0FFE0FFE0FFE0FFE0FFE0FFE0FF59
:105F5000E0FFE0FFE0FFE0FFE0FFE0FFE0FFE0FF49
:105F6000E0FFE0FFE0FFE0FFE0FFE0FFE0FFE0FF39
:105F7000E0FFE0FFE0FFE0FFE0FFE0FFE0FFE0FF29
:105F8000E0FFE0FFE0FFE0FFE0FFE0FFE0FFE0FF19
:105F9000E0FFE0FFE0FFE0FFE0FFE0FFE0FFE0FF09
:105FA000E0FFE0FFE0FFE0FFE0FFE0FFE0FFE0FFF9
:105FB000E0FFE0FFE0FFE0FFE0FFE0FFE0FFE0FFE9
:105FC000E0FFE0FFE0FFE0FFE0FFE0FFE0FFE0FFD9
:105FD000E0FFE0FFE0FFE0FFE0FFE0FFE0FFE0FFC9
:105FE000E0FFE0FFE0FFE0FFE0FFE0FFE0FFE0FFB9
:105FF000E0FFE0FFE0FFE0FFE0FFE0FFE0FFE0FFA9
:10600000E0FFE0FFE0FFE0FFE0FFE0FFE0FFE0FF98
:10601000E0FFE0FFE0FFE0FFE0FFE0FFE0FFE0FF88
:10602000E0FFE0FFE0FFE0FFE0FFE0FFE0FFE0FF78
:10603000E0FFE0FFE0FFE0FFE0FFE0FFE0FFE0FF68
:10604000E0FFE0FFE0FFE0FFE0FFE0FFE0FFE0FF58
:10605000E0FFE0FFE0FFE0FFE0FFE0FFE0FFE0FF48
:10606000E0FFE0FFE0FFE0FFE0FFE0FFE0FFE0FF38
:10607000E0FFE0FFE0FFE0FFE0FFE0FFE0FFE0FF28
:10608000E0FFE0FFE0FFE0FFE0FFE0FFE0FFE0FF18
:10609000E0FFE0FFE0FFE0FFE0FFE0FFE0FFE0FF08
:1060A000E0FFE0FFE0FFE0FFE0FFE0FFE0FFE0FFF8
:1060B000E0FFE0FFE0FFE0FFE0FFE0FFE0FFE0FFE8
:1060C000E0FFE0FFE0FFE0FFE0FFE0FFE0FFE0FFD8
:1060D000E0FFE0FFE0FFE0FFE0FFE0FFE0FFE0FFC8
:1060E000E0FFE0FFE0FFE0FFE0FFE0FFE0FFE0FFB8
:1060F000E0FFE0FFE0FFE0FFE0FFE0FFE0FFE0FFA8
:10610000E0FFE0FFE0FFE0FFE0FFE0FFE0FFE0FF97
:10611000E0FFE0FFE0FFE0FFE0FFE0FFE0FFE0FF87
:10612000E0FFE0FFE0FFE0FFE0FFE0FFE0FFE0FF77
:10613000E0FFE0FFE0FFE0FFE0FFE0FFE0FFE0FF67
:10614000E0FFE0FFE0FFE0FFE0FFE0FFE0FFE0FF57
:10615000E0FFE0FFE0FFE0FFE0FFE0FFE0FFE0FF47
:10616000E0FFE0FFE0FFE0FFE0FFE0FFE0FFE0FF37
:10617000E0FFE0FFE0FFE0FFE0FFE0FFE0FFE0FF27
:10618000E0FFE0FFE0FFE0FFE0FFE0FFE0FFE0FF17
:10619000E0FFE0FFE0FFE0FFE0FFE0FFE0FFE0FF07
:1061A000E0FFE0FFE0FFE0FFE0FFE0FFE0FFE0FFF7
:1061B000E0FFE0FFE0FFE0FFE0FFE0FFE0FFE0FFE7
:1061C000E0FFE0FFE0FFE0FFE0FFE0FFE0FFE0FFD7
:1061D000E0FFE0FFE0FFE0FFE0FFE0FFE0FFE0FFC7
:1061E000E0FFE0FFE0FFE0FFE0FFE0FFE0FFE0FFB7
:1061F000E0FFE0FFE0FFE0FFE0FFE0FFE0FFE0FFA7
:10620000E0FFE0FFE0FFE0FFE0FFE0FFE0FFE0FF96
:10621000E0FFE0FFE0FFE0FFE0FFE0FFE0FFE0FF86
:10622000E0FFE0FFE0FFE0FFE0FFE0FFE0FFE0FF76
:10623000E0FFE0FFE0FFE0FFE0FFE0FFE0FFE0FF66
:10624000E0FFE0FFE0FFE0FFE0FFE0FFE0FFE0FF56
:10625000E0FFE0FFE0FFE0FFE0FFE0FFE0FFE0FF46
:10626000E0FFE0FFE0FFE0FFE0FFE0FFE0FFE0FF36
:10627000E0FFE0FFE0FFE0FFE0FFE0FFE0FFE0FF26
:10628000E0FFE0FFE0FFE0FFE0FFE0FFE0FFE0FF16
:10629000E0FFE0FFE0FFE0FFE0FFE0FFE0FFE0FF06
:1062A000E0FFE0FFE0FFE0FFE0FFE0FFE0FFE0FFF6
:1062B000E0FFE0FFE0FFE0FFE0FFE0FFE0FFE0FFE6
:1062C000E0FFE0FFE0FFE0FFE0FFE0FFE0FFE0FFD6
:1062D000E0FFE0FFE0FFE0FFE0FFE0FFE0FFE0FFC6
:1062E000E0FFE0FFE0FFE0FFE0FFE0FFE0FFE0FFB6
:1062F000E0FFE0FFE0FFE0FFE0FFE0FFE0FFE0FFA6
:10630000E0FFE0FFE0FFE0FFE0FFE0FFE0FFE0FF95
:10631000E0FFE0FFE0FFE0FFE0FFE0FFE0FFE0FF85
:10632000E0FFE0FFE0FFE0FFE0FFE0FFE0FFE0FF75
:10633000E0FFE0FFE0FFE0FFE0FFE0FFE0FFE0FF65
:10634000E0FFE0FFE0FFE0FFE0FFE0FFE0FFE0FF55
:10635000E0FFE0FFE0FFE0FFE0FFE0FFE0FFE0FF45
:10636000E0FFE0FFE0FFE0FFE0FFE0FFE0FFE0FF35
:10637000E0FFE0FFE0FFE0FFE0FFE0FFE0FFE0FF25
:10638000E0FFE0FFE0FFE0FFE0FFE0FFE0FFE0FF15
:10639000E0FFE0FFE0FFE0FFE0FFE0FFE0FFE0FF05
:1063A000E0FFE0FFE0FFE0FFE0FFE0FFE0FFE0FFF5
:1063B000E0FFE0FFE0FFE0FFE0FFE0FFE0FFE0FFE5
:1063C000E0FFE0FFE0FFE0FFE0FFE0FFE0FFE0FFD5
:1063D000E0FFE0FFE0FFE0FFE0FFE0FFE0FFE0FFC5
:1063E000E0FFE0FFE0FFE0FFE0FFE0FFE0FFE0FFB5
:1063F000E0FFE0FFE0FFE0FFE0FFE0FFE0FFE0FFA5
:10640000E0FFE0FFE0FFE0FFE0FFE0FFE0FFE0FF94
:10641000E0FFE0FFE0FFE0FFE0FFE0FFE0FFE0FF84
:10642000E0FFE0FFE0FFE0FFE0FFE0FFE0FFE0FF74
:10643000E0FFE0FFE0FFE0FFE0FFE0FFE0FFE0FF64
:10644000E0FFE0FFE0FFE0FFE0FFE0FFE0FFE0FF54
:10645000E0FFE0FFE0FFE0FFE0FFE0FFE0FFE0FF44
:10646000E0FFE0FFE0FFE0FFE0FFE0FFE0FFE0FF34
:10647000E0FFE0FFE0FFE0FFE0FFE0FFE0FFE0FF24
:10648000E0FFE0FFE0FFE0FFE0FFE0FFE0FFE0FF14
:10649000E0FFE0FFE0FFE0FFE0FFE0FFE0FFE0FF04
:1064A000E0FFE0FFE0FFE0FFE0FFE0FFE0FFE0FFF4
:1064B000E0FFE0FFE0FFE0FFE0FFE0FFE0FFE0FFE4
:1064C000E0FFE0FFE0FFE0FFE0FFE0FFE0FFE0FFD4
:1064D000E0FFE0FFE0FFE0FFE0FFE0FFE0FFE0FFC4
:1064E000E0FFE0FFE0FFE0FFE0FFE0FFE0FFE0FFB4
:1064F000E0FFE0FFE0FFE0FFE0FFE0FFE0FFE0FFA4
:10650000E0FFE0FFE0FFE0FFE0FFE0FFE0FFE0FF93
:10651000E0FFE0DE2084A0F7E0FFE0FFE0FFE0FF27
:10652000E0FFE0FFE0FFE0FFE0FFE0FFE0FFE0FF73
:10653000E0FFE0FFE0FFE0FFE0FFE0FFE0FFE0FF63
:10654000E0FFE0FFE0FFE0FFE0FFE0FFE0FFE0FF53
:10655000E0FFE0FFE0FFE0FFE0FFE0FFE0FFE0FF43
:10656000E0FFE0FFE0FFE0FFE0FFE0FFE0FFE0FF33
:10657000E0FFE0FFE0FFE0FFE0FFE0FFE0FFE0FF23
:10658000E0FFE0FFE0FFE0FFE0FFE0FFE0FFE0FF13
:10659000E0FFE0FFE0FFE0FFE0FFE0FFE0FFE0FF03
:1065A000E0FFE0FFE0FFE0FFE0FFE0FFE0FFE0FFF3
:1065B000E0FFE0FFE0FFE0FFE0FFE0FFE0FFE0FFE3
:1065C000E0FFE0FFE0FFE0FFE0FFE0FFE0FFE0FFD3
:1065D000E0FFE0FFE0FFE0FFE0FFE0FFE0FFE0FFC3
:1065E000E0FFE0FFE0FFE0FFE0FFE0FFE0FFE0FFB3
:1065F000E0FFE0FFE0FFE0FFE0FFE0FFE0FFE0FFA3
:10660000E0FFE0FFE0FFE0FFE0FFE0FFE0FFE0FF92
:10661000E0FFE0FFE0FFE0FFE0FFE0FFE0FFE0FF82
:10662000E0FFE0FFE0FFE0FFE0FFE0FFE0FFE0FF72
:10663000E0FFE0FFE0FFE0FFE0FFE0FFE0FFE0FF62
:10664000E0FFE0FFE0FFE0FFE0FFE0FFE0FFE0FF52
:10665000E0FFE0FFE0FFE0FFE0FFE0FFE0FFE0FF42
:10666000E0FFE0FFE0FFE0FFE0FFE0FFE0FFE0FF32
:10667000E0FFE0FFE0FFE0FFE0FFE0FFE0FFE0FF22
:10668000E0FFE0FFE0FFE0FFE0FFE0FFE0FFE0FF12
:10669000E0FFE0FFE0FFE0FFE0FFE0FFE0FFE0FF02
:1066A000E0FFE0FFE0FFE0FFE0FFE0FFE0FFE0FFF2
:1066B000E0FFE0FFE0FFE0FFE0FFE0FFE0FFE0FFE2
:1066C000E0FFE0FFE0FFE0FFE0FFE0FFE0FFE0FFD2
:1066D000E0FFE0FFE0FFE0FFE0FFE0FFE0FFE0FFC2
:1066E000E0FFE0FFE0FFE0FFE0FFE0FFE0FFE0FFB2
:1066F000E0FF20840000E0BDE0FF0000000000009B
:10670000E0FFE0FFE0FFE0FFE0FFE0FFE0FFE0FF91
:10671000E0FFE0FFE0FFE0FFE0FFE0FFE0FFE0FF81
:10672000E0FFE0FFE0FFE0FFE0FFE0FFE0FFE0FF71
:10673000E0FFE0FFE0FFE0FFE0FFE0FFE0FFE0FF61
:10674000E0FFE0FFE0FFE0FFE0FFE0FFE0FFE0FF51
:10675000E0FFE0FFE0FFE0FFE0FFE0FFE0FFE0FF41
:10676000E0FFE0FFE0FFE0FFE0FFE0FFE0FFE0FF31
:10677000E0FFE0FFE0FFE0FFE0FFE0FFE0FFE0FF21
:10678000E0FFE0FFE0FFE0FFE0FFE0FFE0FFE0FF11
:10679000E0FFE0FFE0FFE0FFE0FFE0FFE0FFE0FF01
:1067A000E0FFE0FFE0FFE0FFE0FFE0FFE0FFE0FFF1
:1067B000E0FFE0FFE0FFE0FFE0FFE0FFE0FFE0FFE1
:1067C000E0FFE0FFE0FFE0FFE0FFE0FFE0FFE0FFD1
:1067D000E0FFE0FFE0FFE0FFE0FFE0FFE0FFE0FFC1
:1067E000E0FFE0FFE0FFE0FFE0FFE0FFE0FFE0FFB1
:1067F000E0FFE0FFE0FFE0FFE0FFE0FFE0FFE0FFA1
:10680000E0FFE0FFE0FFE0FFE0FFE0FFE0FFE0FF90
:10681000E0FFE0FFE0FFE0FFE0FFE0FFE0FFE0FF80
:10682000E0FFE0FFE0FFE0FFE0FFE0FFE0FFE0FF70
:10683000E0FFE0FFE0FFE0FFE0FFE0FFE0FFE0FF60
:10684000E0FFE0FFE0FFE0FFE0FFE0FFE0FFE0FF50
:10685000E0FFE0FFE0FFE0FFE0FFE0FFE0FFE0FF40
:10686000E0FFE0FFE0FFE0FFE0FFE0FFE0FFE0FF30
:10687000E0FFE0FFE0FFE0FFE0FFE0FFE0FFE0FF20
:10688000E0FFE0FFE0FFE0FFE0FFE0FFE0FFE0FF10
:10689000E0FFE0FFE0FFE0FFE0FFE0FFE0FFE0FF00
:1068A000E0FFE0FFE0FFE0FFE0FFE0FFE0FFE0FFF0
:1068B000E0FFE0FFE0FFE0FFE0FFE0FFE0FFE0FFE0
:1068C000E0FFE0FFE0FFE0FFE0FFE0FFE0FFE0FFD0
:1068D000E0FFE07B0000E0BDE0FF00000000000002
:1068E000E0FFE0FFE0FFE0FFE0FFE0FFE0FFE0FFB0
:1068F000E0FFE0FFE0FFE0FFE0FFE0FFE0FFE0FFA0
:10690000E0FFE0FFE0FFE0FFE0FFE0FFE0FFE0FF8F
:10691000E0FFE0FFE0FFE0FFE0FFE0FFE0FFE0FF7F
:10692000E0FFE0FFE0FFE0FFE0FFE0FFE0FFE0FF6F
:10693000E0FFE0FFE0FFE0FFE0FF0000E0FFE0FF3E
:10694000E0FFE0FFE0FFE0FFE0FFE0FFE0FFE0FF4F
:10695000E0FFE0FFE0FFE0FFE0FFE0FFE0FFE0FF3F
:10696000E0FFE0FFE0FF00000000E0FFE0FFE0FFED
:10697000E0FFE0FFE0FFE0FFE0FFE0FFE0FFE0FF1F
:10698000E0FFE0FFE0FFE0FFE0FFE0FFE0FFE0FF0F
:10699000E0FFE0FFE0FFE0FFE0FFE0FFE0FFE0FFFF
:1069A000E0FFE0FFE0FFE0FFE0FFE0FFE0FFE0FFEF
:1069B000E0FFE0FFE0FFE0FFE0FFE0FFE0FFE0FFDF
:1069C000E0FFE0FFE0FFE0FFE0FFE0FFE0FFE0FFCF
:1069D000E0FFE0FFE0FFE0FFE0FFE0FFE0FFE0FFBF
:1069E000E0FFE0FFE0FFE0FFE0FFE0FFE0FFE0FFAF
:1069F000E0FFE0FFE0FFE0FFE0FFE0FFE0FFE0FF9F
:106A0000E0FFE0FFE0FFE0FFE0FFE0FFE0FFE0FF8E
:106A1000E0FFE0FFE0FFE0FFE0FFE0FFE0FFE0FF7E
:106A2000E0FFE0FFE0FFE0FFE0FFE0FFE0FFE0FF6E
:106A3000E0FFE0FFE0FFE0FFE0FFE0FFE0FFE0FF5E
:106A4000E0FFE0FFE0FFE0FFE0FFE0FFE0FFE0FF4E
:106A5000E0FFE0FFE0FFE0FFE0FFE0FFE0FFE0FF3E
:106A6000E0FFE0FFE0FFE0FFE0FFE0FFE0FFE0FF2E
:106A7000E0FFE0FFE0FFE0FFE0FFE0FFE0FFE0FF1E
:106A8000E0FFE0FFE0FFE0FFE0FFE0FFE0FFE0FF0E
:106A9000E0FFE0FFE0FFE0FFE0FFE0FFE0FFE0FFFE
:106AA000E0FFE0FFE0FFE0FFE0FFE0FFE0FFE0FFEE
:106AB000E0FFE07B0000E0BDE0FF00000000000020
:106AC000E0FFE0FFE0FFE0FFE0FFE0FFE0FFE0FFCE
:106AD000E0FFE0FFE0FFE0FFE0FFE0FFE0FFE0FFBE
:106AE000E0FFE0FFE0FFE0FFE0FFE0FFE0FFE0FFAE
:106AF000E0FFE0FFE0FFE0FFE0FFE0FFE0FFE0FF9E
:106B0000E0FFE0FFE0FFE0FFE0FFE0FFE0FFE0FF8D
:106B1000E0FFE0FFE0FFE0FFE0FF00000000E0FF3B
:106B2000E0FFE0FFE0FFE0FFE0FFE0FFE0FFE0FF6D
:106B3000E0FFE0FFE0FFE0FFE0FFE0FFE0FFE0FF5D
:106B4000E0FFE0FF0000000000000000E0FFE0FFC9
:106B5000E0FFE0FFE0FFE0FFE0FFE0FFE0FFE0FF3D
:106B6000E0FFE0FFE0FFE0FF00000000E0FFE0FFEB
:106B7000E0FFE0FFE0FFE0FFE0FFE0FFE0FFE0FF1D
:106B8000E0FFE0FFE0FFE0FFE0FFE0FFE0FFE0FF0D
:106B9000E0FFE0FFE0FFE0FFE0FF0000000000009A
:106BA00000000000000000000000000000000000E5
:106BB000E0FFE0FFE0FFE0FFE0FF0000000000007A
:106BC000E0FFE0FFE0FFE0FFE0FF0000000000006A
:106BD000E0FFE0FF000000000000E0FFE0FFE0FF5A
:106BE000E0FFE0FFE0FFE0FFE0FFE0FFE0FFE0FFAD
:106BF000E0FFE0FFE0FFE0FFE0FFE0FFE0FFE0FF9D
:106C0000E0FFE0FFE0FFE0FFE0FFE0FFE0FFE0FF8C
:106C1000E0FFE0FFE0FFE0FFE0FFE0FFE0FFE0FF7C
:106C2000E0FFE0FFE0FFE0FFE0FFE0FFE0FFE0FF6C
:106C3000E0FFE0FFE0FFE0FFE0FFE0FFE0FFE0FF5C
:106C4000E0FFE0FFE0FFE0FFE0FFE0FFE0FFE0FF4C
:106C5000E0FFE0FFE0FFE0FFE0FFE0FFE0FFE0FF3C
:106C6000E0FFE0FFE0FFE0FFE0FFE0FFE0FFE0FF2C
:106C7000E0FFE0FFE0FFE0FFE0FFE0FFE0FFE0FF1C
:106C8000E0FFE0FFE0FFE0FFE0FFE0FFE0FFE0FF0C
:106C9000E0FFE07B0000E0BDE0FF0000000000003E
:106CA000E0FFE0FFE0FFE0FFE0FFE0FFE0FFE0FFEC
:106CB000E0FFE0FFE0FFE0FFE0FFE0FFE0FFE0FFDC
:106CC000E0FFE0FFE0FFE0FFE0FFE0FFE0FFE0FFCC
:106CD000E0FFE0FFE0FFE0FFE0FFE0FFE0FFE0FFBC
:106CE000E0FFE0FFE0FFE0FFE0FFE0FFE0FFE0FFAC
:106CF000E0FFE0FFE0FFE0FF00000000E0FFE0FF5A
:106D0000E0FFE0FFE0FFE0FFE0FFE0FFE0FFE0FF8B
:106D1000E0FFE0FFE0FFE0FFE0FFE0FFE0FFE0FF7B
:106D2000E0FFE0FFE0FF000000000000E0FFE0FF08
:106D3000E0FFE0FFE0FFE0FFE0FFE0FFE0FFE0FF5B
:106D4000E0FFE0FFE0FFE0FF00000000E0FFE0FF09
:106D5000E0FFE0FFE0FFE0FFE0FFE0FFE0FFE0FF3B
:106D6000E0FFE0FFE0FFE0FFE0FFE0FFE0FFE0FF2B
:106D7000E0FF000000000000000000000000000034
:106D8000000000000000E0FFE0FFE0FFE0FFE0FFA8
:106D9000E0FFE0FFE0FFE0FFE0FFE0FF00000000B9
:106DA0000000E0FFE0FFE0FFE0FFE0FF0000E0FFA9
:106DB000E0FF00000000604AE0FFE0FFE0FFE0FFCE
:106DC000E0FFE0FFE0FFE0FFE0FFE0FFE0FFE0FFCB
:106DD000E0FFE0FFE0FFE0FFE0FFE0FFE0FFE0FFBB
:106DE000E0FFE0FFE0FFE0FFE0FFE0FFE0FFE0FFAB
:106DF000E0FFE0FFE0FFE0FFE0FFE0FFE0FFE0FF9B
:106E0000E0FFE0FFE0FFE0FFE0FFE0FFE0FFE0FF8A
:106E1000E0FFE0FFE0FFE0FFE0FFE0FFE0FFE0FF7A
:106E2000E0FF000000000000000000000000000083
:106E30000000E0FFE0FFE0FFE0FFE0FFE0FFE0FF39
:106E4000E0FFE0FFE0FFE0FFE0FFE0FFE0FFE0FF4A
:106E5000E0FFE0FFE0FFE0FFE0FFE0FFE0FFE0FF3A
:106E6000E0FFE0FFE0FFE0FFE0FFE0FFE0FFE0FF2A
:106E7000E0FFE07B0000E0BDE0FF0000000000005C
:106E8000E0FFE0FFE0FFE0FFE0FFE0FFE0FFE0FF0A
:106E9000E0FFE0FFE0FFE0FFE0FFE0FFE0FFE0FFFA
:106EA000E0FFE0FFE0FFE0FFE0FFE0FFE0FFE0FFEA
:106EB000E0FFE0FFE0FFE0FFE0FFE0FFE0FFE0FFDA
:106EC000E0FFE0FFE0FFE0FFE0FFE0FFE0FFE0FFCA
:106ED000E0FFE0FFE0FFE0FF00000000E0FFE0FF78
:106EE000E0FFE0FFE0FFE0FFE0FFE0FFE0FFE0FFAA
:106EF000E0FFE0FFE0FFE0FFE0FFE0FFE0FFE0FF9A
:106F0000E0FFE0FFE0FF00000000E0FFE0FFE0FF47
:106F1000E0FFE0FFE0FFE0FFE0FFE0FFE0FFE0FF79
:106F2000E0FFE0FFE0FF000000000000E0FFE0FF06
:106F3000E0FF000000000000000000000000000072
:106F40000000000000000000E0FFE0FFE0FFE0FFC5
:106F5000E0FF00000000E0FFE0FFE0FFE0FFE0FFF7
:106F6000E0FFE0FFE0FFE0FFE0FFE0FFE0FFE0FF29
:106F7000E0FFE0FFE0FFE0FFE0FFE0FFE0FF0000F8
:106F80000000E0FF00000000000000000000000022
:106F900000000000000000000000000000000000F1
:106FA000E0FFE0FFE0FFE0FFE0FFE0FFE0FFE0FFE9
:106FB000E0FFE0FFE0FFE0FFE0FFE0FFE0FFE0FFD9
:106FC000E0FFE0FFE0FFE0FFE0FFE0FFE0FFE0FFC9
:106FD000E0FFE0FFE0FFE0FFE0FFE0FFE0FFE0FFB9
:106FE000E0FFE0FFE0FFE0FFE0FFE0FFE0FFE0FFA9
:106FF000E0FFE0FFE0FFE0FFE0FFE0FFE0FFE0FF99
:10700000E0FF000000000000E0FFE0FFE0FFE0FF25
:10701000E0FFE0FFE0FFE0FFE0FFE0FFE0FFE0FF78
:10702000E0FFE0FFE0FFE0FFE0FFE0FFE0FFE0FF68
:10703000E0FFE0FFE0FFE0FFE0FFE0FFE0FFE0FF58
:10704000E0FFE0FFE0FFE0FFE0FFE0FF00E740EFF0
:10705000E0FFE07B0000E0BDE0FF0000000000007A
:10706000E0FFE0FFE0FFE0FFE0FFE0FFE0FFE0FF28
:10707000E0FFE0FFE0FFE0FFE0FFE0FFE0FFE0FF18
:10708000E0FFE0FFE0FFE0FFE0FFE0FFE0FFE0FF08
:10709000E0FFE0FFE0FFE0FFE0FFE0FFE0FFE0FFF8
:1070A000E0FFE0FFE0FFE0FFE0FFE0FF00000000A6
:1070B00000000000000000000000000000000000D0
:1070C0000000000000000000000000000000E0FFE1
:1070D000E0FFE0FFE0FF0000000000000000000013
:1070E00000000000000000000000000000000000A0
:1070F0000000000000000000000000000000E0FFB1
:10710000E0FFE0FFE0FF00000000E0FFE0FFE0FF45
:10711000E0FFE0FFE0FFE0FFE0FF00000000E0FF35
:10712000E0FFE0FFE0FFE0FFE0FFE0FFE0FFE0FF67
:10713000E0FF00000000E0FFE0FFE0FFE0FFE0FF15
:1071400000000000E0FFE0FFE0FFE0FFE0FFE0FF05
:10715000E0FFE0FFE0FFE0FFE0FFE0FFE0FFE0FF37
:10716000E0FFE0FFE0FFE0FFE0FFE0FF00000000E5
:10717000E0FF00000000604AE0FFE0FFE0FFE0FF0A
:10718000E0FFE0FFE0FFE0FFE0FFE0FFE0FFE0FF07
:10719000E0FFE0FFE0FFE0FFE0FFE0FFE0FFE0FFF7
:1071A000E0FFE0FFE0FFE0FFE0FFE0FFE0FFE0FFE7
:1071B000E0FFE0FFE0FFE0FFE0FFE0FFE0FFE0FFD7
:1071C000E0FFE0FFE0FFE0FFE0FFE0FFE0FFE0FFC7
:1071D000E0FFE0FFE0FFE0FFE0FFE0FFE0FFE0FFB7
:1071E000E0FF000000000000E0FFE0FFE0FFE0FF44
:1071F000E0FFE0FFE0FFE0FFE0FFE0FFE0FFE0FF97
:10720000E0FFE0FFE0FFE0FFE0FFE0FFE0FFE0FF86
:10721000E0FFE0FFE0FFE0FFE0FFE0FFE0FFE0FF76
:10722000E0FFE0FFE0FFE0FFE0FFE0FF0000000024
:1072300080B5E07B0000E0BDE0FF00000000000042
:10724000E0FFE0FFE0FFE0FFE0FFE0FFE0FFE0FF46
:10725000E0FFE0FFE0FFE0FFE0FFE0FFE0FFE0FF36
:10726000E0FFE0FFE0FFE0FFE0FFE0FFE0FFE0FF26
:10727000E0FFE0FFE0FFE0FFE0FFE0FFE0FFE0FF16
:10728000E0FFE0FFE0FFE0FFE0FFE0FFE0FFE0FF06
:10729000E0FFE0FF000000000000E0FFE0FFE0FF93
:1072A000E0FFE0FFE0FFE0FFE0FFE0FFE0FFE0FFE6
:1072B000E0FFE0FFE0FF0000000000000000000031
:1072C00000000000000000000000000000000000BE
:1072D0000000000000000000000000000000E0FFCF
:1072E000E0FFE0FF000000000000E0FF0000000001
:1072F00000000000E0FFE0FFE0FF00000000E0FF12
:10730000E0FFE0FFE0FFE0FFE0FFE0FFE0FFE0FF85
:10731000E0FF00000000E0FFE0FFE0FFE0FFE0FF33
:1073200000000000E0FFE0FFE0FFE0FFE0FFE0FF23
:10733000E0FFE0FFE0FFE0FFE0FFE0FFE0FFE0FF55
:10734000E0FFE0FF000000000000E0FF00000000A0
:10735000E0FF00000000604AE0FF00000000E0FFE6
:10736000E0FFE0FFE0FFE0FFE0FFE0FFE0FFE0FF25
:10737000E0FFE0FFE0FFE0FFE0FFE0FFE0FFE0FF15
:10738000E0FFE0FFE0FFE0FFE0FFE0FFE0FFE0FF05
:10739000E0FFE0FFE0FFE0FFE0FFE0FFE0FFE0FFF5
:1073A000E0FFE0FFE0FFE0FFE0FFE0FFE0FFE0FFE5
:1073B000E0FFE0FFE0FFE0FFE0FFE0FFE0FFE0FFD5
:1073C000E0FF000000000000E0FFE0FFE0FFE0FF62
:1073D000E0FFE0FFE0FFE0FFE0FFE0FFE0FFE0FFB5
:1073E000E0FFE0FFE0FFE0FFE0FFE0FFE0FFE0FFA5
:1073F000E0FFE0FFE0FFE0FFE0FFE0FFE0FFE0FF95
:10740000E0FFE0FFE0FFE0FFE0FF00E7000000003A
:107410000000E07B0000E0BDE0FF00000000000095
:10742000E0FFE0FFE0FFE0FFE0FFE0FFE0FFE0FF64
:10743000E0FFE0FFE0FFE0FFE0FFE0FFE0FFE0FF54
:10744000E0FFE0FFE0FFE0FFE0FFE0FFE0FFE0FF44
:10745000E0FFE0FFE0FFE0FFE0FFE0FFE0FFE0FF34
:10746000E0FFE0FFE0FFE0FFE0FFE0FFE0FFE0FF24
:10747000E0FFE0FF000000000000E0FFE0FFE0FFB1
:10748000E0FFE0FFE0FFE0FFE0FFE0FFE0FFE0FF04
:10749000E0FFE0FFE0FFE0FFE0FFE0FFE0FFE0FFF4
:1074A000E0FF0000E0FFE0FFE0FFE0FFE0FFE0FFC3
:1074B000E0FFE0FFE0FFE0FFE0FFE0FFE0FFE0FFD4
:1074C000E0FF000000000000E0FFE0FF000000001F
:1074D0000000E0FFE0FFE0FFE0FF00000000E0FF51
:1074E000E0FFE0FFE0FFE0FFE0FFE0FFE0FFE0FFA4
:1074F000E0FF00000000E0FFE0FFE0FFE0FFE0FF52
:1075000000000000E0FFE0FFE0FFE0FFE0FFE0FF41
:10751000E0FFE0FFE0FFE0FFE0FFE0FFE0FFE0FF73
:10752000E0FFE0FFE0FF00000000000000000000BE
:10753000E0FF00000000604A00000000E0FFE0FF04
:10754000E0FFE0FFE0FFE0FFE0FFE0FFE0FFE0FF43
:10755000E0FFE0FFE0FFE0FFE0FFE0FFE0FFE0FF33
:10756000E0FFE0FFE0FFE0FFE0FFE0FFE0FFE0FF23
:10757000E0FFE0FFE0FFE0FFE0FFE0FFE0FFE0FF13
:10758000E0FFE0FFE0FFE0FFE0FFE0FFE0FFE0FF03
:10759000E0FFE0FFE0FFE0FFE0FFE0FFE0FFE0FFF3
:1075A00000000000000000000000000000000000DB
:1075B000E0FFE0FFE0FFE0FFE0FFE0FFE0FFE0FFD3
:1075C000E0FFE0FFE0FFE0FFE0FFE0FFE0FFE0FFC3
:1075D000E0FFE0FFE0FFE0FFE0FFE0FFE0FFE0FFB3
:1075E000E0FFE0FFE0FFE0FFE0FFE0FF0000000061
:1075F00080B5E07B0000E0BDE0FF0000000000007F
:10760000E0FFE0FFE0FFE0FFE0FFE0FFE0FFE0FF82
:10761000E0FFE0FFE0FFE0FFE0FFE0FFE0FFE0FF72
:10762000E0FFE0FFE0FFE0FFE0FFE0FFE0FFE0FF62
:10763000E0FFE0FFE0FFE0FFE0FFE0FFE0FFE0FF52
:10764000E0FFE0FFE0FFE0FFE0FFE0FFE0FFE0FF42
:107650000000000000000000E0FFE0FF000000006C
:107660000000E0FFE0FFE0FFE0FFE0FFE0FFE0FF01
:10767000E0FFE0FFE0FFE0FFE0FFE0FFE0FFE0FF12
:10768000E0FF0000E0FFE0FFE0FFE0FFE0FFE0FFE1
:10769000E0FFE0FFE0FFE0FFE0FFE0FFE0FFE0FFF2
:1076A0000000000000000000000000000000E0FFFB
:1076B000E0FFE0FFE0FFE0FFE0FF00000000E0FF90
:1076C000E0FFE0FFE0FFE0FFE0FFE0FFE0FFE0FFC2
:1076D000000000000000E0FFE0FFE0FFE0FFE0FF4F
:1076E00000000000E0FFE0FFE0FFE0FFE0FFE0FF60
:1076F000E0FFE0FFE0FFE0FF00000000000000000E
:10770000E0FFE0FFE0FFE0FFE0FFE0FF000000003F
:10771000E0FF00000000604AE0FFE0FFE0FFE0FF64
:10772000E0FFE0FFE0FFE0FFE0FFE0FFE0FFE0FF61
:10773000E0FFE0FFE0FFE0FFE0FFE0FFE0FFE0FF51
:10774000E0FFE0FFE0FFE0FFE0FFE0FFE0FFE0FF41
:10775000E0FFE0FFE0FFE0FFE0FFE0FFE0FFE0FF31
:10776000E0FFE0FFE0FFE0FFE0FFE0FFE0FFE0FF21
:10777000E0FFE0FFE0FFE0FFE0FFE0FFE0FFE0FF11
:1077800000000000000000000000000000000000F9
:107790000000E0FFE0FFE0FFE0FFE0FFE0FFE0FFD0
:1077A000E0FFE0FFE0FFE0FFE0FFE0FFE0FFE0FFE1
:1077B000E0FFE0FFE0FFE0FFE0FFE0FFE0FFE0FFD1
:1077C000E0FFE0FFE0FFE0FFE0FFE0FF00E740EF69
:1077D000E0FF608C000060ADE0FF000000000000F2
:1077E000E0FFE0FFE0FFE0FFE0FFE0FFE0FFE0FFA1
:1077F000E0FFE0FFE0FFE0FFE0FFE0FFE0FFE0FF91
:10780000E0FFE0FFE0FFE0FFE0FFE0FFE0FFE0FF80
:10781000E0FFE0FFE0FFE0FFE0FFE0FFE0FFE0FF70
:10782000E0FFE0FFE0FFE0FFE0FFE0FFE0FF00003F
:10783000000000000000E0FFE0FFE0FF00000000AB
:107840000000E0FFE0FFE0FFE0FFE0FFE0FFE0FF1F
:10785000E0FFE0FFE0FFE0FFE0FFE0FFE0FFE0FF30
:1078600000000000E0FFE0FFE0FFE0FFE0FFE0FFDE
:10787000E0FFE0FFE0FFE0FFE0FFE0FFE0FFE0FF10
:10788000E0FFE0FFE0FFE0FFE0FF00000000E0FFBE
:10789000E0FFE0FFE0FFE0FFE0FF00000000E0FFAE
:1078A000E0FFE0FFE0FFE0FFE0FFE0FFE0FFE0FFE0
:1078B00000000000000000000000000000000000C8
:1078C00000000000000000000000000000000000B8
:1078D0000000E0FFE0FFE0FFE0FFE0FFE0FF00006E
:1078E000E0FF0000000000000000000000000000B9
:1078F0000000000000000000000000000000000088
:10790000E0FFE0FFE0FFE0FFE0FFE0FFE0FFE0FF7F
:10791000E0FFE0FFE0FFE0FFE0FFE0FFE0FFE0FF6F
:10792000E0FFE0FFE0FFE0FFE0FFE0FFE0FFE0FF5F
:10793000E0FFE0FFE0FFE0FFE0FFE0FFE0FFE0FF4F
:10794000E0FFE0FFE0FFE0FFE0FFE0FFE0FFE0FF3F
:10795000E0FFE0FFE0FFE0FFE0FFE0FFE0FFE0FF2F
:10796000000000000000E0FFE0FFE0FF000000007A
:107970000000E0FFE0FFE0FFE0FFE0FFE0FFE0FFEE
:10798000E0FFE0FFE0FFE0FF00000000000000007B
:107990000000000000000000000000000000E0FF08
:1079A000E0FFE0FFE0FFE0FFE0FFE0FFE0FFE0FFDF
:1079B000E0FFE09C0000E09CE0FF00000000000011
:1079C000E0FFE0FFE0FFE0FFE0FFE0FFE0FFE0FFBF
:1079D000E0FFE0FFE0FFE0FFE0FFE0FFE0FFE0FFAF
:1079E000E0FFE0FFE0FFE0FFE0FFE0FFE0FFE0FF9F
:1079F000E0FFE0FFE0FFE0FFE0FFE0FFE0FFE0FF8F
:107A0000E0FFE0FFE0FFE0FFE0FFE0FF000000003C
:107A10000000000000000000000000000000000066
:107A20000000000000000000000000000000E0FF77
:107A3000E0FFE0FFE0FFE0FFE0FFE0FFE0FFE0FF4E
:107A40000000000000000000000000000000000036
:107A50000000000000000000E0FFE0FFE0FFE0FFAA
:107A6000E0FFE0FFE0FFE0FF00000000E0FFE0FFDC
:107A7000E0FFE0FFE0FFE0FFE0FF00000000E0FFCC
:107A8000E0FFE0FFE0FFE0FFE0FFE0FFE0FFE0FFFE
:107A900000000000000000000000000000000000E6
:107AA00000000000000000000000000000000000D6
:107AB0000000E0FFE0FFE0FFE0FFE0FFE0FF00008C
:107AC000E0FFE0FFE0FFE0FFE0FFE0FFE0FFE0FFBE
:107AD000E0FFE0FFE0FFE0FFE0FFE0FFE0FFE0FFAE
:107AE000E0FFE0FFE0FFE0FFE0FFE0FFE0FFE0FF9E
:107AF000E0FFE0FFE0FFE0FFE0FFE0FFE0FFE0FF8E
:107B0000E0FFE0FFE0FFE0FFE0FFE0FFE0FFE0FF7D
:107B1000E0FFE0FFE0FFE0FFE0FFE0FFE0FFE0FF6D
:107B2000E0FFE0FFE0FFE0FFE0FFE0FFE0FFE0FF5D
:107B3000E0FFE0FFE0FFE0FFE0FFE0FFE0FFE0FF4D
:107B4000E0FFE0FFE0FFE0FFE0FFE0FF00000000FB
:107B50000000E0FFE0FFE0FFE0FFE0FFE0FFE0FF0C
:107B6000E0FFE0FFE0FFE0FFE0FFE0FFE0FFE0FF1D
:107B7000E0FFE0FFE0FFE0FFE0FFE0FFE0FFE0FF0D
:107B8000E0FFE0FFE0FFE0FFE0FFE0FFE0FFE0FFFD
:107B9000E0FFE09C0000E09CE0FF0000000000002F
:107BA000E0FFE0FFE0FFE0FFE0FFE0FFE0FFE0FFDD
:107BB000E0FFE0FFE0FFE0FFE0FFE0FFE0FFE0FFCD
:107BC000E0FFE0FFE0FFE0FFE0FFE0FFE0FFE0FFBD
:107BD000E0FFE0FFE0FFE0FFE0FFE0FFE0FFE0FFAD
:107BE000E0FFE0FFE0FFE0FFE0FFE0FFE0FF00007C
:107BF0000000000000000000000000000000000085
:107C00000000000000000000000000000000E0FF95
:107C1000E0FFE0FFE0FFE0FFE0FFE0FFE0FFE0FF6C
:107C200000000000E0FFE0FFE0FFE0FFE0FFE0FF1A
:107C3000E0FF000000000000E0FFE0FFE0FFE0FFE9
:107C4000E0FFE0FFE0FF000000000000E0FFE0FFD9
:107C5000E0FFE0FFE0FFE0FFE0FF00000000E0FFEA
:107C6000E0FFE0FFE0FFE0FFE0FFE0FFE0FFE0FF1C
:107C7000E0FFE0FFE0FFE0FFE0FFE0FFE0FFE0FF0C
:107C800000000000E0FFE0FFE0FFE0FFE0FFE0FFBA
:107C9000E0FFE0FFE0FFE0FFE0FFE0FFE0FF0000CB
:107CA000E0FFE0FFE0FFE0FFE0FFE0FFE0FFE0FFDC
:107CB000E0FFE0FFE0FFE0FFE0FFE0FFE0FFE0FFCC
:107CC000E0FFE0FFE0FFE0FFE0FFE0FFE0FFE0FFBC
:107CD000E0FFE0FFE0FFE0FFE0FFE0FFE0FFE0FFAC
:107CE000E0FFE0FFE0FFE0FFE0FFE0FFE0FFE0FF9C
:107CF000E0FFE0FFE0FFE0FFE0FFE0FFE0FFE0FF8C
:107D0000E0FFE0FFE0FFE0FFE0FFE0FFE0FFE0FF7B
:107D1000E0FFE0FFE0FFE0FFE0FFE0FFE0FFE0FF6B
:107D2000E0FFE0FFE0FFE0FFE0FFE0FFE0FF00003A
:107D300000000000E0FFE0FFE0FFE0FFE0FFE0FF09
:107D4000E0FFE0FFE0FFE0FFE0FFE0FFE0FFE0FF3B
:107D5000E0FFE0FFE0FFE0FFE0FFE0FFE0FFE0FF2B
:107D6000E0FFE0FFE0FFE0FFE0FFE0FF00E740EFC3
:107D7000E0FFE09C0000E09CE0FF0000000000004D
:107D8000E0FFE0FFE0FFE0FFE0FFE0FFE0FFE0FFFB
:107D9000E0FFE0FFE0FFE0FFE0FFE0FFE0FFE0FFEB
:107DA000E0FFE0FFE0FFE0FFE0FFE0FFE0FFE0FFDB
:107DB000E0FFE0FFE0FFE0FFE0FFE0FFE0FFE0FFCB
:107DC000E0FFE0FFE0FFE0FFE0FFE0FFE0FFE0FFBB
:107DD000E0FFE0FFE0FFE0FFE0FFE0FF0000000069
:107DE0000000E0FFE0FFE0FFE0FFE0FFE0FFE0FF7A
:107DF000E0FFE0FFE0FFE0FFE0FFE0FFE0FFE0FF8B
:107E000000000000E0FFE0FFE0FFE0FFE0FFE0FF38
:107E1000E0FF000000000000E0FFE0FFE0FFE0FF07
:107E2000E0FFE0FF000000000000E0FFE0FF0000D6
:107E30000000E0FFE0FFE0FFE0FF00000000E0FFE7
:107E4000E0FFE0FFE0FFE0FFE0FFE0FFE0FFE0FF3A
:107E5000E0FFE0FFE0FF00000000E0FFE0FFE0FFE8
:107E600000000000E0FFE0FFE0FFE0FFE0FFE0FFD8
:107E7000E0FFE0FFE0FFE0FFE0FFE0FFE0FF0000E9
:107E8000E0FFE0FFE0FFE0FF000000000000000076
:107E9000000000000000000000000000E0FFE0FF24
:107EA000E0FFE0FFE0FFE0FFE0FFE0FFE0FFE0FFDA
:107EB000E0FFE0FFE0FFE0FFE0FFE0FFE0FFE0FFCA
:107EC000E0FFE0FFE0FFE0FFE0FFE0FFE0FFE0FFBA
:107ED000E0FFE0FFE0FFE0FFE0FFE0FFE0FFE0FFAA
:107EE000E0FFE0FFE0FFE0FFE0FFE0FFE0FFE0FF9A
:107EF000E0FFE0FFE0FFE0FFE0FFE0FFE0FFE0FF8A
:107F0000E0FFE0FFE0FFE0FFE0FFE0FFE0FF000058
:107F100000000000E0FFE0FFE0FFE0FFE0FFE0FF27
:107F2000E0FFE0FFE0FFE0FFE0FFE0FFE0FFE0FF59
:107F3000E0FFE0FFE0FFE0FFE0FFE0FFE0FFE0FF49
:107F4000E0FFE0FFE0FFE0FFE0FFE0FF00000000F7
:107F500080B5E09C0000E09CE0FF00000000000015
:107F6000E0FFE0FFE0FFE0FFE0FFE0FFE0FFE0FF19
:107F7000E0FFE0FFE0FFE0FFE0FFE0FFE0FFE0FF09
:107F8000E0FFE0FFE0FFE0FFE0FFE0FFE0FFE0FFF9
:107F9000E0FFE0FFE0FFE0FFE0FFE0FFE0FFE0FFE9
:107FA000E0FFE0FFE0FFE0FFE0FFE0FFE0FFE0FFD9
:107FB000E0FFE0FFE0FFE0FFE0FFE0FF0000000087
:107FC0000000E0FFE0FFE0FFE0FFE0FFE0FFE0FF98
:107FD000E0FFE0FFE0FFE0FFE0FFE0FFE0FFE0FFA9
:107FE00000000000E0FFE0FFE0FFE0FFE0FFE0FF57
:107FF000E0FF00000000E0FFE0FFE0FFE0FFE0FF47
:10800000E0FF000000000000000000000000000091
:108010000000E0FFE0FFE0FFE0FF00000000E0FF05
:10802000E0FFE0FFE0FFE0FFE0FFE0FFE0FFE0FF58
:10803000E0FFE0FFE0FF000000000000E0FFE0FFE5
:1080400000000000E0FF000000000000E0FFE0FF93
:10805000E0FFE0FFE0FFE0FFE0FFE0FFE0FF000007
:10806000E0FFE0FFE0FFE0FF00000000E0FFE0FFD6
:10807000E0FFE0FFE0FFE0FF00000000E0FFE0FFC6
:10808000E0FFE0FFE0FFE0FFE0FFE0FFE0FFE0FFF8
:10809000E0FFE0FFE0FFE0FFE0FFE0FFE0FFE0FFE8
:1080A000E0FFE0FFE0FFE0FFE0FFE0FFE0FFE0FFD8
:1080B000E0FFE0FFE0FFE0FFE0FFE0FFE0FFE0FFC8
:1080C000E0FFE0FFE0FFE0FFE0FFE0FFE0FFE0FFB8
:1080D000E0FFE0FFE0FFE0FFE0FFE0FFE0FFE0FFA8
:1080E000000000000000E0FFE0FFE0FF00000000F3
:1080F0000000E0FFE0FFE0FFE0FFE0FFE0FFE0FF67
:10810000E0FFE0FFE0FFE0FFE0FFE0FFE0FFE0FF77
:10811000E0FFE0FFE0FFE0FFE0FFE0FFE0FFE0FF67
:10812000E0FFE0FFE0FFE0FFE0FF00E7000000000D
:108130000000E09C0000E09CE0FF00000000000068
:10814000E0FFE0FFE0FFE0FFE0FFE0FFE0FFE0FF37
:10815000E0FFE0FFE0FFE0FFE0FFE0FFE0FFE0FF27
:10816000E0FFE0FFE0FFE0FFE0FFE0FFE0FFE0FF17
:10817000E0FFE0FFE0FFE0FFE0FFE0FFE0FFE0FF07
:10818000E0FFE0FFE0FFE0FFE0FFE0FFE0FFE0FFF7
:10819000E0FF000000000000E0FFE0FF0000000042
:1081A0000000E0FF000000000000E0FFE0FFE0FF53
:1081B000E0FFE0FFE0FFE0FFE0FFE0FFE0FF0000A6
:1081C00000000000E0FFE0FFE0FFE0FFE0FFE0FF75
:1081D000E0FF00000000E0FFE0FFE0FFE0FFE0FF65
:1081E000E0FFE0FFE0FFE0FFE0FFE0FFE0FFE0FF97
:1081F000E0FFE0FFE0FFE0FFE0FF00000000E0FF45
:10820000E0FFE0FFE0FFE0FFE0FFE0FFE0FFE0FF76
:10821000E0FF000000000000E0FFE0FFE0FFE0FF03
:1082200000000000E0FFE0FF000000000000000090
:10823000E0FFE0FFE0FFE0FFE0FFE0FFE0FF000025
:10824000E0FFE0FFE0FFE0FF0000000000000000B2
:10825000000000000000000000000000E0FFE0FF60
:10826000E0FFE0FFE0FFE0FFE0FFE0FFE0FFE0FF16
:10827000E0FFE0FFE0FFE0FFE0FFE0FFE0FFE0FF06
:10828000E0FFE0FFE0FFE0FFE0FFE0FFE0FFE0FFF6
:10829000E0FFE0FFE0FFE0FFE0FFE0FFE0FFE0FFE6
:1082A000E0FFE0FFE0FFE0FFE0FFE0FFE0FFE0FFD6
:1082B000E0FFE0FFE0FFE0FFE0FFE0FFE0FFE0FFC6
:1082C000000000000000E0FFE0FF000000000000F0
:1082D0000000E0FFE0FFE0FFE0FFE0FFE0FFE0FF85
:1082E000E0FFE0FFE0FFE0FFE0FFE0FFE0FFE0FF96
:1082F000E0FFE0FFE0FFE0FFE0FFE0FFE0FFE0FF86
:10830000E0FFE0FFE0FFE0FFE0FFE0FF0000000033
:1083100080B5E09C0000E09CE0FF00000000000051
:10832000E0FFE0FFE0FFE0FFE0FFE0FFE0FFE0FF55
:10833000E0FFE0FFE0FFE0FFE0FFE0FFE0FFE0FF45
:10834000E0FFE0FFE0FFE0FFE0FFE0FFE0FFE0FF35
:10835000E0FFE0FFE0FFE0FFE0FFE0FFE0FFE0FF25
:10836000E0FFE0FFE0FFE0FFE0FFE0FFE0FFE0FF15
:10837000000000000000E0FFE0FFE0FF0000000060
:108380000000E0FFE0FF000000000000E0FFE0FF71
:10839000E0FFE0FFE0FFE0FFE0FFE0FF00000000A3
:1083A00000000000E0FFE0FFE0FFE0FFE0FFE0FF93
:1083B000E0FF00000000E0FFE0FFE0FFE0FFE0FF83
:1083C000E0FFE0FFE0FFE0FFE0FFE0FFE0FF000094
:1083D00000000000E0FFE0FFE0FF00000000E0FF21
:1083E000E0FFE0FFE0FFE0FFE0FFE0FFE0FFE0FF95
:1083F000000000000000E0FFE0FFE0FFE0FFE0FF22
:1084000000000000E0FFE0FFE0FF000000000000CF
:108410000000E0FFE0FFE0FFE0FFE0FFE0FF000022
:10842000000000000000E0FF00000000000000006D
:10843000000000000000000000000000E0FFE0FF7E
:10844000E0FFE0FFE0FFE0FFE0FFE0FFE0FFE0FF34
:10845000E0FFE0FFE0FFE0FFE0FFE0FFE0FFE0FF24
:10846000E0FFE0FFE0FFE0FFE0FFE0FFE0FFE0FF14
:10847000E0FFE0FFE0FFE0FFE0FFE0FFE0FFE0FF04
:10848000E0FFE0FFE0FFE0FFE0FFE0FFE0FFE0FFF4
:10849000E0FFE0FFE0FFE0FFE0FFE0FFE0FFE0FFE4
:1084A000E0FF0000000000000000000000000000ED
:1084B000E0FFE0FFE0FFE0FFE0FFE0FFE0FFE0FFC4
:1084C000E0FFE0FFE0FFE0FFE0FFE0FFE0FFE0FFB4
:1084D000E0FFE0FFE0FFE0FFE0FFE0FFE0FFE0FFA4
:1084E000E0FFE0FFE0FFE0FFE0FFE0FF00E740EF3C
:1084F000E0FFE09C0000E09CE0FF000000000000C6
:10850000E0FFE0FFE0FFE0FFE0FFE0FFE0FFE0FF73
:10851000E0FFE0FFE0FFE0FFE0FFE0FFE0FFE0FF63
:10852000E0FFE0FFE0FFE0FFE0FFE0FFE0FFE0FF53
:10853000E0FFE0FFE0FFE0FFE0FFE0FFE0FFE0FF43
:10854000E0FFE0FFE0FFE0FFE0FFE0FFE0FF000012
:1085500000000000E0FFE0FFE0FFE0FF000000009F
:108560000000E0FFE0FFE0FF000000000000E0FF8F
:10857000E0FFE0FFE0FFE0FFE0FFE0FF00000000C1
:108580000000E0FFE0FFE0FFE0FFE0FFE0FFE0FFD2
:10859000E0FF00000000E0FFE0FFE0FFE0FFE0FFA1
:1085A000E0FFE0FFE0FFE0FFE0FF00000000000070
:1085B00000000000E0FFE0FFE0FF00000000E0FF3F
:1085C000E0FFE0FFE0FFE0FFE0FFE0FFE0FF000092
:1085D000000000000000E0FFE0FFE0FFE0FFE0FF40
:1085E00000000000E0FFE0FFE0FFE0FF000000000F
:1085F0000000E0FFE0FFE0FFE0FFE0FFE0FF000041
:10860000000000000000E0FF00000000E0FFE0FFCD
:10861000E0FFE0FFE0FFE0FF00000000E0FFE0FF20
:10862000E0FFE0FFE0FFE0FFE0FFE0FFE0FFE0FF52
:10863000E0FFE0FFE0FFE0FFE0FFE0FFE0FFE0FF42
:10864000E0FFE0FFE0FFE0FFE0FFE0FFE0FFE0FF32
:10865000E0FFE0FFE0FFE0FFE0FFE0FFE0FFE0FF22
:10866000E0FFE0FFE0FFE0FFE0FFE0FFE0FFE0FF12
:10867000E0FFE0FFE0FFE0FFE0FFE0FFE0FFE0FF02
:10868000E0FFE0FFE0FF000000000000E0FFE0FF8F
:10869000E0FFE0FFE0FFE0FFE0FFE0FFE0FFE0FFE2
:1086A000E0FFE0FFE0FFE0FFE0FFE0FFE0FFE0FFD2
:1086B000E0FFE0FFE0FFE0FFE0FFE0FFE0FFE0FFC2
:1086C000E0FFE0FFE0FFE0FFE0FFE0FFE0FFE0FFB2
:1086D000E0FFE09C0000E09CE0FF000000000000E4
:1086E000E0FFE0FFE0FFE0FFE0FFE0FFE0FFE0FF92
:1086F000E0FFE0FFE0FFE0FFE0FFE0FFE0FFE0FF82
:10870000E0FFE0FFE0FFE0FFE0FFE0FFE0FFE0FF71
:10871000E0FFE0FFE0FFE0FFE0FFE0FFE0FFE0FF61
:10872000E0FFE0FFE0FFE0FFE0FFE0FF000000000F
:108730000000E0FFE0FFE0FFE0FFE0FF00000000DE
:108740000000E0FFE0FFE0FF00000000000000008C
:10875000E0FFE0FFE0FFE0FFE0FF000000000000BE
:10876000E0FFE0FFE0FFE0FFE0FFE0FFE0FFE0FF11
:10877000E0FF00000000E0FFE0FFE0FFE0FFE0FFBF
:10878000E0FF000000000000000000000000E0FF2B
:1087900000000000000000000000000000000000D9
:1087A0000000000000000000E0FFE0FFE0FFE0FF4D
:1087B00000000000E0FFE0FFE0FFE0FFE0FFE0FF7F
:1087C00000000000E0FFE0FFE0FFE0FFE0FF00004E
:1087D0000000E0FFE0FFE0FFE0FFE0FFE0FF00005F
:1087E00000000000E0FFE0FF00000000E0FFE0FF0D
:1087F000E0FFE0FFE0FFE0FF00000000E0FFE0FF3F
:10880000E0FFE0FFE0FFE0FFE0FFE0FFE0FFE0FF70
:10881000E0FFE0FFE0FFE0FFE0FFE0FFE0FFE0FF60
:10882000E0FFE0FFE0FFE0FFE0FFE0FFE0FFE0FF50
:10883000E0FFE0FFE0FFE0FFE0FFE0FFE0FFE0FF40
:10884000E0FFE0FFE0FFE0FFE0FFE0FFE0FFE0FF30
:10885000E0FFE0FFE0FFE0FFE0FFE0FFE0FFE0FF20
:10886000E0FFE0FFE0FFE0FFE0FFE0FFE0FFE0FF10
:10887000E0FFE0FFE0FFE0FFE0FFE0FFE0FFE0FF00
:10888000E0FFE0FFE0FFE0FFE0FFE0FFE0FFE0FFF0
:10889000E0FFE0FFE0FFE0FFE0FFE0FFE0FFE0FFE0
:1088A000E0FFE0FFE0FFE0FFE0FFE0FFE0FFE0FFD0
:1088B000E0FFE09C0000E09CE0FF00000000000002
:1088C000E0FFE0FFE0FFE0FFE0FFE0FFE0FFE0FFB0
:1088D000E0FFE0FFE0FFE0FFE0FFE0FFE0FFE0FFA0
:1088E000E0FFE0FFE0FFE0FFE0FFE0FFE0FFE0FF90
:1088F000E0FFE0FFE0FFE0FFE0FFE0FFE0FFE0FF80
:10890000E0FFE0FFE0FFE0FFE0FFE0FF000000002D
:10891000E0FFE0FFE0FFE0FF0000000000000000DB
:108920000000E0FFE0FFE0FFE0FF00000000E0FFEC
:10893000E0FFE0FFE0FFE0FF000000000000E0FFDC
:10894000E0FFE0FFE0FFE0FFE0FF000000000000CC
:10895000000000000000E0FFE0FFE0FFE0FFE0FFBC
:10896000E0FF0000000000000000E0FFE0FFE0FF8B
:1089700000000000000000000000000000000000F7
:108980000000000000000000E0FFE0FFE0FFE0FF6B
:10899000E0FFE0FFE0FFE0FF00000000000000005B
:1089A00000000000E0FFE0FFE0FFE0FFE0FFE0FF8D
:1089B000E0FFE0FFE0FFE0FFE0FFE0FF000000007D
:1089C0000000E0FFE0FFE0FF00000000000000000A
:1089D000000000000000000000000000E0FFE0FFD9
:1089E000E0FFE0FFE0FFE0FFE0FFE0FFE0FFE0FF8F
:1089F000E0FFE0FFE0FFE0FFE0FFE0FFE0FFE0FF7F
:108A0000E0FFE0FFE0FFE0FFE0FFE0FFE0FFE0FF6E
:108A1000E0FFE0FFE0FFE0FFE0FFE0FFE0FFE0FF5E
:108A2000E0FFE0FFE0FFE0FFE0FFE0FFE0FFE0FF4E
:108A3000E0FFE0FFE0FFE0FFE0FFE0FFE0FFE0FF3E
:108A4000E0FFE0FFE0FFE0FFE0FFE0FFE0FFE0FF2E
:108A5000E0FFE0FFE0FFE0FFE0FFE0FFE0FFE0FF1E
:108A6000E0FFE0FFE0FFE0FFE0FFE0FFE0FFE0FF0E
:108A7000E0FFE0FFE0FFE0FFE0FFE0FFE0FFE0FFFE
:108A8000E0FFE0FFE0FFE0FFE0FFE0FFE0FFE0FFEE
:108A9000E0FFE09C0000E09CE0FF00000000000020
:108AA000E0FFE0FFE0FFE0FFE0FFE0FFE0FFE0FFCE
:108AB000E0FFE0FFE0FFE0FFE0FFE0FFE0FFE0FFBE
:108AC000E0FFE0FFE0FFE0FFE0FFE0FFE0FFE0FFAE
:108AD000E0FFE0FFE0FFE0FFE0FFE0FFE0FFE0FF9E
:108AE000E0FFE0FFE0FFE0FFE0FFE0FFE0FFE0FF8E
:108AF000E0FFE0FFE0FFE0FF0000000000000000FA
:108B0000E0FFE0FFE0FFE0FFE0FFE0FFE0FFE0FF6D
:108B1000E0FFE0FFE0FF000000000000E0FFE0FFFA
:108B2000E0FFE0FFE0FFE0FFE0FF000000000000EA
:108B30000000E0FFE0FFE0FFE0FFE0FFE0FFE0FF1C
:108B4000E0FFE0FFE0FFE0FFE0FFE0FFE0FFE0FF2D
:108B5000E0FFE0FFE0FFE0FFE0FFE0FFE0FFE0FF1D
:108B6000E0FFE0FFE0FFE0FFE0FFE0FFE0FFE0FF0D
:108B7000E0FFE0FFE0FFE0FFE0FF0000000000009A
:108B800000000000E0FFE0FFE0FFE0FFE0FFE0FFAB
:108B9000E0FFE0FFE0FFE0FFE0FFE0FFE0FF0000BC
:108BA000E0FFE0FFE0FFE0FF00000000E0FFE0FF8B
:108BB000E0FFE0FFE0FFE0FF00000000E0FFE0FF7B
:108BC000E0FFE0FFE0FFE0FFE0FFE0FFE0FFE0FFAD
:108BD000E0FFE0FFE0FFE0FFE0FFE0FFE0FFE0FF9D
:108BE000E0FFE0FFE0FFE0FFE0FFE0FFE0FFE0FF8D
:108BF000E0FFE0FFE0FFE0FFE0FFE0FFE0FFE0FF7D
:108C0000E0FFE0FFE0FFE0FFE0FFE0FFE0FFE0FF6C
:108C1000E0FFE0FFE0FFE0FFE0FFE0FFE0FFE0FF5C
:108C2000E0FFE0FFE0FFE0FFE0FFE0FFE0FFE0FF4C
:108C3000E0FFE0FFE0FFE0FFE0FFE0FFE0FFE0FF3C
:108C4000E0FFE0FFE0FFE0FFE0FFE0FFE0FFE0FF2C
:108C5000E0FFE0FFE0FFE0FFE0FFE0FFE0FFE0FF1C
:108C6000E0FFE0FFE0FFE0FFE0FFE0FFE0FFE0FF0C
:108C7000E0FFE0FFE0FFE0FFE0FFE0FFE0FFE0FFFC
:108C8000E0FFE0FFE0FFE0FFE0FFE0FFE0FFE0FFEC
:108C9000E0FFE0FFE0FFE0FFE0FFE0FFE0FFE0FFDC
:108CA000E0FFE0FFE0FFE0FFE0FFE0FFE0FFE0FFCC
:108CB000E0FFE0FFE0FFE0FFE0FFE0FFE0FFE0FFBC
:108CC000E0FFE0FFE0FFE0FFE0FFE0FFE0FFE0FFAC
:108CD000E0FFE0FFE0FFE0FFE0FFE0FFE0FFE0FF9C
:108CE000E0FFE0FFE0FFE0FFE0FFE0FFE0FFE0FF8C
:108CF000E0FFE0FFE0FFE0FFE0FFE0FFE0FFE0FF7C
:108D0000E0FFE0FFE0FFE0FFE0FFE0FFE0FFE0FF6B
:108D1000E0FFE0FFE0FFE0FFE0FFE0FFE0FFE0FF5B
:108D2000E0FFE0FFE0FFE0FFE0FFE0FFE0FFE0FF4B
:108D3000E0FFE0FFE0FFE0FFE0FFE0FFE0FFE0FF3B
:108D4000E0FFE0FFE0FFE0FFE0FFE0FFE0FFE0FF2B
:108D5000E0FFE0FFE0FFE0FFE0FFE0FFE0FFE0FF1B
:108D6000E0FFE0FFE0FFE0FFE0FFE0FFE0FFE0FF0B
:108D7000E0FFE0FFE0FFE0FFE0FFE0FFE0FFE0FFFB
:108D8000E0FFE0FFE0FFE0FFE0FFE0FFE0FFE0FFEB
:108D9000E0FFE0FFE0FFE0FFE0FFE0FFE0FFE0FFDB
:108DA000E0FFE0FFE0FFE0FFE0FFE0FFE0FFE0FFCB
:108DB000E0FFE0FFE0FFE0FFE0FFE0FFE0FFE0FFBB
:108DC000E0FFE0FFE0FFE0FFE0FFE0FFE0FFE0FFAB
:108DD000E0FFE0FFE0FFE0FFE0FFE0FFE0FFE0FF9B
:108DE000E0FFE0FFE0FFE0FFE0FFE0FFE0FFE0FF8B
:108DF000E0FFE0FFE0FFE0FFE0FFE0FFE0FFE0FF7B
:108E0000E0FFE0FFE0FFE0FFE0FFE0FFE0FFE0FF6A
:108E1000E0FFE0FFE0FFE0FFE0FFE0FFE0FFE0FF5A
:108E2000E0FFE0FFE0FFE0FFE0FFE0FFE0FFE0FF4A
:108E3000E0FFE0FFE0FFE0FFE0FFE0FFE0FFE0FF3A
:108E4000E0FFE0FFE0FFE0FFE0FFE0FFE0FFE0FF2A
:108E5000E0FFE0FFE0FFE0FFE0FFE0FFE0FFE0FF1A
:108E6000E0FFE0FFE0FFE0FFE0FFE0FFE0FFE0FF0A
:108E7000E0FFE0FFE0FFE0FFE0FFE0FFE0FFE0FFFA
:108E8000E0FFE0FFE0FFE0FFE0FFE0FFE0FFE0FFEA
:108E9000E0FFE0FFE0FFE0FFE0FFE0FFE0FFE0FFDA
:108EA000E0FFE0FFE0FFE0FFE0FFE0FFE0FFE0FFCA
:108EB000E0FFE0FFE0FFE0FFE0FFE0FFE0FFE0FFBA
:108EC000E0FFE0FFE0FFE0FFE0FFE0FFE0FFE0FFAA
:108ED000E0FFE0FFE0FFE0FFE0FFE0FFE0FFE0FF9A
:108EE000E0FFE0FFE0FFE0FFE0FFE0FFE0FFE0FF8A
:108EF000E0FFE0FFE0FFE0FFE0FFE0FFE0FFE0FF7A
:108F0000E0FFE0FFE0FFE0FFE0FFE0FFE0FFE0FF69
:108F1000E0FFE0FFE0FFE0FFE0FFE0FFE0FFE0FF59
:108F2000E0FFE0FFE0FFE0FFE0FFE0FFE0FFE0FF49
:108F3000E0FFE0FFE0FFE0FFE0FFE0FFE0FFE0FF39
:108F4000E0FFE0FFE0FFE0FFE0FFE0FFE0FFE0FF29
:108F5000E0FFE0FFE0FFE0FFE0FFE0FFE0FFE0FF19
:108F6000E0FFE0FFE0FFE0FFE0FFE0FFE0FFE0FF09
:108F7000E0FFE0FFE0FFE0FFE0FFE0FFE0FFE0FFF9
:108F8000E0FFE0FFE0FFE0FFE0FFE0FFE0FFE0FFE9
:108F9000E0FFE0FFE0FFE0FFE0FFE0FFE0FFE0FFD9
:108FA000E0FFE0FFE0FFE0FFE0FFE0FFE0FFE0FFC9
:108FB000E0FFE0FFE0FFE0FFE0FFE0FFE0FFE0FFB9
:108FC000E0FFE0FFE0FFE0FFE0FFE0FFE0FFE0FFA9
:108FD000E0FFE0FFE0FFE0FFE0FFE0FFE0FFE0FF99
:108FE000E0FFE0FFE0FFE0FFE0FFE0FFE0FFE0FF89
:108FF000E0FFE0FFE0FFE0FFE0FFE0FFE0FFE0FF79
:10900000E0FFE0FFE0FFE0FFE0FFE0FFE0FFE0FF68
:10901000E0FFE0FFE0FFE0FFE0FFE0FFE0FFE0FF58
:10902000E0FFE0FFE0FFE0FFE0FFE0FFE0FFE0FF48
:10903000E0FFE0FFE0FFE0FFE0FFE0FFE0FFE0FF38
:10904000E0FFE0FFE0FFE0FFE0FFE0FFE0FFE0FF28
:10905000E0FFE0FFE0FFE0FFE0FFE0FFE0FFE0FF18
:10906000E0FFE0FFE0FFE0FFE0FFE0FFE0FFE0FF08
:10907000E0FFE0FFE0FFE0FFE0FFE0FFE0FFE0FFF8
:10908000E0FFE0FFE0FFE0FFE0FFE0FFE0FFE0FFE8
:10909000E0FFE0FFE0FFE0FFE0FFE0FFE0FFE0FFD8
:1090A000E0FFE0FFE0FFE0FFE0FFE0FFE0FFE0FFC8
:1090B000E0FFE0FFE0FFE0FFE0FFE0FFE0FFE0FFB8
:1090C000E0FFE0FFE0FFE0FFE0FFE0FFE0FFE0FFA8
:1090D000E0FFE0FFE0FFE0FFE0FFE0FFE0FFE0FF98
:1090E000E0FFE0FFE0FFE0FFE0FFE0FFE0FFE0FF88
:1090F000E0FFE0FFE0FFE0FFE0FFE0FFE0FFE0FF78
:10910000E0FFE0FFE0FFE0FFE0FFE0FFE0FFE0FF67
:10911000E0FFE0FFE0FFE0FFE0FFE0FFE0FFE0FF57
:10912000E0FFE0FFE0FFE0FFE0FFE0FFE0FFE0FF47
:10913000E0FFE0FFE0FFE0FFE0FFE0FFE0FFE0FF37
:10914000E0FFE0FFE0FFE0FFE0FFE0FFE0FFE0FF27
:10915000E0FFE0FFE0FFE0FFE0FFE0FFE0FFE0FF17
:10916000E0FFE0FFE0FFE0FFE0FFE0FFE0FFE0FF07
:10917000E0FFE0FFE0FFE0FFE0FFE0FFE0FFE0FFF7
:10918000E0FFE0FFE0FFE0FFE0FFE0FFE0FFE0FFE7
:10919000E0FFE0FFE0FFE0FFFF078F090F0B710C1E
:1091A000AA0DA60E630FD80FFF0FD80F630FA60EE0
:1091B000A70D710C0F0B8F09FF076F06EF048D03CE
:1091C000570258019B002600000026009B00580112
:1091D00057028D03EF046F06200620062006E006E6
:1091E0009604960496049604160416041604700356
:1091F000960496049604960420062006200620066F
:10920000E0062C08E0062006160416041604700377
:109210009604960496049604200620069604960466
:1092200016041604DC037003100310032006200646
:109230009604960426059604160416041604700374
:10924000960426059604160496041604DC0370039F
:109250001003100310031003100310031003100376
:109260002605960426052006E00620062C08E006C2
:10927000200626052006200620062006E006E00639
:109280002C082C082C094C0A2C092C08E0062C0868
:109290002006260520062006200620062006200699
:1092A000200626052006200620062006E006E00609
:1092B0002C082C082C094C0AE006E00620062006A3
:1092C0002006200696049604260520062605960408
:1092D0001604700316041604160416041604160465
:1092E000260596041604160496049604960426058C
:1092F00020062006E0062C08E006E00620062006F0
:1093000020062006960496042605200626059604C7
:109310001604960470037003700370031604160499
:109320009604960496042605160496041604700303
:10933000160470031003100310031003100310032E
:1093400005010B0221062C08370AE006200621063B
:10935000E006200626052006200620062006200618
:1093600020062006E00621062106E106B907E106EF
:109370002106E0062106200620062006A01E200663
:109380002006200620062006200696049604960451
:109390009604200620069604960416041604DC03A0
:1093A0007003100310032006200696049604260579
:1093B00096041604160416047003960426059604F3
:1093C000160496041604DC03700310031003100344
:1093D000100310031003100310030000000000002E
:1093E0000000000000000000040404040404000461
:1093F000000000140A0A0000000000000000000045
:1094000014143F140A3F0A0A000000041E15050642
:109410000C14150F0400000012150D0A142C2A124A
:1094200000000000040A0A1E15150936000000029B
:1094300002010000000000000000002010080808E1
:10944000080808102000000204080808080808049A
:10945000020000000004150E0E15040000000000BC
:109460000404041F040404000000000000000000C5
:1094700000000002020100000000001F00000000C8
:1094800000000000000000000000000200000010CA
:109490000808080404020202010000000E11111164
:1094A0001111110E00000000040604040404040E4F
:1094B000000000000E1111080402011F000000004E
:1094C0000E11100C1010110E00000000080C0A0AFA
:1094D000091E0818000000001F01010F1010110ED6
:1094E000000000000E09010F1111110E0000000014
:1094F0001F09080404040404000000000E11110EEA
:109500001111110E000000000E1111111E10120E8B
:109510000000000000000400000000040000000043
:1095200000000004000000040400002010080402F1
:10953000040810200000000000001F00001F0000B1
:1095400000000002040810201008040200000000BF
:109550000E11110804040004000000000E1119157A
:10956000151D011E0000000004040C0A0A1E12331F
:10957000000000000F12120E1212120F0000000065
:109580001E1101010101110E000000000F12121244
:109590001212120F000000001F120A0E0A02121F00
:1095A000000000001F120A0E0A020207000000005D
:1095B0001C1201013911120C000000003312121E9E
:1095C00012121233000000001F0404040404041FDC
:1095D000000000003E08080808080809070000000D
:1095E00037120A060A0A12370000000007020202B8
:1095F0000202223F000000001B1B1B1B1515151546
:10960000000000003B1216161A1A12170000000084
:109610000E1111111111110E000000000F12120E87
:1096200002020207000000000E1111111117190E9D
:10963000180000000F12120E0A121237000000006C
:109640001E1101060810110F000000001F15040470
:109650000404040E00000000331212121212120C45
:10966000000000003312120A0A0C0404000000007B
:109670001515150E0A0A0A0A000000001B0A0A0442
:10968000040A0A1B000000001B0A0A040404040E5A
:10969000000000001F0908040402121F0000001C43
:1096A00004040404040404041C0000020202040470
:1096B000080808100000000E080808080808080834
:1096C0000E0000040A00000000000000000000007E
:1096D0000000000000000000003F00040000000047
:1096E00000000000000000000000000C121C123CF2
:1096F000000000000302020E1212120E0000000011
:109700000000001C1202021C000000001810101CB7
:109710001212123C000000000000000C121E021C7D
:10972000000000003804041E0404041E00000000B1
:109730000000003C120C021E221C00000302020E5C
:109740001212123700000000040000060404040E88
:10975000000000000800000C0808080808070000C6
:109760000302023A0A0E1237000000000704040444
:109770000404041F000000000000000F151515155B
:10978000000000000000000F12121237000000005D
:109790000000000C1212120C000000000000000F6C
:1097A0001212120E020700000000001C1212121CFE
:1097B000103800000000001B060202070000000035
:1097C0000000001E020C101E000000000004040E29
:1097D00004040418000000000000001B1212123CD8
:1097E0000000000000000037120A0C040000000016
:1097F00000000015150E0A0A000000000000001B02
:109800000A040A1B0000000000000037120A0C04C2
:10981000040300000000001E0804041E00000018DD
:1098200008080804080808081800080808080808B4
:1098300008080808080800060404040804040404CE
:1098400006000225180000000000000000000000D3
:109850000000000000000000000000000000000008
:109860000008080808080808000018180000004848
:109870006C24120000000000000000000000000046
:10988000002424247F1212127F1212120000000002
:10989000081C2A2A0A0C1828282A2A1C0808000052
:1098A0000022251515152A58545454220000000092
:1098B000000C1212120A76252911916E0000000682
:1098C000060403000000000000000000000000404B
:1098D0002010100808080808081010204000000296
:1098E00004080810101010101008080402000000EE
:1098F000000008086B1C1C6B08080000000000003A
:109900000000080808087F08080808000000000098
:109910000000000000000000000006060403000034
:10992000000000000000FE00000000000000000039
:10993000000000000000000000000606000000001B
:10994000804040202010100808040402020000009B
:1099500000182442424242424242241800000000C1
:1099600000080E08080808080808083E0000000063
:10997000003C4242422020100804427E00000000C9
:10998000003C4242201820404042221C00000000BF
:1099900000203028242422227E202078000000008D
:1099A000007E0202021A26404042221C00000000F3
:1099B00000382402021A2642424224180000000005
:1099C000007E222210100808080808080000000085
:1099D000003C4242422418244242423C0000000023
:1099E00000182442424264584040241C00000000F9
:1099F0000000000018180000000018180000000007
:109A0000000000000008000000000008080400003A
:109A1000004020100804020408102040000000004C
:109A2000000000007F0000007F0000000000000038
:109A3000000204081020402010080402000000006A
:109A4000003C424246402010100018180000000060
:109A5000001C225A555555552D42221C000000006D
:109A6000000808181414243C224242E700000000B9
:109A7000001F2222221E22424242221F000000001A
:109A8000007C4242010101010142221C0000000051
:109A9000001F2242424242424242221F0000000076
:109AA000003F4212121E12120242423F000000000A
:109AB000003F4212121E12120202020700000000B2
:109AC000003C2222010101712122221C0000000021
:109AD00000E7424242427E42424242E7000000002A
:109AE000003E0808080808080808083E00000000B2
:109AF000007C10101010101010101010110F00002A
:109B0000007722120A0E0A121222227700000000A9
:109B100000070202020202020202427F000000006D
:109B20000077363636362A2A2A2A2A6B00000000A9
:109B300000E346464A4A5252526262470000000021
:109B4000001C2241414141414141221C00000000D2
:109B5000003F424242423E02020202070000000071
:109B6000001C2241414141414D53321C6000000024
:109B7000003F4242423E1212222242C70000000031
:109B8000007C4242020418204042423E0000000095
:109B9000007F4908080808080808081C00000000A1
:109BA00000E74242424242424242423C0000000040
:109BB00000E7424222242414141808080000000080
:109BC000006B4949494955553622222200000000C0
:109BD00000E7422424181818242442E7000000005B
:109BE00000772222141408080808081C000000004E
:109BF000007E2120101008040442423F000000783B
:109C0000080808080808080808080808780000007C
:109C10000202040408080810102020204040001E02
:109C20001010101010101010101010101E0000381E
:109C300044000000000000000000000000000000E0
:109C400000000000000000000000000000FF00060F
:109C500008000000000000000000000000000000FC
:109C600000000000003C4278444242FC000000003A
:109C700000030202021A26424242261A0000000095
:109C800000000000003844020202443800000000D6
:109C90000060404040784442424264D800000000E6
:109CA00000000000003C427E0202423C0000000036
:109CB00000F08808087E08080808083E0000000038
:109CC00000000000007C22221C023C42423C0000BA
:109CD00000030202023A4642424242E7000000000C
:109CE000000C0C00000E08080808083E00000000E8
:109CF000003030000038202020202020221E0000CC
:109D0000000302020272120A1612227700000000FB
:109D1000000E0808080808080808083E00000000AF
:109D200000000000007F9292929292B70000000023
:109D300000000000003B4642424242E700000000B3
:109D400000000000003C42424242423C0000000051
:109D500000000000001B26424242221E02070000B3
:109D600000000000007844424242447840E0000095
:109D70000000000000774C040404041F00000000F1
:109D800000000000007C42023C40423E0000000017
:109D900000000008083E080808080830000000001D
:109DA0000000000000634242424262DC000000000A
:109DB0000000000000E7422424140808000000000E
:109DC0000000000000EB4949555522220000000028
:109DD00000000000007624181818246E000000000F
:109DE0000000000000E742242414180808070000BF
:109DF00000000000007E22100808447E000000C021
:109E0000202020202010202020202020C000101002
:109E1000101010101010101010101010101000065C
:109E200008080808081008080808080806000C3286
:109E3000C200000000000000000000000000BCF2B2
:109E400020403F7E4890850810000BF8200827C866
:109E50002448244827C82448244827C82008201814
:109E6000C6D70208411027FC20A004A402A8EFFED8
:109E7000200023F82208220823F82A08320823F8B1
:109E80000208B4AB08400840084013F81040308086
:109E900037FE5080910013F81008111010A01040E8
:109EA00010201020D5FD00007FFC01000100010002
:109EB0000100110011F81100110011001100110032
:109EC0001100FFFE0000CFD20040F82008200BFE5A
:109ED000084078404088410843F0782008400888CE
:109EE00009040BFC51042000B2A8002020201020FF
:109EF00013FE822242244A200BFC12841288E2487C
:109F000022502220245024880906CDA3108010401E
:109F100017FC200023F8620863F8A0002FFE280237
:109F200023F820402040204021402080D6B9010065
:109F30000100010001001100110011F811001100D1
:109F400011001100110011001100FFFE0000D1DD11
:109F50000080204017FC1404800043F8404013F8B0
:109F6000124823F8E24823F82000211022080404B4
:109F7000D7E0010001007FFC01003FF80200FFFE76
:109F80000440082037D8C1061FF0010002C00C3081
:109F90003008B6AB0200020002007FFC040009009A
:109FA000110021003FF8010009201110210841048F
:109FB00005000200B7BD020001000100FFFE040021
:109FC0000400040007F00410041004100810081026
:109FD000101020A04040BAEC1000100021FC2420FA
:109FE0004420F820102020204020FC204020002089
:109FF0001C20E02043FE0000C0D6002000F01F001F
:10A0000010001100210021003FFC0100092009106F
:10A0100011082104410405000200C7FA044004406D
:10A02000044004407FFC44444444444444447FFC92
:10A0300044444444444444447FFC4004D0A10100CF
:10A040000100010001000100111011081104210498
:10A050002102410281020100010005000200C8ED59
:10A06000104010401040FE7C2084288849207E202B
:10A07000082008500E50F8504888088809040A0241
:10A08000BCFE082008200920112011FC32203220BB
:10A090005420902017FE1020102010201020102097
:10A0A0001020B4A520202020782049FC91247D2474
:10A0B000552455247DFC552454207C28542457FED7
:10A0C00045028C00D3C901000100010001003FF8E6
:10A0D00021082108210821083FF82108210821082A
:10A0E00021083FF82008CFE0080008FC0884088415
:10A0F000FE8408FC18841C842A842AFC48848884F2
:10A100000884088408FC0884CBAE0100010001002B
:10A11000010801087D9005A0094009401120111097
:10A1200021084106810005000200C9EE000027FC5D
:10A13000140414A4811042084040104017FC204031
:10A14000E0E0215022482C4620400040B3AC0800FB
:10A1500009FC08447E4408440894FF0808FC28844D
:10A1600028842E8428FC280058004FFE8000CEC290
:10A17000000023F81208120883F84208420813F876
:10A18000100027FCE4A424A424A424A42FFE00008F
:10A19000CEB40100010001003FF801000100010000
:10A1A000FFFE03800540092011102108C1060100AF
:10A1B0000100C1AC0040204017FE108000A001202B
:10A1C000F3FC10201020102017FE10201020282053
:10A1D00047FE0000BDD31080104013FC1000FD08A6
:10A1E000109017FE1040184037FED08811081090CC
:10A1F000106051982604C4DA0100010001007FFCC0
:10A20000410441044104428442444424481450140B
:10A210004004400440144008CDE21040104010407B
:10A2200010403E40226042504248A444144408403A
:10A2300008401040204040408040B2BF1000083E1F
:10A240007FA2002421241228FFE4002400223F22C0
:10A250002122213421283F2021200020A1E6600076
:10A2600091F4960C6C0408041800180018001800EB
:10A270001800180008000C04060801F00000D6AE13
:10A2800002000100010000007FF8001000200040E3
:10A2900000800100020004001800240043FE0000BA
:10A2A000CEC2000023F81208120883F842084208C0
:10A2B00013F8100027FCE4A424A424A424A42FFE53
:10A2C0000000B1BB201010100010F9FE091211148B
:10A2D000151039FC554491441128112811101228E9
:10A2E00012441482B0B410401020102013FEFA0261
:10A2F000144410401BFE3088D088110810D0102064
:10A30000105050882304BCFC201020103B7C2114EA
:10A3100041FE7A14A27C2710F97C251025FE22101C
:10A320002A10350028FE0000B5C0020821101000D8
:10A3300017FC008003F8F20813F8120813F812084B
:10A3400013F81208280047FE0000BBF90820082077
:10A350007FFC08200FE008200FE00820FFFE082007
:10A3600011102108CFE6010001003FF8D7BC0140E1
:10A370004120212023FE022016201BFC1220222037
:10A3800023FCE2202220222023FE22000200B5E747
:10A390000100010001003FF82108210821083FF8D1
:10A3A0002108210821083FF8210A0102010200FECC
:10A3B000D1B900003FFE2000208020802080208036
:10A3C0002FFC2080208020902088208840805FFE05
:10A3D0008000B6E00200020007F008203840048048
:10A3E00003400C8071F802080C10322001400180FB
:10A3F0000E007000CDA8000047F8201021A00040FA
:10A4000007FCE444244427FC2444244427FC24443B
:10A41000245454088FFEB5C002082110100017FC08
:10A42000008003F8F20813F8120813F8120813F862
:10A430001208280047FE0000B7BD0200010001001D
:10A44000FFFE04000400040007F0041004100410D0
:10A4500008100810101020A04040CABD0048004459
:10A4600000440040FFFE004000403E4008400840DD
:10A47000082008220F12780A20060002B5E7010022
:10A48000010001003FF82108210821083FF82108B8
:10A49000210821083FF8210A0102010200FECEBB7B
:10A4A000088008400840100017FC300030085208AF
:10A4B0009208111011101110112010201FFE100011
:10A4C000C6F700003E7C224422443E7C012001105D
:10A4D000FFFE02800C603018C0063E7C22442244FD
:10A4E0003E7CB6D40010001000107E1002FE021058
:10A4F000241014900850085014101210221040100C
:10A5000000500020BDE110201020202027FE442014
:10A51000F82011FC20004000FDFC410401041D0452
:10A52000E10441FC0104B9FB00001FF011101110FF
:10A530001FF0111011101FF011100100FFFE054057
:10A5400009203118C1060100B1E402000100FFFE3C
:10A55000044014502448444400003FF008200440C4
:10A560000280010006C01830E00EBBBB10801080D6
:10A5700010F81108FA1015FC112419243124D124E3
:10A5800017FE10501050108851042602B5E7010044
:10A59000010001003FF82108210821083FF82108A7
:10A5A000210821083FF8210A0102010200FED1B969
:10A5B00000003FFE200020802080208020802FFC93
:10A5C0002080208020902088208840805FFE8000AE
:10A5D000D6B5084008400FFC1040104033F8320850
:10A5E00053F8920813F8120813F8120812081FFE05
:10A5F0001000CAFD082049202A20083EFF442A44B2
:10A60000494488A41028FE282210421064281828E3
:10A610003444C282D7D6020001007FFE400280048B
:10A620001FE0004000800100FFFE0100010001006A
:10A63000010005000200C1BF00001FF010101FF054
:10A640001010FFFE00001FF011101FF011101FF07E
:10A6500001001FF001007FFCCDA8000047F820108A
:10A6600021A0004007FCE444244427FC2444244463
:10A6700027FC2444245454088FFEB5C0020821103E
:10A68000100017FC008003F8F20813F8120813F802
:10A69000120813F81208280047FE0000C4A3111086
:10A6A000111017FC1110FC0013F832083BF8560883
:10A6B00053F8904017FC10A0111012081406C4E2C1
:10A6C0001008108810481228FA28120812081A08D0
:10A6D0003208D208121012981324122450422082F9
:10A6E000CAE4204020A02110FA0825F6400053C4F7
:10A6F0009254FA5413D41A54F25453D412441254A8
:10A7000012C8C8EB04000200010001000100028031
:10A71000028002800440044008200820101020100D
:10A7200040088006CAE4204020A02110FA0825F63F
:10A73000400053C49254FA5413D41A54F25453D4CC
:10A740001244125412C8B3F6010001002108210876
:10A75000210821083FF801080100010041044104DB
:10A76000410441047FFC0004BDD31080104013FC61
:10A770001000FD08109017FE1040184037FED088DA
:10A7800011081090106051982604BFDA00000000F4
:10A790003FF820082008200820082008200820086A
:10A7A0002008200820083FF820080000CEB900004B
:10A7B00003F87A484A484BF84A484A484BF8480058
:10A7C0004FFE7A404A440228029003080206CEAAAD
:10A7D000010021001100110001007FF802080208A9
:10A7E00002880448044808081008200840508020C7
:10A7F000C3EB08201C20F02010A810A4FCA21122FA
:10A8000031203A245424542890081010102010C0ED
:10A810001300BFB400F87F0001003FF80200FFFE04
:10A82000040008001FF028104FF088100FF00810E7
:10A830000FF00810C3C5200013FC100440044004AE
:10A8400040044004400440044004400440044004E8
:10A85000400440144008B9B700804480290011FC2E
:10A860002A044C0489E409241924292449E489246C
:10A870000804080450282010D2E70208210811100B
:10A88000100087FC400041101208140423F8E2A8CD
:10A8900022A822A822A82FFE0000B3F60100010082
:10A8A00021082108210821083FF8010801000100C2
:10A8B00041044104410441047FFC0004B8FC000051
:10A8C000FFFE010001003FF8210821083FF82108A0
:10A8D00021083FF811000A00060019C0E03ED0C26E
:10A8E000100008047F78004022401440FF7E084892
:10A8F00008487F4808482A48494888882888110815
:10A90000B6A8020001007FFE4002800400003FF86C
:10A9100001000100110011F811001100290047FE8B
:10A920008000CAB1000800087C08440845FE4408BD
:10A9300044087C0844884448444844087C08440847
:10A9400000280010C6F700003E7C224422443E7CD2
:10A9500001200110FFFE02800C603018C0063E7C12
:10A96000224422443E7CBCE4200013FC100440043A
:10A9700047C444444444444447C444444444444491
:10A9800047C4400440144008D5E60060004000FC85
:10A9900003C000F003100390039003D0031007FFDF
:10A9A00039000210060C00040000B2CA0000008644
:10A9B0000106064C0BC80C8303C61F0C23C30503FA
:10A9C0000906310C031C003000600000D2BA000000
:10A9D00000600460067C01C009B8197C13681590FA
:10A9E00015F015CE09070000000000000000BEA70A
:10A9F000000000E0033003B0023003B002700F3CEF
:10AA0000094C1D6C094C0F6C001C0000000000007C
:10AA1000C6C10000007C018C0178018C03D804BC05
:10AA200007D808FF1FE8248800880188000800086C
:10AA30000000C0B608200820FFFE08200480248003
:10AA400024FC24A0251000003FF824482448244872
:10AA5000FFFE0000D1C000003FFC0040004010405D
:10AA6000104020403FFE014002400440084010409A
:10AA7000604001400080BFD810401020102013FE1D
:10AA8000FA02149411081A043000D1FC102010208E
:10AA90001020102057FE2000D6C6040424042404ED
:10AAA0003FA444240424FFE4042404243FA424A455
:10AAB00024A42684250404140408CDA8000047F823
:10AAC000201021A0004007FCE444244427FC244437
:10AAD000244427FC2444245454088FFEB9FD00105C
:10AAE0002010101017FE00100010F210111011109D
:10AAF0001010101010501020280047FE0000BDD389
:10AB00001080104013FC1000FD08109017FE10403C
:10AB1000184037FED0881108109010605198260414
:10AB2000CAD5084008404840488048FE49084A883D
:10AB300048884888585068504820085008880904B8
:10AB40000A02B5C41040104020407E7C42844284FA
:10AB5000430442447E2442244204420442047E04CC
:10AB600042280010C3FC01000100028004400820BC
:10AB700037D8C00600003EF82288228822883EA8E6
:10AB8000229000800080C1EE01000100028004409C
:10AB90000A2011102108C0061FF0001000200440F8
:10ABA0000280010000800080CAFD082049202A2080
:10ABB000083EFF442A44494488A41028FE28221055
:10ABC0004210642818283444C282BEDD200023FCD1
:10ABD00022042204FBFC222022202BFE3220E22031
:10ABE00022FC228422842484A4FC4884CDA8000072
:10ABF00047F8201021A0004007FCE444244427FC2F
:10AC00002444244427FC2444245454088FFED0C5F3
:10AC1000084008200BFE1000100031FC30005000EE
:10AC200091FC1000100011FC1104110411FC11041E
:10AC3000BBB600800080FC8004FC050449082A4063
:10AC40001440104028A024A04510811002080404DC
:10AC50000802D3AD00002080133C122402240224F9
:10AC6000F2241224122412B41328122010202820B7
:10AC700047FE0000CAB9104010401FFE204020408F
:10AC800067FC6444A44427FC2040224021402080EB
:10AC9000214022302C0ED3C300003FF821082108A8
:10ACA00021083FF82108210821083FF82108210840
:10ACB0002108410841288010C4CF01000100FFFE97
:10ACC000010001007FFC482444444FE44104410456
:10ACD0005FF44104410441144008BEA90200010090
:10ACE000FFFE000000001FF01010101010101FF0E9
:10ACF000010011101108210445040200BABD1040E2
:10AD000020207C0045FC6400540054F0FC904490EA
:10AD100064905490549244924512550E8A00BFD5C7
:10AD2000020001007FFE400288241010200800006D
:10AD30001FF0010001000100010001007FFC000084
:10AD4000CCEC00003FF80100010001000100FFFE13
:10AD500001000280028004400440082010102008F6
:10AD6000C006B4F301000100010001000100FFFE74
:10AD700001000100028002800440044008201010FD
:10AD80002008C006D1A722081108111000207FFE5C
:10AD9000400280041FE000400180FFFE010001002E
:10ADA000010005000200C7B60100210821083FF894
:10ADB00000202220223EFF42229422103E10221028
:10ADC00022283E2822440082C8EB04000200010031
:10ADD000010001000280028002800440044008203B
:10ADE00008201010201040088006CABD004800440A
:10ADF00000440040FFFE004000403E400840084044
:10AE0000082008220F12780A20060002CFB500F8A9
:10AE10003F000400082010403F8001000610180881
:10AE20007FFC010409201110210845040200CDB364
:10AE300010401020202023FE4840F888110423FEF3
:10AE40004092F890409000901912E112420E0400D6
:10AE5000D4AD00003FFE2080210027F024102410F4
:10AE600027F02410241027F0208024904888528452
:10AE70008100C0ED000001FCFD24112411FC11240F
:10AE800011247DFC1020102011FC10201C20E0203B
:10AE900043FE0000BCB000003FE00820082008404E
:10AEA00008400CF80A080A080910111010A02040E8
:10AEB00020A043188C06D3A6010000803FFE20008E
:10AEC00020002104288424842448224822102210AF
:10AED000402040409FFE0000D3C300003FF82108FF
:10AEE000210821083FF82108210821083FF82108FE
:10AEF00021082108410841288010C5E40000FE0017
:10AF000028F82808FE08AA08AA08AAF8AE88C2806D
:10AF10008280FE8082828282FE7E8200CCD7010007
:10AF200001007FFC028004400FF03418C7E60400E3
:10AF300007E00400FFFE040008101FF80008CAB56F
:10AF4000020001007FFE400288840480048010809B
:10AF500008800880FFFE01400220041018086004E9
:10AF6000D1E90020F82008504850488849044AFA9E
:10AF70007C00044404241D24E4A8448804102BFE0F
:10AF80001000BFAA00007FFC08200820082008202D
:10AF90000820FFFE0820082008200820102010208C
:10AFA00020204020B7A201001110110822003FFC10
:10AFB0000200040007F80A080908111010A0204038
:10AFC00040A003181C06B0E51008101C11E0110089
:10AFD000FD0011FC31443944554455289128111085
:10AFE0001110122812441482CABE00003FF800005B
:10AFF000000000000000FFFE010001001110110818
:10B0000021044102810205000200C0FD1004100469
:10B0100017C42214221463D46254A4542654255411
:10B02000289420942104220424142808CAB910402A
:10B0300010401FFE2040204067FC6444A44427FCCD
:10B040002040224021402080214022302C0ECAD0B6
:10B050000200010000007FFC0100010001003FF838
:10B0600021082108210821082128211001000100C0
:10B07000BCBC10201020102013FEFC20102010203B
:10B0800015FC18843088D04810501020105051887A
:10B090002606CAF501000120011001107FFC038083
:10B0A00005400540092011102108410481020100DA
:10B0B00001000100D3D002000200FFFE04000400E2
:10B0C0000FF0081018102FF0481088100FF008101B
:10B0D000081008500820CFDE00007BF84A0852080C
:10B0E00053F8620852084BF84A444A486A305220E2
:10B0F0004210428843064200B9AB008004800480BD
:10B100000840084010202010420882060400044035
:10B11000082010203FF010100000CBBE00003FF8C8
:10B12000000800087FE8000800081F8810881088C1
:10B13000108810881F88108800280010BBB6008077
:10B140000080FC8004FC050449082A40144010409B
:10B1500028A024A045108110020804040802D3ADE1
:10B1600000002080133C122402240224F224122422
:10B17000122412B4132812201020282047FE0000A9
:10B18000C4FA0900090011FC3204544899501148CE
:10B1900012441444114010800200510451129012C4
:10B1A0000FF0B4BF00000020102013FE2020262442
:10B1B0004A247A241224222423FC7C200022042204
:10B1C0007822003CC9AB0000000004000FF0102002
:10B1D00020207FFC20842084208420843FF82000CD
:10B1E000200220021FFECCEE00000000204023FEC3
:10B1F000204079FC220423FC220423FC220423FCAB
:10B200003A0465FA01980204B3E400000100010069
:10B210007FFE02200410040808043FFC044204409E
:10B220000440044208421042607EBED80000000084
:10B23000207E3E804880488048FE48827F82088287
:10B240000C8214FA12842280218040FED0CE0000AD
:10B2500000007F842208223022C0220222047FC8FC
:10B26000223022C222022204220822304040BBADFA
:10B27000000000007FFE00000FF0111011101110EF
:10B2800051125FF25112511251124FF240027FFCE3
:10B29000D4B2000000007FFE47E24812481247E2A5
:10B2A0004FF2501250125112511242924472580AE7
:10B2B0003FFCCDBC000000003FFE440247F24C22A0
:10B2C0005362408243625E1A41824062430240C23E
:10B2D00040223FFCC6AC00000040204020402040FF
:10B2E0003FFE2000200020003FE020102010201012
:10B2F000201040104010CFD4000000003FFC20047C
:10B3000020043FFC200420041FF82444144814485F
:10B3100014480C5004407FFECABE000000003FFCF1
:10B320000000000000007FFE008008900888108860
:10B3300010842084208240820780B2CB000000204D
:10B3400008207FFE002000783F881108089009201F
:10B350007FFE018003400D30310C4002B5A5000096
:10B360000010081004203FF8210421043FFC2104B0
:10B3700021043FF801007FFE010001000100D6D04A
:10B3800000000100010001003FFC21042104210410
:10B390002104210421043FFC0100010001000100FF
:10B3A000D3A20000000008207FFE08200920010031
:10B3B0003FF82108210821081FF4014002200C1049
:10B3C000700ECEC400000100010000803F7C081018
:10B3D0000810041004200220024001800180026055
:10B3E0001C18E006D7DB00000000102011FE22022E
:10B3F000220249FC5800300013FE2528792401243C
:10B400000D24722202A2BACF000000000180024087
:10B410000430180860061FF800001FF820042004FC
:10B420002004200420041FF8C1C100000100010015
:10B430007FFE00003FF820083FF83FF8400647C273
:10B440004824082008221022603EB6C800000000F0
:10B4500000803FFE44105FFC4410441043F0400065
:10B460005FF84408423041C04360BC1EB2E20000B5
:10B47000000067C2145205520552C55225520552AA
:10B48000055215521752228222424442483ECAD4E3
:10B49000000000002014101417FE001200106010AD
:10B4A00013F0109010901090149214EA1F0A0006E6
:10B4B000B3CC0000000019FE7202120212027DFCE1
:10B4C00018001BFE3420502053FE102010201020A6
:10B4D00013FED0F20000000000803FFE400047FC59
:10B4E0004208413040C05FFE404240424044404834
:10B4F00040404440B5F70000000023FE122202FA4B
:10B500000222E22212FE1272128A128A128A16BADB
:10B510001A421202040EB9E20000010001041108EF
:10B520000908091009207FFE04400440044004403B
:10B53000084208421042607CB0E60000000048FE6D
:10B540004900490049007EFE418241447944452832
:10B5500045284510452846440382C8A8000010002D
:10B56000100013FC7D041104190418843488504819
:10B57000505010201050108813041402CBF9000012
:10B5800000003F7C204020403E40227E2244224456
:10B5900022443E8420842084408441044204C7B66F
:10B5A00000000000000000380038381C38381C3813
:10B5B000381C3FFFF800000018E70018E700FFFF05
:10B5C000FE18EEC618ECC618FCCE18FCCE18E1DC4E
:10B5D0001FE1E018E1E018E3F018E3F018E738188D
:10B5E000EE1C18FC0E1FF807C8EB0000000000005E
:10B5F00000000000F000003800001C00001C0000EB
:10B600001C00003E00003E00003700007700007381
:10B610000000E38000E18001C1C00380C00380E03E
:10B620000700700E00701C003838001C70000E609F
:10B630000007CABD0000000000000001800007E014
:10B6400000077800073C0007007FFFFE00070000AE
:10B6500003000003000003807FFF800383800383D7
:10B66000800381800381C00381C60380C7038EE706
:10B6700003FEE707F0767F007E60003ECFB5000056
:10B68000000000000001F83FFFC000700000E00073
:10B6900001C1C00383800F07000FFE60003C7000F3
:10B6A000F07003C0380F00F81FFFFC00198C071959
:10B6B000CE0718E00E18E01C18701C18383818381F
:10B6C00070181C63F81CCDB30000000000000007D8
:10B6D000000E03800E03800CFFFE1C07001C0E6092
:10B6E00039CE70339C38739C38FF3818E67FFC0ED7
:10B6F0007EEC1C0EEE1C0EEE39EEE07F8CE0F81CAA
:10B70000E7001CE700F8E70FF8E7FEF0EE01C07E67
:10B71000CAB5000000000000003800001C000FFF48
:10B72000FC3FFFFF30000731C60631C60E3CE60085
:10B730000E7600073E00038E0001CE00000E0000D2
:10B740000E00FFFFFF001C00003F800079C000F0EA
:10B75000F001C0380F801C7C000ED1E90000000011
:10B7600000000000000003C07F83E0018760318E8D
:10B7700070319C3833B81C33F80E73FFFF739000A0
:10B780007FC0063FC00600FB8E00F98E00FDCC078F
:10B79000FDDCFEECDC00CEF800CE3800C0381DFF2A
:10B7A000FF1F8003BFAA0000000000000000001F70
:10B7B000FFFE0380E00380E00380E00380E003807D
:10B7C000E00380E00380E07FFFFF7FFFFF0380E076
:10B7D0000300E00300E00300E00300E00300E003F7
:10B7E00000E00600E00600E00C00E01C00E0B7A26C
:10B7F0000000000000000038000C39C00C30700C54
:10B8000030381C300C1FFFFE0FFFFE006000006090
:10B810000000600000FFF800F01801D838019C30EB
:10B82000030C70070EE00607C00C03801C07C0382D
:10B830001C7070703C03C00FB0E5000000000000F9
:10B8400006000006001E061FF80618000618007FF6
:10B85000D8007FD8000E1FFC0F1C0C0F1E0C1F9E63
:10B860000C1F9E0C1EDB183E1B18363BB87631B001
:10B870006630F00630E00671F00663B806EF1C078C
:10B88000DC07CAD0000000000000003000001800F3
:10B8900000180800001C1FFFE00018000018200717
:10B8A000FFF004182004182004182004182004189D
:10B8B000200418200418200418200418200418E07C
:10B8C000041840001800001800000000D6D0000046
:10B8D0000000000000000000000000180000180038
:10B8E0000018000018003FFFFE3018063018063020
:10B8F00018063018063018063FFFFE3018060018EC
:10B9000000001800001800001800001800000000D7
:10B91000000000000000CEC4000000000000000095
:10B9200000003800001C00000600FFFFFF0600308A
:10B930000600300300600300600180C000C1800089
:10B94000E300003600001C0000770003C1E01E0089
:10B950003C60000700000000000000000000000044
:10B96000B2E2000000000000000000000000400003
:10B970000321FF33398333118333019B33C19B335D
:10B98000719B33199B33019B33019B33119B3319FB
:10B99000B333303033306C0330C6036383032E017E
:10B9A000BE000000000000000000CAD4000000003B
:10B9B00000000000000000004000D83000CE180059
:10B9C000C21C00C001FFFF0000C0F800C01800C08A
:10B9D00019FFC01818401818601918601B18611E4C
:10B9E00018311C1FB139F01910000F0000000000C1
:10B9F00000000000D7D60000000000060000000391
:10BA000000000000C0000001C0C0000107C000012C
:10BA1000FF00021FFE0007F01C0007C070000F00AF
:10BA2000E0000E03F0001C0FF0003C0F70003C0023
:10BA3000E0001800C0000000C0000000C0000000CE
:10BA4000600000002000000037000001FF00007FC0
:10BA5000F80007F830001F8030000080300000C080
:10BA60003000006060000018E000000FC000000619
:10BA7000000000000000CCE5000000000000000015
:10BA8000000000C0000000E0002001B800703FF896
:10BA90000061FFC000C3030001C60600038C06005E
:10BAA00003080C0006080C000E18183F1E101BF3AC
:10BAB0001F903F0700803C1C0190707C019060FE4D
:10BAC00001A0C3F801A00FD803A008180360001854
:10BAD0000340001803C0001803800018030000187A
:10BAE00000000018000000100000003000000030CE
:10BAF0000000000000000000B2E2000000000000B2
:10BB000000000000000000000000020C1008071FE9
:10BB1000F80403BFF00201BC300303EC3003015C06
:10BB2000600300D8600300D860038098620361B8A6
:10BB3000430771B14306313243063376C3063A6494
:10BB4000C7063EECC0063E78C0063C3040067C701E
:10BB5000000678E060067BFFF006F7C00006E40010
:10BB6000000640000006000000060000007C000007
:10BB70008FF000007C0000000000CAD4000000002C
:10BB8000000000000000000000003F0000007F8077
:10BB900000000180000000C0000000C0000000CED6
:10BBA000038000CFFFC000DD41800FFE0007FFFCD7
:10BBB000000C00F000180FC03E19FF40F311BC60EC
:10BBC00083307FE003B1FE20033380200370003018
:10BBD000036000100360001807C0000C07C00004D9
:10BBE00007800002010000030000000100000000C7
:10BBF000000000000000000000000000C7B60000C8
:10BC00000000000000000000000000000000000034
:10BC1000000000000000000000010000000001F032
:10BC200000000000F000000000E00C000800E00F41
:10BC3000000700E00E000700E01C000300FFF80012
:10BC400007FFE030000FE0008000060000E0000089
:10BC50001E00E000001E01C000000C0183001C0C4F
:10BC6000039F001C0DC7E1000DFFC60303FE0C0976
:10BC70000207FC0C11C0000C0C01C0000FEC01808D
:10BC8000000FCC01E0000C0C03B0000C0C071C00F2
:10BC90000C1C0E0F000FFC1807001FFC7001001C8D
:10BCA00019800000081800000000000000000000DB
:10BCB0000000000000000000000000000000000084
:10BCC000000000000000C8EB0000000000000000C1
:10BCD0000000000000000000000000000000000064
:10BCE0000000000000000000000000000000000054
:10BCF0000000000000000078000000001F000000AD
:10BD000000038000000001C000000000E00000000F
:10BD100000F000000001F800000003DC0000000358
:10BD20008C000000070E0000000F070000001E033B
:10BD30008000003C01C000007800E00000F00078C6
:10BD40000001E0007C000380003E000700001F00AF
:10BD50001C00000F007800000700C0000003030073
:10BD600000000000000000000000000000000000D3
:10BD700000000000000000000000000000000000C3
:10BD800000000000000000000000000000000000B3
:10BD9000CABD00000000000000000000000000001C
:10BDA0000000000000000000000000000001E000B2
:10BDB000000000F83C000000781F00000038070079
:10BDC00000003801000000380000000018000000EA
:10BDD0000018000000001FF8000000FFC000001F56
:10BDE000FC00000FFF0E000000000600000000072E
:10BDF000000000000300000001838000001FC180DC
:10BE00000003FE01C000019C00E000001C00600077
:10BE1000001C00700000183C3800001FC01C00000F
:10BE2000FE000E00FFE00007007F00000300180086
:10BE30000001000000000000000000000000000001
:10BE400000000000000000000000000000000000F2
:10BE500000000000000000000000CFB5000000005E
:10BE600000000000000000000000000000000000D2
:10BE7000000000000000000001C000000007F0000A
:10BE800000003FF8000007FC000000FE600000001A
:10BE9000007800000000F000000001C07000000702
:10BEA00000F800001C01F80000F007C00001FFFED0
:10BEB000000000E07800000001E04000000780780A
:10BEC00000001C003E0000F0003F000FC1FFC70053
:10BED0000FFE700300070038000000003000000172
:10BEE000003078000300301F000700300F001F00F3
:10BEF0003003003E003001003C003000000007F03D
:10BF000000000001F000000000F0000000006000F0
:10BF10000000000000000000000000000000000021
:10BF200000000000CDB30000000000000000000091
:10BF30000000000000000000000000000000000001
:10BF40000000000000000001C000020001F8000332
:10BF5000C000780003C00038000380000000070024
:10BF60000000000600000F000C0E01FF00181E3F2D
:10BF7000C000301C01C000E038038401FFE0070767
:10BF800001C0C00C0300018038FD000700FF100055
:10BF90000E7C6018003FC00618007E000E1800706E
:10BFA000000C100000061C1000003838100003E0E0
:10BFB0007010001F80E01003FC03801801F00700E0
:10BFC0001800001C000C000060000F0000000003BF
:10BFD0000000000000000000000000000000000061
:10BFE0000000000000000000000000000000C7B6D4
:10BFF0000000000000000000000000000000000041
:10C0000000000003E000000000000003E00000006A
:10C0100000000003E000000000000003E00000005A
:10C02000007C0003E0001E00007C0003E0001E0016
:10C03000007C0003E0001E00007C0003E0001E0006
:10C04000007C0003E0001E00007C0003E0001E00F6
:10C05000007C0003E0001E00007FFFFFFFFFFE00EA
:10C06000007FFFFFFFFFFE00007FFFFFFFFFFE00DE
:10C07000007FFFFFFFFFFE00000000000000000047
:10C0800000000000008000000000000000F0000040
:10C09000000000F800FC0000007C00F800F8000040
:10C0A000007C00F801F80000007C00F801F00000BE
:10C0B000007C00F801F00000007C00F803E00000C4
:10C0C000007C00F803FFFFF0007C00F807FFFFF0A2
:10C0D0003FFFFFFF87FFFFE03FFFFFFF8FFFFFE016
:10C0E0003FFFFFFF8F8003E03FFFFFFF9F0003C084
:10C0F000007C00F83F0007C0007C00F83E0007808D
:10C10000007C00F87E000F80007C00F87C1E03801D
:10C11000007C00F8181F0000007C00F8081F0000D9
:10C12000007C00F8001F0000007FFFF8001F0000E7
:10C13000007FFFF8003F0000007FFFF8003F000095
:10C14000007FFFF8003F0000007C00F8003F000087
:10C15000007C00F8003F8000007C00F8007F800039
:10C16000007C00F8007BC000007C00F800FBC000F1
:10C17000007C00F800FBE000007C00F801F1F0001A
:10C18000007FFFF801F0F800007FFFF803E0FC00FB
:10C19000007FFFF807E07E00007FFFF80FC07F0000
:10C1A000007C00F81F803F80007C00F83F801FC0AB
:10C1B000007C00F87F000FF0007C00F9FE0007F81B
:10C1C000007C00F9FC0003F0007C0000780001E036
:10C1D000007C0000300000C00000000000000000F3
:10C1E000000000000000000000000000000000004F
:10C1F000C8EB00000000000000000000000000008C
:10C20000000000000000000000000000000000002E
:10C210000000000006000000000000000F00000009
:10C22000000000001F800000000000003FC0000070
:10C23000000000003FF00000000000000FF80000C8
:10C240000000000003FC00000000000001FE0000F0
:10C250000000000000FF000000000000007F000060
:10C2600000000000003F800000000000001FC00030
:10C2700000000000000FC00000000000000FE00000
:10C28000000000000007E000000000000003F000D4
:10C29000000000000007F800000000000007F800A0
:10C2A000000000000007F80000000000000FFC0084
:10C2B00000000000000FFC0000000000001F7E00D6
:10C2C00000000000001F3E0000000000003F3F0093
:10C2D00000000000003E3F0000000000007E1F80C4
:10C2E00000000000007C1F800000000000FC0F80A8
:10C2F0000000000000F80FC00000000001F80FC0AF
:10C300000000000003F007E00000000003F007E079
:10C310000000000007E003F0000000000FE003F061
:10C32000000000000FC001F8000000001FC001FC69
:10C33000000000003F8000FC000000003F0000FE05
:10C34000000000007F00007F00000000FE00007F72
:10C3500080000001FC00003FC0000003F800001F47
:10C36000E0000007F800001FF000000FF000000FD1
:10C37000F800001FE0000007FE00003FC0000003BF
:10C38000FF00007F80000001FFC001FF00000000EF
:10C39000FFE003FE000000007FF80FFC000000003B
:10C3A0003FF03FF8000000001FE01FF00000000019
:10C3B0000FC00FE00000000007C007C00000000031
:10C3C0000180030000000000008000000000000069
:10C3D000000000000000000000000000000000005D
:10C3E000000000000000000000000000000000004D
:10C3F0000000CABD000000000000000000000000B6
:10C40000000000000000000000000000000000002C
:10C41000FE00000000000000FE0000000000000020
:10C42000FE07000000000000FC0F8000000000007C
:10C430007C1FC000000000007C0FE0000000000036
:10C440007C07F000000000007C03F8000000000002
:10C450007C03F800000000007C01F80000000000F0
:10C460007C00E000000000007C00400000000000B4
:10C470007C0000001FFFFFFFFFFFFFC01FFFFFFF4B
:10C48000FFFFFFC01FFFFFFFFFFFFFC01FFFFFFFFA
:10C49000FFFFFFC01FFFFFFFFFFFFFC00000000006
:10C4A0003E000000000000003E0000000000000010
:10C4B0003E000000000000003E0000000000000000
:10C4C0003E000000000000003F00000000000000EF
:10C4D0001F000000000000001F00000001FFFFFF20
:10C4E0001F00000001FFFFFF1F00000001FFFFFF12
:10C4F0001F80000001FFFFFF0F80000001FFFFFF12
:10C500000F80000000007C000F80000000007C0015
:10C510000FC0000000007C0007C0000000007C008D
:10C5200007C0000000007C0007E0000000007C0065
:10C5300003E0000000007C0003E0000000007C003D
:10C5400003F0000000007C0001F0000000007C000F
:10C5500001F8000000007C0001F8000000007C00F1
:10C5600000FC000000007C0040FC018000007C0713
:10C57000C07E01E000007C7FC07E01F800007FFFEC
:10C58000C03F01F800007FFFC03F81F8000FFFFCB3
:10C59000001FC1F801FFFFC0000FE1F807FFFC001A
:10C5A000000FF3F807FFE0000007FFF003FF0000B3
:10C5B0000003FFF003F800000001FFF003C00000DB
:10C5C0000000FFE00100000000007FE0000000002C
:10C5D00000001FC00000000000000000000000007C
:10C5E000000000000000000000000000000000004B
:10C5F00000000000CFB500000000000000000000B7
:10C60000000000000000000000000000000000002A
:10C61000000000001800000000000003FC00000003
:10C620000000007FFE0000000000FFFFFF0001FF90
:10C63000FFFFFFFFFF8000FFFFFFFFFFF00000FF95
:10C64000FFFFFF800000007FFFFE00000000007F72
:10C65000001F000000000000001FC00000000000DC
:10C66000003FC00000000000007F0000000000004C
:10C6700000FE000E0000000001F8001F0000000096
:10C6800003F0007FC000000007E000FFC0000000D2
:10C690001FC001FF000000003F8007FC00000001F8
:10C6A000FE000FF000000007FFFFFFC000000007C2
:10C6B000FFFFFF8000000007FFFFFE0000000003F7
:10C6C000FFFFF80000000003C00FF00200000000B0
:10C6D000001FC00700000000007F001F8000000056
:10C6E00001FE001FE000000003F80007F00000005A
:10C6F0000FF00003F80000003FC00001FC00000143
:10C70000FF000000FE00007FFE0007FFFF00007F2B
:10C71000FFFFFFFFFF80003FFFFFFFFFFFE0003F45
:10C72000FFFFFFFFFFF0003FFFFFF00007F80010E2
:10C730000001F00003E000000001F00001C0000073
:10C740000001F000000000000001F0000000000007
:10C75000C001F00300000001E001F00780000003C9
:10C76000F801F00FC0000003FC01F01FF00000070B
:10C77000F001F007F800000FE001F003FC00001FDB
:10C780008001F001FF00003F0001F0007F8000FE0B
:10C790000001F0003FC001FC0001F0001FE003F8C1
:10C7A0000001F0000FF00FF00001F00007E007E0DB
:10C7B00001FFF00003C003C000FFF0000180018012
:10C7C00000FFF00000000000007FE000000000001B
:10C7D000007F8000000000000070000000000000EA
:10C7E0000000000000000000000000000000000049
:10C7F000000000000000CDB30000000000000000B9
:10C800000000000000000000000000000000000028
:10C810000000000001C000000000000007C0000090
:10C82000000E000007E00000000FC00003F0000051
:10C83000000FC00003F00000001F800001F800009E
:10C84000001F800001F00000001F000000C0000079
:10C85000003F000001000000003E007FFFFFFFF0EE
:10C86000007C007FFFFFFFF0007C007FFFFFFFF0F8
:10C8700000F8007FFFFFFFF000F81C00040000003C
:10C8800001F01F000F00000001E03F800FC000001A
:10C8900003E03F001FC0000007C07F001F800000B2
:10C8A0000FC07E003F0000001FFFFC003E000000A4
:10C8B0003FFFF8007C0060001FFFF800FC00F00064
:10C8C0001FFFF000F803F8000FC3F001F001FC00B7
:10C8D0000003E003E000FE000007C007C0007E0088
:10C8E000000FC01FC0003F00000F807F8007FF8047
:10C8F000001F003FFFFFFFC0001F003FFFFFFFC002
:10C90000003E003FFFFFFFE0007C001FFFFF07E04D
:10C91000007C001FFE1F038000F803903E1F0100F3
:10C9200001F1FF003E1F000007FFFF003E1F000057
:10C9300007FFFF003E1F000007FFFF003E1F000033
:10C9400007FFC0003E1F000003E000003C1F000086
:10C95000020000003C1F0000000000007C1F0000DF
:10C96000000000007C1F0000000000007C1F000091
:10C9700000000180F81F000000000F80F81F000079
:10C9800000007F81F81F0080000FFF81F01F00C0B2
:10C9900001FFFFC3F01F00F81FFFFC07E01F00F8B6
:10C9A0000FFFC00FE01F01F80FFE001FC01F01F8AE
:10C9B00007E0003F800F83F00700007F000FFFF0CB
:10C9C000040000FE000FFFE0000003FC000FFFE08A
:10C9D000000001F80007FF80000000700000000068
:10C9E0000000002000000000000000000000000027
:10C9F0000000000000000000D2BA000000000000AB
:10CA00000000000000000000000000000000000026
:10CA10000000000000000003FFF00000000000071D
:10CA2000FFFC000000000003FFFF00000400000303
:10CA3000FFFF000007000003BFFF000003E000024B
:10CA40001FFF000001FE00007FF0000001FF8001D9
:10CA5000FF00000000FFE00FF80F0000007FF03F34
:10CA6000003F0000003FF80001FF0000001FFC0035
:10CA70001FFF0000007FFE03FFFF000001FFFFFF1C
:10CA8000FFFF0000007F0FFFFFFF0000000007FF17
:10CA9000FFFF0000000007FFFFFC0000000003FF95
:10CAA000FFF80003800000FFFFFE000F0000000001
:10CAB000FF9F001F00000003FE1F001F0000000773
:10CAC000FC1F001FC00001FFF03F000FE00001FF4E
:10CAD000C07F000FF00007FF80FF0007F80009FF8C
:10CAE00001FF0007FC0033FE07FC0001FC0047FECD
:10CAF0001FFF0001FC019FFC1FFF0001FC033FFC26
:10CB00003FFF0003F806FFFE3F1F0003F00FFFFF8B
:10CB1000FE030003F03FFDFFFF030003F07FF8FF7B
:10CB2000FFC70003E0FFE1FFFFFF0003E1DFC1F803
:10CB30007FFF0003E7CF01F007FF0003EF8E01F056
:10CB400007FF0003FF8001F003FF0003FF8003F0F5
:10CB500001EF0007FF8003F000030007FF0003F070
:10CB600000010007FF0003F000000003FE0003F0D7
:10CB700000000001FE0003F000000000FC0003F0D4
:10CB8000000000007C0001F000000000180000F030
:10CB900000000000000000F0000000000000007035
:10CBA0000000000000000010000000000000000075
:10CBB0000000000000000000000000000000000075
:10CBC0000000000000000000000000000000000065
:10CBD0000000000000000000000000000000000055
:10CBE0000000000000000000000000000000000045
:10CBF00000000000000000000000BEA700000000D0
:10CC00000000000000000000000000000000000024
:10CC10000000000000000000000000000000000014
:10CC2000000007FF000000000000FFFF0000000000
:10CC30000007FFFF00000000203FFFFF0000000092
:10CC40007C7FFF0F000000007FFFE00F000000006E
:10CC50003FC0000F000000001FC0000F00000000D8
:10CC60001FE0000F000000000FE3FF8F0000000036
:10CC70000FFFFFCF000000000FFFFFCF00000000FC
:10CC80000FFFFFDF000000000FFFF81F0000000093
:10CC90000FFC001F000000000FF0001F000000004C
:10CCA0000FF0001F000000000FF3FF3F0000000026
:10CCB0000FFFFFFF0000000007FFFFFF0000000064
:10CCC00007FFFFFF0000000003FFF07F00000000EF
:10CCD00001FC003F000000000000003F00000000D9
:10CCE00001F8001F000000000FFF0F1F00000000F0
:10CCF0007FFF87FF00000383FFFF81FF0000078F96
:10CD0000FFFFC1F000000F9FFC7FC1F0000007F0A3
:10CD1000007F81F0000007F8007F81F0000003F839
:10CD20001E7F81FF000003FFFF7F81FF000001FFE6
:10CD3000FF7F83FF000001FFFE7F83F8000000FFFC
:10CD4000C0FF83F0000000FE00FF83F0000000FE43
:10CD500000FF83F0000000FE00FF83F0000000FEF3
:10CD60007FFF83FF000000FFFFFF81FF0000007FC7
:10CD7000FFFF00FF0000007FF9FF00780000003F88
:10CD800080FE00200000001C007C00000000000C61
:10CD9000003800000000000000100000000000004B
:10CDA0000000000000000000000000000000000083
:10CDB0000000000000000000000000000000000073
:10CDC0000000000000000000000000000000000063
:10CDD0000000000000000000000000000000000053
:10CDE0000000000000000000000000000000000043
:10CDF000000000000000000000000000C6C10000AC
:10CE0000000000000000000000000000000F000013
:10CE10000000000000FF0000000000001FFF0000F5
:10CE200000000007FFFF0000000000FFFFFF000000
:10CE30000000003FFFFF00000000000FFFF90000AE
:10CE4000000033E3FFE1000000003FF87F0700002F
:10CE500000000FF8000F0000000007F8003F00007E
:10CE600000000FF01FFF000000001FE7FFFF0000A1
:10CE700000001FFFFFFF000000003FFFFFFE00005B
:10CE800000007FFFFE0000000000FFFFC000000068
:10CE90000000FFF8007F00000001FC20038000007C
:10CEA0000003F87C7C0100000003F87FF807000015
:10CEB0000007F07FF01F0000000FE03FC07F000080
:10CEC000000FC01F83FF0000001F80077FFF0000CE
:10CED000003F0007FFFF0000007F00FFFFFF000092
:10CEE000007E0FFFFFFF000000FC03FFFFF70000C4
:10CEF00001F8003FFE03000003F8003FE0010000DE
:10CF000003F0003F807F000007E0003F0FFF0000BC
:10CF10000FC0007FFFFF00001FC001FFFFFF0000E8
:10CF20003F801FFFFFC300007F00FFFFF0030000F2
:10CF3000FE67FFFF00030001FCFFFFFE000300038C
:10CF4000FCFFFFFF00030007F87FFC7F0003000FDA
:10CF5000F000007F0003001FE00000FF0003003F1F
:10CF6000800000FF000300FF000001FE000301FE3F
:10CF7000000003FE000303F8000007FC00030FE0BD
:10CF8000000007F800031F00000003F00003380052
:10CF9000000003E00001000000000080000100002C
:10CFA000000000000001000000000000000100007F
:10CFB000000000000001000000000000000100006F
:10CFC0000000000000000000000000000000000061
:10CFD0000000000000000000000000000000000051
:10CFE0000000000000000000000000000000000041
:10CFF0000000000000000000000000000000FFFF33
:10D00000FFFFFFFFFFFFFFFFFFFFFFFFFFFFFFFF30
:10D01000FFFFFFFFFFFFFFFFFFFFFFFFBEF7FFFF69
:10D02000DEFF38C6928C8E6B6E6B107C96AD3CE743
:10D03000FFFFFFFFFFFFFFFFFFFFFFFFFFFFFFFF00
:10D04000FFFFFFFFFFFFFFFFFFFFFFFFFFFFFFFFF0
:10D05000FFFFFFFFFFFFFFFFFFFFFFFFFFFFFFFFE0
:10D06000FFFFFFFFFFFFFFFFFFFFFFFF5DEF159DCE
:10D070004F636C420A328829461925194521E83147
:10D080008E6B38C6FFFFFFFFFFFFFFFFFFFFFFFFB5
:10D09000FFFFFFFFFFFFFFFFFFFFFFFFFFFFFFFFA0
:10D0A000FFFFFFFFFFFFFFFFFFFFFFFFFFFFFFFF90
:10D0B000FFFFFFFFFFFFFFFFFFFF36A51053104BE1
:10D0C00051530F4B6C3AE93167212519E410A3083D
:10D0D00062008308CB529AD6FFFFFFFFFFFFFFFFDE
:10D0E000FFFFFFFFFFFFFFFFFFFFFFFFFFFFFFFF50
:10D0F000FFFFFFFFFFFFFFFFFFFFFFFFFFFFFFFF40
:10D10000FFFFFFFFFFFF3CE77063B363B87CF5638D
:10D1100011434D32EA2988212619051905190411F0
:10D120000411E4108300A308728CFFFFFFFFFFFFD0
:10D13000FFFFFFFFFFFFFFFFFFFFFFFFFFFFFFFFFF
:10D14000FFFFFFFFFFFFFFFFFFFFFFFFFFFFFFFFEF
:10D15000FFFFFFFFDBDE4B3AF042356C544BB13240
:10D160002E2AEB21A92167190519041104110411B4
:10D17000041104110519E4104200AF73FFFFFFFF13
:10D18000FFFFFFFFFFFFFFFFFFFFFFFFFFFFFFFFAF
:10D19000FFFFFFFFFFFFFFFFFFFFFFFFFFFFFFFF9F
:10D1A000FFFF5DEF09324C32104B8F324F2A2E2A8F
:10D1B000CC19891989214719051904110411C410C2
:10D1C000C410041104110411E41042003184FFFF63
:10D1D000FFFFFFFFFFFFFFFFFFFFFFFFFFFFFFFF5F
:10D1E000FFFFFFFFFFFFFFFFFFFFFFFFFFFFFFFF4F
:10D1F000FFFFEC5247194C320B2AEC21EC210C2298
:10D20000915BEE4A061126190419E410E410A729CF
:10D210006621A308051904110411E4108200F7BD6A
:10D22000FFFFFFFFFFFFFFFFFFFFFFFFFFFFFFFF0E
:10D23000FFFFFFFFFFFFFFFFFFFFFFFFFFFFFFFFFE
:10D2400035A58308882188218921AA218A216B425A
:10D25000718CFFFF728C83080411C4082942FBDE25
:10D260005DEFEC5A83080411041104118308E831BE
:10D27000DFFFFFFFFFFFFFFFFFFFFFFFFFFFFFFFDE
:10D28000FFFFFFFFFFFFFFFFFFFFFFFFFFFFBEF7F7
:10D29000C731C4102519261947194719A8298A52D8
:10D2A000284A55ADFFFFE831A30805194D6B4D6BBA
:10D2B000FFFF7DEF4521C410041104110411620029
:10D2C00076ADFFFFFFFFFFFFFFFFFFFFFFFFFFFF49
:10D2D000FFFFFFFFFFFFFFFFFFFFFFFFFFFF96B511
:10D2E00062000411041905110519C4088B4AB6B56A
:10D2F0005DEFF7BDFFFF8E6B62002942AA5A08421C
:10D30000FFFFFFFFCC528308041104110411A3088E
:10D31000AD52FFFFFFFFFFFFFFFFFFFFFFFFFFFF1C
:10D32000FFFFFFFF1CE7FFFFFFFFFFFFFFFF4E6355
:10D330006200041104110411E41062008E63FFFF07
:10D34000FFFFFFFFFFFFCF730100F39C2C6396B537
:10D35000FFFFFFFF2D5B8300041104110411E41093
:10D3600067213DEFFFFFFFFFFFFFFFFFFFFFF8BD5E
:10D37000B7B59EEFCB52B394FFFFFFFFDFFFE8315D
:10D38000A3080411041104110411A3084942FFF772
:10D39000FFF7FFFFFFFF6A4A01007284FFFFFFFFF4
:10D3A000FFF7DFEF093AA308041104110411041177
:10D3B000051118BEFFFFFFFFFFFFFFFFFFFFF07B20
:10D3C0006200E831C731410035A5FFFF5DEF46211E
:10D3D000C4100411041104110411E410A308769D73
:10D3E000FFF7FFFFB7ADA308A308C7319EE7FFF71C
:10D3F000FFF776A5A308E410041104110411051128
:10D40000051135A5FFFFFFFFFFFFFFFFFFFFDBDE7D
:10D41000A7298300C410C410C4101CE79EEF051197
:10D42000E41004110411041104110419C408E510D6
:10D43000D16BD16BC5086400A50843002B32779DE2
:10D44000B3842519C4100411041104110411251901
:10D450002609359DFFFFFFFFFFFFFFFFFFFFFFFFD7
:10D46000AF7362000419051982000D5B8E9B621078
:10D470000511041104110419E41085000511C439C3
:10D48000815A407B229C43AC03A4839B82728249D5
:10D49000C218A400C500E4100419041105194719A5
:10D4A0006711EC5ABEFFFFFFFFFFFFFFFFFFDFFF2B
:10D4B000DBDEC410E41004110511A41801C0838838
:10D4C000E40005190419C5084421438323D542FE0D
:10D4D000E4FE27FF07FFA4FE64FE03FEA3FDE2FCBB
:10D4E00042EC83B32462E510C40804192619A81974
:10D4F00087210090D3BCFFFFFFFFFFFFFFFFDFFF8F
:10D50000FFFF107C420005190511832801D044F863
:10D51000A348E400C508445A02EDE2FD02FE66FE9F
:10D5200074FFB8FF73FFE7F6A6F645F6A4F5C3FC53
:10D5300062FCC2FCC2FCE3CBC44906118819870116
:10D54000A49001F8EC9AFFFFFFFFFFFFFFFFFFFF32
:10D55000FFFFBEF7E83183000509824001C023F8D0
:10D5600085F0A348A400445A02FD23CCC2DC04FE8B
:10D5700028FE48F646F624F6E4F564FDE3FC62FC7A
:10D58000C2FC02E402DCE2FCA47A48016701C47830
:10D5900024F802F884B07DE7FFFFFFFFFFFFFFFFE5
:10D5A000FFFFFFFFDBDE2519A300C43802E022D80D
:10D5B00044F8A6F8A4786300432183728339829BE0
:10D5C00021F561FD22FDE2FCA2FC42FC42FC42FC92
:10D5D00022AB8341C392045226012519A49844F832
:10D5E00023F802F8A4D09EEFFFFFFFFFFFFFFFFF2D
:10D5F000FFFFFFFFFFFF9AD68729A50043B822F857
:10D6000023E065F8E8F807C983484200A3008400D6
:10D610006329A27A62B3A2CB62D302BB828A833926
:10D62000A400E500E500E508C46064D844F824F8E7
:10D6300023F802F88388DBC6FFFFFFFFFFFFFFFF31
:10D64000FFFFFFFFFFFFFFFF3DE7505B083123E8CF
:10D6500043F844F065F809F9ABF989D10689A34884
:10D6600042180200420061008200620062008300F2
:10D67000A320C450A58885D865F844F844F823F859
:10D6800023F803D08210C7295DEFFFFFFFFFFFFFE4
:10D69000FFFFFFFFFFFFFFFFFFFFFFFF6C32A5381B
:10D6A00002D823F865F866F8A7F84AF90CFA4DFA9B
:10D6B0004CEA0BD2A9B968B147A927B107B907D17C
:10D6C000E7E8C7F8A7F865F865F844F823F803F821
:10D6D00002D0A3280509C408EC5AFFFFFFFFFFFF93
:10D6E000FFFFFFFFFFFFFFFFFFFFFBDE0519C40089
:10D6F000A741E6C003F886F8A7F887F886F8C7F8C8
:10D7000029F98AF9ABF9ABF98BF96AF929F908F922
:10D71000C7F8A6F886F865F864F823F802F006B1B1
:10D720002529E400E41025192519149DFFFFFFFFAA
:10D73000FFFFFFFFFFFFFFFFFFFF96AD62008208C4
:10D740003595BACE8BA244D025F887F8A7F8C7F84C
:10D75000A7F887F886F886F886F887F8A7F8A7F874
:10D76000A6F885F865F864F824F064B80D93BBB6A4
:10D77000CF6383080411E4106621493A5DEFFFFF8F
:10D78000FFFFFFFFFFFFFFFFFFFFD3944200E41006
:10D79000BBCEFFFFBEE776B5CCAA07C145E045F892
:10D7A00046F866F886F886F886F886F865F845F84B
:10D7B00065F865E844D043A8018882903CD7FFEF24
:10D7C000559583080411041105194619B394FFFFF8
:10D7D000FFFFFFFFFFFFFFFFFFFFB3944100862124
:10D7E0005DDFFFFFFFFFFFFFDFE77AC6D3B44EB375
:10D7F0002AC268D1E6E0A6E8A5E8A5E8E6D888C987
:10D8000006A922A802A800A000C800D8F7E5FFE7F3
:10D81000F8ADC410E4100411E41005118B4AFFFFA9
:10D82000FFFFFFFFFFFFFFFFFFFF55A54100A729F7
:10D830005DDFFFF7FFFFFFFFFFFFFFFFFFFFFFEFD2
:10D840007DDFDBCE59CEF8CDD7CDF7C579CEFBBE87
:10D85000ABA203F045F842D043E800F072D4FFDFFA
:10D8600039AEE410E4100411E41005118729FFFF1C
:10D87000FFFFFFFFFFFFFFFFFFFF59CE8308462199
:10D880001CD7FFF7FFFFFFFFFFFFFFFFFFFFFFFFBB
:10D89000FFFFFFFFFFFFFFFFFFFFFFFFFFFFFFEFA8
:10D8A0008BBA04F845F862E044F000F88EDBFFDF45
:10D8B000F8A5C410E410E4100411E4102519FFFFCA
:10D8C000FFFFFFFFFFFFFFFFFFFFBEF78729830872
:10D8D00039B6FFF7DFF7FFFFFFFFFFFFFFFFFFFF97
:10D8E000FFFFFFFFFFFFFFFFFFFFFFFFFFFFBEE7A1
:10D8F0004ABA03F845F864F844F800F86EE3FFD735
:10D90000F48C83080411E410E410E4100519FFFFFF
:10D91000FFFFFFFFFFFFFFFFFFFFFFFFEF730000B1
:10D920007284FFEFBEEFDFFFFFFFFFFFFFFFFFFF90
:10D93000FFFFFFFFFFFFFFFFFFFFFFFFFFFFDFE72F
:10D940008BBA03F845F845F823F800F8D3D4FFD78D
:10D950004E5B2100293A55A58308C4102519FFFF05
:10D96000FFFFFFFFFFFFFFFFFFFFFFFFFBDEA3083F
:10D97000E8319EDF9EE7BFEFFFFFFFFFFFFFFFFFE6
:10D98000FFFFFFFFFFFFFFFFFFFFFFFFFFFFFFF7AF
:10D9900051BC02E003F803F043E0ECC27ECFFCBED2
:10D9A00046212100D394FFFF518400008729FFFF07
:10D9B000FFFFFFFFFFFFFFFFFFFFFFFFFFFF5184A0
:10D9C0000000F48CFFEF9EE7BFEFDFFFFFFFFFFFDC
:10D9D000FFFFFFFFFFFFFFFFFFFFFFFFFFFFFFFF57
:10D9E0003DDF55BD52BC72BCB7B55DC7FFDFF06B04
:10D9F0000000093ABFF7FFFFFFFF149D55A5FFFF89
:10DA0000FFFFFFFFFFFFFFFFFFFFFFFFFFFFFFFF26
:10DA1000AC4AA408BBBEDFE77EE7BEEFDFF7DFFF5F
:10DA2000FFFFFFFFFFFFFFFFFFFFFFFFFFFFDFFF26
:10DA3000DFF7FFEFDFDFBFD79ED7DFDFD8A5830893
:10DA40002611DBD6FFFFFFFFFFFFFFFFFFFFFFFFFA
:10DA5000FFFFFFFFFFFFFFFFFFFFFFFFFFFF79EE6D
:10DA60008BDC2131A9213DCFBFDF7EDF9EE7BEEFFA
:10DA7000BFEFDFF7DFF7DFF7DFF7DFF7BFEFBEEF6F
:10DA80009EE77EDF5ED75ED7DFDF9AB626194208B3
:10DA9000EDA3BFFFFFFFFFFFFFFFFFFFFFFFFFFF44
:10DAA000FFFFFFFFFFFFFFFFFFFFFFFF74DDC0DB96
:10DAB00000FE42EE024289217BB6DFDF7ED77EDFA9
:10DAC0007EDF9EE79EE79EE79EE79EE77EDF7EDFA6
:10DAD0005DD75DD79EDFFFE7F8A50711E31802C504
:10DAE00060FDE6D3DBEEFFFFFFFFFFFFFFFFFFFF61
:10DAF000FFFFFFFFFFFFFFFFFFFF9EF784BAC1FCA0
:10DB000042FE82FEA2FE8183452174745EC7DFDF80
:10DB10007ED75ED75DD75ED75ED75DD75DD75ED740
:10DB20009EDFFFE73DC7F1638408425226E629FFE6
:10DB300086FEE0F36AC3FFFFFFFFFFFFFFFFFFFF6B
:10DB4000FFFFFFFFFFFFFFFFFFFF18DEC1D2A2FDB7
:10DB500022FE42FE42FE62FEE2D4416A4942537412
:10DB60003BA63EC7BFD7BFD7BFD7BFDFBFD73EC7D4
:10DB70001AA6F263A729824122B462FE83FEAAFE9E
:10DB80000FFF67FD63BA3CEFFFFFFFFFFFFFFFFFE3
:10DB9000FFFFFFFFFFFFFFFFFFFF9AE680D221FD9F
:10DBA000C2FDE2F5C2F582F582FD62FD61DC219BDA
:10DBB000846AE96A2C63AF6311746E632C63895ABB
:10DBC0000452817AC2CBE2FC62FD82FDC2FDC2FD3D
:10DBD000E4FD24FD62CA1CE7FFFFFFFFFFFFFFFF1C
:10DBE000FFFFFFFFFFFFFFFFFFFFFFFFB1CC81D271
:10DBF000C0F3C1FC02FD02FDE2FCC2FCC2FC81FCE0
:10DC000080FBC0C9A48135AD59CE719C218100DA59
:10DC1000A1FB82FCA2FC82FCA2FC02FD22FDE2FC34
:10DC200000FC60DA90CCFFFFFFFFFFFFFFFFFFFF6C
:10DC3000FFFFFFFFFFFFFFFFFFFFFFFFFFFF59DEBB
:10DC40000DC406CBE4D203DB03DBE3DAC3D2A4C208
:10DC500009B3D2BC9EF7FFFFFFFFFFFFFBE60EB448
:10DC6000A6BA83D2E3E202EB22EB22E303DBE4D2A7
:10DC70006AC3B6D5FFFFFFFFFFFFFFFFFFFF0000F6
:10DC8000A0DC03080000002030000000BC190008E0
:10DC9000D0DC03083000002090040000CC190008FC
:10DCA00014740040000000004800000000A24A0474
:10DCB000000000000000000001020304060708093C
:10DCC0000000FFFF1FF8E0FF00F8E0071F00000062
:04000005080001519D
:00000001FF
